Store ID,Store Name,Status,City,State,ZipCode,Station Code,Geocodes,Address Id,Activation Date,Day of Week,Supply Window,SW Max Cap,SW Coverage,SW Status,SW Preferred Capacity,SW Relaxed Coverage,SW Preferred Values Status
3207812612,طلعت المصري,Store Active,alexandria,Al Iskandar?yah,0,DEX5,"31.209625079435764,29.941271962379965",EFENURDYAAIC2QBPVZXIG12LN9WTSORSDA2CDSROSTW9NLDPXTQ2EIA2OXSHQMYV,29 Jun 2026 09:06:40 GMT,MONDAY,SW1,35,450,ENABLED,35,450,DISABLED
3207812612,طلعت المصري,Store Active,alexandria,Al Iskandar?yah,0,DEX5,"31.209625079435764,29.941271962379965",EFENURDYAAIC2QBPVZXIG12LN9WTSORSDA2CDSROSTW9NLDPXTQ2EIA2OXSHQMYV,29 Jun 2026 09:06:40 GMT,MONDAY,SW2,54,450,DISABLED,54,450,DISABLED
3207812612,طلعت المصري,Store Active,alexandria,Al Iskandar?yah,0,DEX5,"31.209625079435764,29.941271962379965",EFENURDYAAIC2QBPVZXIG12LN9WTSORSDA2CDSROSTW9NLDPXTQ2EIA2OXSHQMYV,29 Jun 2026 09:06:40 GMT,TUESDAY,SW1,35,450,ENABLED,35,450,DISABLED
3207812612,طلعت المصري,Store Active,alexandria,Al Iskandar?yah,0,DEX5,"31.209625079435764,29.941271962379965",EFENURDYAAIC2QBPVZXIG12LN9WTSORSDA2CDSROSTW9NLDPXTQ2EIA2OXSHQMYV,29 Jun 2026 09:06:40 GMT,TUESDAY,SW2,54,450,DISABLED,54,450,DISABLED
3207812612,طلعت المصري,Store Active,alexandria,Al Iskandar?yah,0,DEX5,"31.209625079435764,29.941271962379965",EFENURDYAAIC2QBPVZXIG12LN9WTSORSDA2CDSROSTW9NLDPXTQ2EIA2OXSHQMYV,29 Jun 2026 09:06:40 GMT,WEDNESDAY,SW1,35,450,ENABLED,35,450,DISABLED
3207812612,طلعت المصري,Store Active,alexandria,Al Iskandar?yah,0,DEX5,"31.209625079435764,29.941271962379965",EFENURDYAAIC2QBPVZXIG12LN9WTSORSDA2CDSROSTW9NLDPXTQ2EIA2OXSHQMYV,29 Jun 2026 09:06:40 GMT,WEDNESDAY,SW2,54,450,DISABLED,54,450,DISABLED
3207812612,طلعت المصري,Store Active,alexandria,Al Iskandar?yah,0,DEX5,"31.209625079435764,29.941271962379965",EFENURDYAAIC2QBPVZXIG12LN9WTSORSDA2CDSROSTW9NLDPXTQ2EIA2OXSHQMYV,29 Jun 2026 09:06:40 GMT,THURSDAY,SW1,35,450,ENABLED,35,450,DISABLED
3207812612,طلعت المصري,Store Active,alexandria,Al Iskandar?yah,0,DEX5,"31.209625079435764,29.941271962379965",EFENURDYAAIC2QBPVZXIG12LN9WTSORSDA2CDSROSTW9NLDPXTQ2EIA2OXSHQMYV,29 Jun 2026 09:06:40 GMT,THURSDAY,SW2,54,450,DISABLED,54,450,DISABLED
3207812612,طلعت المصري,Store Active,alexandria,Al Iskandar?yah,0,DEX5,"31.209625079435764,29.941271962379965",EFENURDYAAIC2QBPVZXIG12LN9WTSORSDA2CDSROSTW9NLDPXTQ2EIA2OXSHQMYV,29 Jun 2026 09:06:40 GMT,FRIDAY,SW1,35,450,ENABLED,35,450,DISABLED
3207812612,طلعت المصري,Store Active,alexandria,Al Iskandar?yah,0,DEX5,"31.209625079435764,29.941271962379965",EFENURDYAAIC2QBPVZXIG12LN9WTSORSDA2CDSROSTW9NLDPXTQ2EIA2OXSHQMYV,29 Jun 2026 09:06:40 GMT,FRIDAY,SW2,54,450,DISABLED,54,450,DISABLED
3207812612,طلعت المصري,Store Active,alexandria,Al Iskandar?yah,0,DEX5,"31.209625079435764,29.941271962379965",EFENURDYAAIC2QBPVZXIG12LN9WTSORSDA2CDSROSTW9NLDPXTQ2EIA2OXSHQMYV,29 Jun 2026 09:06:40 GMT,SATURDAY,SW1,35,450,ENABLED,35,450,DISABLED
3207812612,طلعت المصري,Store Active,alexandria,Al Iskandar?yah,0,DEX5,"31.209625079435764,29.941271962379965",EFENURDYAAIC2QBPVZXIG12LN9WTSORSDA2CDSROSTW9NLDPXTQ2EIA2OXSHQMYV,29 Jun 2026 09:06:40 GMT,SATURDAY,SW2,54,450,DISABLED,54,450,DISABLED
3207812612,طلعت المصري,Store Active,alexandria,Al Iskandar?yah,0,DEX5,"31.209625079435764,29.941271962379965",EFENURDYAAIC2QBPVZXIG12LN9WTSORSDA2CDSROSTW9NLDPXTQ2EIA2OXSHQMYV,29 Jun 2026 09:06:40 GMT,SUNDAY,SW1,35,450,ENABLED,35,450,DISABLED
3207812612,طلعت المصري,Store Active,alexandria,Al Iskandar?yah,0,DEX5,"31.209625079435764,29.941271962379965",EFENURDYAAIC2QBPVZXIG12LN9WTSORSDA2CDSROSTW9NLDPXTQ2EIA2OXSHQMYV,29 Jun 2026 09:06:40 GMT,SUNDAY,SW2,54,450,DISABLED,54,450,DISABLED
1281264409,Market alyasamin,Store Active,Alexandria,Al Iskandar?yah,0,DEX5,"31.229157688919685,29.95972629625263",FGARCKL7H52NGSQGZU4QG12LN9WTSORSDA2CDSROSTW9NLDPXTQ2EIA2OX2J7Y5U,8 Sep 2026 13:45:01 GMT,MONDAY,SW1,17,500,ENABLED,15,750,DISABLED
1281264409,Market alyasamin,Store Active,Alexandria,Al Iskandar?yah,0,DEX5,"31.229157688919685,29.95972629625263",FGARCKL7H52NGSQGZU4QG12LN9WTSORSDA2CDSROSTW9NLDPXTQ2EIA2OX2J7Y5U,8 Sep 2026 13:45:01 GMT,MONDAY,SW2,30,4000,DISABLED,1,4000,DISABLED
1281264409,Market alyasamin,Store Active,Alexandria,Al Iskandar?yah,0,DEX5,"31.229157688919685,29.95972629625263",FGARCKL7H52NGSQGZU4QG12LN9WTSORSDA2CDSROSTW9NLDPXTQ2EIA2OX2J7Y5U,8 Sep 2026 13:45:01 GMT,TUESDAY,SW1,17,500,ENABLED,15,750,DISABLED
1281264409,Market alyasamin,Store Active,Alexandria,Al Iskandar?yah,0,DEX5,"31.229157688919685,29.95972629625263",FGARCKL7H52NGSQGZU4QG12LN9WTSORSDA2CDSROSTW9NLDPXTQ2EIA2OX2J7Y5U,8 Sep 2026 13:45:01 GMT,TUESDAY,SW2,30,4000,DISABLED,1,4000,DISABLED
1281264409,Market alyasamin,Store Active,Alexandria,Al Iskandar?yah,0,DEX5,"31.229157688919685,29.95972629625263",FGARCKL7H52NGSQGZU4QG12LN9WTSORSDA2CDSROSTW9NLDPXTQ2EIA2OX2J7Y5U,8 Sep 2026 13:45:01 GMT,WEDNESDAY,SW1,17,500,ENABLED,15,750,DISABLED
1281264409,Market alyasamin,Store Active,Alexandria,Al Iskandar?yah,0,DEX5,"31.229157688919685,29.95972629625263",FGARCKL7H52NGSQGZU4QG12LN9WTSORSDA2CDSROSTW9NLDPXTQ2EIA2OX2J7Y5U,8 Sep 2026 13:45:01 GMT,WEDNESDAY,SW2,30,4000,DISABLED,1,4000,DISABLED
1281264409,Market alyasamin,Store Active,Alexandria,Al Iskandar?yah,0,DEX5,"31.229157688919685,29.95972629625263",FGARCKL7H52NGSQGZU4QG12LN9WTSORSDA2CDSROSTW9NLDPXTQ2EIA2OX2J7Y5U,8 Sep 2026 13:45:01 GMT,THURSDAY,SW1,17,500,ENABLED,15,750,DISABLED
1281264409,Market alyasamin,Store Active,Alexandria,Al Iskandar?yah,0,DEX5,"31.229157688919685,29.95972629625263",FGARCKL7H52NGSQGZU4QG12LN9WTSORSDA2CDSROSTW9NLDPXTQ2EIA2OX2J7Y5U,8 Sep 2026 13:45:01 GMT,THURSDAY,SW2,30,4000,DISABLED,1,4000,DISABLED
1281264409,Market alyasamin,Store Active,Alexandria,Al Iskandar?yah,0,DEX5,"31.229157688919685,29.95972629625263",FGARCKL7H52NGSQGZU4QG12LN9WTSORSDA2CDSROSTW9NLDPXTQ2EIA2OX2J7Y5U,8 Sep 2026 13:45:01 GMT,FRIDAY,SW1,17,2000,ENABLED,1,2000,DISABLED
1281264409,Market alyasamin,Store Active,Alexandria,Al Iskandar?yah,0,DEX5,"31.229157688919685,29.95972629625263",FGARCKL7H52NGSQGZU4QG12LN9WTSORSDA2CDSROSTW9NLDPXTQ2EIA2OX2J7Y5U,8 Sep 2026 13:45:01 GMT,FRIDAY,SW2,30,4000,DISABLED,1,4000,DISABLED
1281264409,Market alyasamin,Store Active,Alexandria,Al Iskandar?yah,0,DEX5,"31.229157688919685,29.95972629625263",FGARCKL7H52NGSQGZU4QG12LN9WTSORSDA2CDSROSTW9NLDPXTQ2EIA2OX2J7Y5U,8 Sep 2026 13:45:01 GMT,SATURDAY,SW1,17,500,ENABLED,15,750,DISABLED
1281264409,Market alyasamin,Store Active,Alexandria,Al Iskandar?yah,0,DEX5,"31.229157688919685,29.95972629625263",FGARCKL7H52NGSQGZU4QG12LN9WTSORSDA2CDSROSTW9NLDPXTQ2EIA2OX2J7Y5U,8 Sep 2026 13:45:01 GMT,SATURDAY,SW2,30,4000,DISABLED,1,4000,DISABLED
1281264409,Market alyasamin,Store Active,Alexandria,Al Iskandar?yah,0,DEX5,"31.229157688919685,29.95972629625263",FGARCKL7H52NGSQGZU4QG12LN9WTSORSDA2CDSROSTW9NLDPXTQ2EIA2OX2J7Y5U,8 Sep 2026 13:45:01 GMT,SUNDAY,SW1,17,500,ENABLED,15,750,DISABLED
1281264409,Market alyasamin,Store Active,Alexandria,Al Iskandar?yah,0,DEX5,"31.229157688919685,29.95972629625263",FGARCKL7H52NGSQGZU4QG12LN9WTSORSDA2CDSROSTW9NLDPXTQ2EIA2OX2J7Y5U,8 Sep 2026 13:45:01 GMT,SUNDAY,SW2,30,4000,DISABLED,1,4000,DISABLED
4126454127,toffy,Store Inactive,Alexandria,Al Iskandar?yah,0,DEX5,"31.21689820755543,29.943878596170514",JBXMX6D5VZOA2LPHQHHMG12LN9WTSORSDA2CDSROSTW9NLDPXTQ2EIA2OXM4JZJZ,NA,MONDAY,SW1,0,450,ENABLED,0,0,DISABLED
4126454127,toffy,Store Inactive,Alexandria,Al Iskandar?yah,0,DEX5,"31.21689820755543,29.943878596170514",JBXMX6D5VZOA2LPHQHHMG12LN9WTSORSDA2CDSROSTW9NLDPXTQ2EIA2OXM4JZJZ,NA,MONDAY,SW2,0,450,DISABLED,0,0,DISABLED
4126454127,toffy,Store Inactive,Alexandria,Al Iskandar?yah,0,DEX5,"31.21689820755543,29.943878596170514",JBXMX6D5VZOA2LPHQHHMG12LN9WTSORSDA2CDSROSTW9NLDPXTQ2EIA2OXM4JZJZ,NA,TUESDAY,SW1,0,450,ENABLED,0,0,DISABLED
4126454127,toffy,Store Inactive,Alexandria,Al Iskandar?yah,0,DEX5,"31.21689820755543,29.943878596170514",JBXMX6D5VZOA2LPHQHHMG12LN9WTSORSDA2CDSROSTW9NLDPXTQ2EIA2OXM4JZJZ,NA,TUESDAY,SW2,0,450,DISABLED,0,0,DISABLED
4126454127,toffy,Store Inactive,Alexandria,Al Iskandar?yah,0,DEX5,"31.21689820755543,29.943878596170514",JBXMX6D5VZOA2LPHQHHMG12LN9WTSORSDA2CDSROSTW9NLDPXTQ2EIA2OXM4JZJZ,NA,WEDNESDAY,SW1,0,450,ENABLED,0,0,DISABLED
4126454127,toffy,Store Inactive,Alexandria,Al Iskandar?yah,0,DEX5,"31.21689820755543,29.943878596170514",JBXMX6D5VZOA2LPHQHHMG12LN9WTSORSDA2CDSROSTW9NLDPXTQ2EIA2OXM4JZJZ,NA,WEDNESDAY,SW2,0,450,DISABLED,0,0,DISABLED
4126454127,toffy,Store Inactive,Alexandria,Al Iskandar?yah,0,DEX5,"31.21689820755543,29.943878596170514",JBXMX6D5VZOA2LPHQHHMG12LN9WTSORSDA2CDSROSTW9NLDPXTQ2EIA2OXM4JZJZ,NA,THURSDAY,SW1,0,450,ENABLED,0,0,DISABLED
4126454127,toffy,Store Inactive,Alexandria,Al Iskandar?yah,0,DEX5,"31.21689820755543,29.943878596170514",JBXMX6D5VZOA2LPHQHHMG12LN9WTSORSDA2CDSROSTW9NLDPXTQ2EIA2OXM4JZJZ,NA,THURSDAY,SW2,0,450,DISABLED,0,0,DISABLED
4126454127,toffy,Store Inactive,Alexandria,Al Iskandar?yah,0,DEX5,"31.21689820755543,29.943878596170514",JBXMX6D5VZOA2LPHQHHMG12LN9WTSORSDA2CDSROSTW9NLDPXTQ2EIA2OXM4JZJZ,NA,FRIDAY,SW1,0,450,ENABLED,0,0,DISABLED
4126454127,toffy,Store Inactive,Alexandria,Al Iskandar?yah,0,DEX5,"31.21689820755543,29.943878596170514",JBXMX6D5VZOA2LPHQHHMG12LN9WTSORSDA2CDSROSTW9NLDPXTQ2EIA2OXM4JZJZ,NA,FRIDAY,SW2,0,450,DISABLED,0,0,DISABLED
4126454127,toffy,Store Inactive,Alexandria,Al Iskandar?yah,0,DEX5,"31.21689820755543,29.943878596170514",JBXMX6D5VZOA2LPHQHHMG12LN9WTSORSDA2CDSROSTW9NLDPXTQ2EIA2OXM4JZJZ,NA,SATURDAY,SW1,0,450,ENABLED,0,0,DISABLED
4126454127,toffy,Store Inactive,Alexandria,Al Iskandar?yah,0,DEX5,"31.21689820755543,29.943878596170514",JBXMX6D5VZOA2LPHQHHMG12LN9WTSORSDA2CDSROSTW9NLDPXTQ2EIA2OXM4JZJZ,NA,SATURDAY,SW2,0,450,DISABLED,0,0,DISABLED
4126454127,toffy,Store Inactive,Alexandria,Al Iskandar?yah,0,DEX5,"31.21689820755543,29.943878596170514",JBXMX6D5VZOA2LPHQHHMG12LN9WTSORSDA2CDSROSTW9NLDPXTQ2EIA2OXM4JZJZ,NA,SUNDAY,SW1,0,450,ENABLED,0,0,DISABLED
4126454127,toffy,Store Inactive,Alexandria,Al Iskandar?yah,0,DEX5,"31.21689820755543,29.943878596170514",JBXMX6D5VZOA2LPHQHHMG12LN9WTSORSDA2CDSROSTW9NLDPXTQ2EIA2OXM4JZJZ,NA,SUNDAY,SW2,0,450,DISABLED,0,0,DISABLED
3999385818,fathat khayr,Store Active,Alexandria,Al Iskandar?yah,0,DEX5,"31.24530316379833,29.97079977744069",XNJ3VPAG7IK3U5IUQAEAG12LN9WTSORSDA2CDSROSTW9NLDPXTQ2EIA2OXT63NSZ,9 Jul 2026 08:21:38 GMT,MONDAY,SW1,25,450,ENABLED,15,450,DISABLED
3999385818,fathat khayr,Store Active,Alexandria,Al Iskandar?yah,0,DEX5,"31.24530316379833,29.97079977744069",XNJ3VPAG7IK3U5IUQAEAG12LN9WTSORSDA2CDSROSTW9NLDPXTQ2EIA2OXT63NSZ,9 Jul 2026 08:21:38 GMT,MONDAY,SW2,25,450,DISABLED,15,450,DISABLED
3999385818,fathat khayr,Store Active,Alexandria,Al Iskandar?yah,0,DEX5,"31.24530316379833,29.97079977744069",XNJ3VPAG7IK3U5IUQAEAG12LN9WTSORSDA2CDSROSTW9NLDPXTQ2EIA2OXT63NSZ,9 Jul 2026 08:21:38 GMT,TUESDAY,SW1,25,450,ENABLED,15,450,DISABLED
3999385818,fathat khayr,Store Active,Alexandria,Al Iskandar?yah,0,DEX5,"31.24530316379833,29.97079977744069",XNJ3VPAG7IK3U5IUQAEAG12LN9WTSORSDA2CDSROSTW9NLDPXTQ2EIA2OXT63NSZ,9 Jul 2026 08:21:38 GMT,TUESDAY,SW2,25,450,DISABLED,15,450,DISABLED
3999385818,fathat khayr,Store Active,Alexandria,Al Iskandar?yah,0,DEX5,"31.24530316379833,29.97079977744069",XNJ3VPAG7IK3U5IUQAEAG12LN9WTSORSDA2CDSROSTW9NLDPXTQ2EIA2OXT63NSZ,9 Jul 2026 08:21:38 GMT,WEDNESDAY,SW1,25,450,ENABLED,15,450,DISABLED
3999385818,fathat khayr,Store Active,Alexandria,Al Iskandar?yah,0,DEX5,"31.24530316379833,29.97079977744069",XNJ3VPAG7IK3U5IUQAEAG12LN9WTSORSDA2CDSROSTW9NLDPXTQ2EIA2OXT63NSZ,9 Jul 2026 08:21:38 GMT,WEDNESDAY,SW2,25,450,DISABLED,15,450,DISABLED
3999385818,fathat khayr,Store Active,Alexandria,Al Iskandar?yah,0,DEX5,"31.24530316379833,29.97079977744069",XNJ3VPAG7IK3U5IUQAEAG12LN9WTSORSDA2CDSROSTW9NLDPXTQ2EIA2OXT63NSZ,9 Jul 2026 08:21:38 GMT,THURSDAY,SW1,25,450,ENABLED,15,450,DISABLED
3999385818,fathat khayr,Store Active,Alexandria,Al Iskandar?yah,0,DEX5,"31.24530316379833,29.97079977744069",XNJ3VPAG7IK3U5IUQAEAG12LN9WTSORSDA2CDSROSTW9NLDPXTQ2EIA2OXT63NSZ,9 Jul 2026 08:21:38 GMT,THURSDAY,SW2,25,450,DISABLED,15,450,DISABLED
3999385818,fathat khayr,Store Active,Alexandria,Al Iskandar?yah,0,DEX5,"31.24530316379833,29.97079977744069",XNJ3VPAG7IK3U5IUQAEAG12LN9WTSORSDA2CDSROSTW9NLDPXTQ2EIA2OXT63NSZ,9 Jul 2026 08:21:38 GMT,FRIDAY,SW1,25,450,ENABLED,15,450,DISABLED
3999385818,fathat khayr,Store Active,Alexandria,Al Iskandar?yah,0,DEX5,"31.24530316379833,29.97079977744069",XNJ3VPAG7IK3U5IUQAEAG12LN9WTSORSDA2CDSROSTW9NLDPXTQ2EIA2OXT63NSZ,9 Jul 2026 08:21:38 GMT,FRIDAY,SW2,25,450,DISABLED,15,450,DISABLED
3999385818,fathat khayr,Store Active,Alexandria,Al Iskandar?yah,0,DEX5,"31.24530316379833,29.97079977744069",XNJ3VPAG7IK3U5IUQAEAG12LN9WTSORSDA2CDSROSTW9NLDPXTQ2EIA2OXT63NSZ,9 Jul 2026 08:21:38 GMT,SATURDAY,SW1,25,450,ENABLED,15,450,DISABLED
3999385818,fathat khayr,Store Active,Alexandria,Al Iskandar?yah,0,DEX5,"31.24530316379833,29.97079977744069",XNJ3VPAG7IK3U5IUQAEAG12LN9WTSORSDA2CDSROSTW9NLDPXTQ2EIA2OXT63NSZ,9 Jul 2026 08:21:38 GMT,SATURDAY,SW2,25,450,DISABLED,15,450,DISABLED
3999385818,fathat khayr,Store Active,Alexandria,Al Iskandar?yah,0,DEX5,"31.24530316379833,29.97079977744069",XNJ3VPAG7IK3U5IUQAEAG12LN9WTSORSDA2CDSROSTW9NLDPXTQ2EIA2OXT63NSZ,9 Jul 2026 08:21:38 GMT,SUNDAY,SW1,25,450,ENABLED,15,450,DISABLED
3999385818,fathat khayr,Store Active,Alexandria,Al Iskandar?yah,0,DEX5,"31.24530316379833,29.97079977744069",XNJ3VPAG7IK3U5IUQAEAG12LN9WTSORSDA2CDSROSTW9NLDPXTQ2EIA2OXT63NSZ,9 Jul 2026 08:21:38 GMT,SUNDAY,SW2,25,450,DISABLED,15,450,DISABLED
3976106944,Republic Dry Clean ,Store Active,Alexandria,Al Iskandar?yah,0,DEX5,"31.242710626532322,29.96948893268781",TQ2375AKO3N5ZQALWG7IG12LN9WTSORSDA2CDSROSTW9NLDPXTQ2EIA2OXC7PPGA,14 Jan 2026 06:47:17 GMT,MONDAY,SW1,50,425,ENABLED,50,425,DISABLED
3976106944,Republic Dry Clean ,Store Active,Alexandria,Al Iskandar?yah,0,DEX5,"31.242710626532322,29.96948893268781",TQ2375AKO3N5ZQALWG7IG12LN9WTSORSDA2CDSROSTW9NLDPXTQ2EIA2OXC7PPGA,14 Jan 2026 06:47:17 GMT,MONDAY,SW2,50,425,DISABLED,50,0,DISABLED
3976106944,Republic Dry Clean ,Store Active,Alexandria,Al Iskandar?yah,0,DEX5,"31.242710626532322,29.96948893268781",TQ2375AKO3N5ZQALWG7IG12LN9WTSORSDA2CDSROSTW9NLDPXTQ2EIA2OXC7PPGA,14 Jan 2026 06:47:17 GMT,TUESDAY,SW1,50,425,ENABLED,50,425,DISABLED
3976106944,Republic Dry Clean ,Store Active,Alexandria,Al Iskandar?yah,0,DEX5,"31.242710626532322,29.96948893268781",TQ2375AKO3N5ZQALWG7IG12LN9WTSORSDA2CDSROSTW9NLDPXTQ2EIA2OXC7PPGA,14 Jan 2026 06:47:17 GMT,TUESDAY,SW2,50,425,DISABLED,50,0,DISABLED
3976106944,Republic Dry Clean ,Store Active,Alexandria,Al Iskandar?yah,0,DEX5,"31.242710626532322,29.96948893268781",TQ2375AKO3N5ZQALWG7IG12LN9WTSORSDA2CDSROSTW9NLDPXTQ2EIA2OXC7PPGA,14 Jan 2026 06:47:17 GMT,WEDNESDAY,SW1,50,425,ENABLED,50,425,DISABLED
3976106944,Republic Dry Clean ,Store Active,Alexandria,Al Iskandar?yah,0,DEX5,"31.242710626532322,29.96948893268781",TQ2375AKO3N5ZQALWG7IG12LN9WTSORSDA2CDSROSTW9NLDPXTQ2EIA2OXC7PPGA,14 Jan 2026 06:47:17 GMT,WEDNESDAY,SW2,50,425,DISABLED,50,0,DISABLED
3976106944,Republic Dry Clean ,Store Active,Alexandria,Al Iskandar?yah,0,DEX5,"31.242710626532322,29.96948893268781",TQ2375AKO3N5ZQALWG7IG12LN9WTSORSDA2CDSROSTW9NLDPXTQ2EIA2OXC7PPGA,14 Jan 2026 06:47:17 GMT,THURSDAY,SW1,50,425,ENABLED,50,425,DISABLED
3976106944,Republic Dry Clean ,Store Active,Alexandria,Al Iskandar?yah,0,DEX5,"31.242710626532322,29.96948893268781",TQ2375AKO3N5ZQALWG7IG12LN9WTSORSDA2CDSROSTW9NLDPXTQ2EIA2OXC7PPGA,14 Jan 2026 06:47:17 GMT,THURSDAY,SW2,50,425,DISABLED,50,0,DISABLED
3976106944,Republic Dry Clean ,Store Active,Alexandria,Al Iskandar?yah,0,DEX5,"31.242710626532322,29.96948893268781",TQ2375AKO3N5ZQALWG7IG12LN9WTSORSDA2CDSROSTW9NLDPXTQ2EIA2OXC7PPGA,14 Jan 2026 06:47:17 GMT,FRIDAY,SW1,50,425,ENABLED,50,425,DISABLED
3976106944,Republic Dry Clean ,Store Active,Alexandria,Al Iskandar?yah,0,DEX5,"31.242710626532322,29.96948893268781",TQ2375AKO3N5ZQALWG7IG12LN9WTSORSDA2CDSROSTW9NLDPXTQ2EIA2OXC7PPGA,14 Jan 2026 06:47:17 GMT,FRIDAY,SW2,50,425,DISABLED,50,0,DISABLED
3976106944,Republic Dry Clean ,Store Active,Alexandria,Al Iskandar?yah,0,DEX5,"31.242710626532322,29.96948893268781",TQ2375AKO3N5ZQALWG7IG12LN9WTSORSDA2CDSROSTW9NLDPXTQ2EIA2OXC7PPGA,14 Jan 2026 06:47:17 GMT,SATURDAY,SW1,50,425,ENABLED,50,425,DISABLED
3976106944,Republic Dry Clean ,Store Active,Alexandria,Al Iskandar?yah,0,DEX5,"31.242710626532322,29.96948893268781",TQ2375AKO3N5ZQALWG7IG12LN9WTSORSDA2CDSROSTW9NLDPXTQ2EIA2OXC7PPGA,14 Jan 2026 06:47:17 GMT,SATURDAY,SW2,50,425,DISABLED,50,0,DISABLED
3976106944,Republic Dry Clean ,Store Active,Alexandria,Al Iskandar?yah,0,DEX5,"31.242710626532322,29.96948893268781",TQ2375AKO3N5ZQALWG7IG12LN9WTSORSDA2CDSROSTW9NLDPXTQ2EIA2OXC7PPGA,14 Jan 2026 06:47:17 GMT,SUNDAY,SW1,50,425,ENABLED,50,425,DISABLED
3976106944,Republic Dry Clean ,Store Active,Alexandria,Al Iskandar?yah,0,DEX5,"31.242710626532322,29.96948893268781",TQ2375AKO3N5ZQALWG7IG12LN9WTSORSDA2CDSROSTW9NLDPXTQ2EIA2OXC7PPGA,14 Jan 2026 06:47:17 GMT,SUNDAY,SW2,50,425,DISABLED,50,0,DISABLED
5895795530,باسم ماركت,Store Active,الاسكندريه,Al Iskandar?yah,0,DEX5,"31.209665,29.922233",O3YELTII3TH5YVGO3RAMG12LN9WTSORSDA2CDSROSTW9NLDPXTQ2EIA2OXFXLX7L,14 Sep 2026 09:27:35 GMT,MONDAY,SW1,17,500,ENABLED,15,750,DISABLED
5895795530,باسم ماركت,Store Active,الاسكندريه,Al Iskandar?yah,0,DEX5,"31.209665,29.922233",O3YELTII3TH5YVGO3RAMG12LN9WTSORSDA2CDSROSTW9NLDPXTQ2EIA2OXFXLX7L,14 Sep 2026 09:27:35 GMT,MONDAY,SW2,30,4000,DISABLED,1,4000,DISABLED
5895795530,باسم ماركت,Store Active,الاسكندريه,Al Iskandar?yah,0,DEX5,"31.209665,29.922233",O3YELTII3TH5YVGO3RAMG12LN9WTSORSDA2CDSROSTW9NLDPXTQ2EIA2OXFXLX7L,14 Sep 2026 09:27:35 GMT,TUESDAY,SW1,17,500,ENABLED,15,750,DISABLED
5895795530,باسم ماركت,Store Active,الاسكندريه,Al Iskandar?yah,0,DEX5,"31.209665,29.922233",O3YELTII3TH5YVGO3RAMG12LN9WTSORSDA2CDSROSTW9NLDPXTQ2EIA2OXFXLX7L,14 Sep 2026 09:27:35 GMT,TUESDAY,SW2,30,4000,DISABLED,1,4000,DISABLED
5895795530,باسم ماركت,Store Active,الاسكندريه,Al Iskandar?yah,0,DEX5,"31.209665,29.922233",O3YELTII3TH5YVGO3RAMG12LN9WTSORSDA2CDSROSTW9NLDPXTQ2EIA2OXFXLX7L,14 Sep 2026 09:27:35 GMT,WEDNESDAY,SW1,17,500,ENABLED,15,750,DISABLED
5895795530,باسم ماركت,Store Active,الاسكندريه,Al Iskandar?yah,0,DEX5,"31.209665,29.922233",O3YELTII3TH5YVGO3RAMG12LN9WTSORSDA2CDSROSTW9NLDPXTQ2EIA2OXFXLX7L,14 Sep 2026 09:27:35 GMT,WEDNESDAY,SW2,30,4000,DISABLED,1,4000,DISABLED
5895795530,باسم ماركت,Store Active,الاسكندريه,Al Iskandar?yah,0,DEX5,"31.209665,29.922233",O3YELTII3TH5YVGO3RAMG12LN9WTSORSDA2CDSROSTW9NLDPXTQ2EIA2OXFXLX7L,14 Sep 2026 09:27:35 GMT,THURSDAY,SW1,17,500,ENABLED,15,750,DISABLED
5895795530,باسم ماركت,Store Active,الاسكندريه,Al Iskandar?yah,0,DEX5,"31.209665,29.922233",O3YELTII3TH5YVGO3RAMG12LN9WTSORSDA2CDSROSTW9NLDPXTQ2EIA2OXFXLX7L,14 Sep 2026 09:27:35 GMT,THURSDAY,SW2,30,4000,DISABLED,1,4000,DISABLED
5895795530,باسم ماركت,Store Active,الاسكندريه,Al Iskandar?yah,0,DEX5,"31.209665,29.922233",O3YELTII3TH5YVGO3RAMG12LN9WTSORSDA2CDSROSTW9NLDPXTQ2EIA2OXFXLX7L,14 Sep 2026 09:27:35 GMT,FRIDAY,SW1,17,2000,ENABLED,1,2000,DISABLED
5895795530,باسم ماركت,Store Active,الاسكندريه,Al Iskandar?yah,0,DEX5,"31.209665,29.922233",O3YELTII3TH5YVGO3RAMG12LN9WTSORSDA2CDSROSTW9NLDPXTQ2EIA2OXFXLX7L,14 Sep 2026 09:27:35 GMT,FRIDAY,SW2,30,4000,DISABLED,1,4000,DISABLED
5895795530,باسم ماركت,Store Active,الاسكندريه,Al Iskandar?yah,0,DEX5,"31.209665,29.922233",O3YELTII3TH5YVGO3RAMG12LN9WTSORSDA2CDSROSTW9NLDPXTQ2EIA2OXFXLX7L,14 Sep 2026 09:27:35 GMT,SATURDAY,SW1,17,500,ENABLED,15,750,DISABLED
5895795530,باسم ماركت,Store Active,الاسكندريه,Al Iskandar?yah,0,DEX5,"31.209665,29.922233",O3YELTII3TH5YVGO3RAMG12LN9WTSORSDA2CDSROSTW9NLDPXTQ2EIA2OXFXLX7L,14 Sep 2026 09:27:35 GMT,SATURDAY,SW2,30,4000,DISABLED,1,4000,DISABLED
5895795530,باسم ماركت,Store Active,الاسكندريه,Al Iskandar?yah,0,DEX5,"31.209665,29.922233",O3YELTII3TH5YVGO3RAMG12LN9WTSORSDA2CDSROSTW9NLDPXTQ2EIA2OXFXLX7L,14 Sep 2026 09:27:35 GMT,SUNDAY,SW1,17,500,ENABLED,15,750,DISABLED
5895795530,باسم ماركت,Store Active,الاسكندريه,Al Iskandar?yah,0,DEX5,"31.209665,29.922233",O3YELTII3TH5YVGO3RAMG12LN9WTSORSDA2CDSROSTW9NLDPXTQ2EIA2OXFXLX7L,14 Sep 2026 09:27:35 GMT,SUNDAY,SW2,30,4000,DISABLED,1,4000,DISABLED
6376233374,Noor Phone,Store Active,alexandria,Al Iskandar?yah,0,DEX5,"31.20953399180318,29.913310728836116",ETFPVYTYATTTDDQALOOIG12LN9WTSORSDA2CDSROSTW9NLDPXTQ2EIA2OXG3WNGV,26 Jan 2026 11:55:53 GMT,MONDAY,SW1,41,375,ENABLED,40,400,DISABLED
6376233374,Noor Phone,Store Active,alexandria,Al Iskandar?yah,0,DEX5,"31.20953399180318,29.913310728836116",ETFPVYTYATTTDDQALOOIG12LN9WTSORSDA2CDSROSTW9NLDPXTQ2EIA2OXG3WNGV,26 Jan 2026 11:55:53 GMT,MONDAY,SW2,35,425,DISABLED,35,425,DISABLED
6376233374,Noor Phone,Store Active,alexandria,Al Iskandar?yah,0,DEX5,"31.20953399180318,29.913310728836116",ETFPVYTYATTTDDQALOOIG12LN9WTSORSDA2CDSROSTW9NLDPXTQ2EIA2OXG3WNGV,26 Jan 2026 11:55:53 GMT,TUESDAY,SW1,41,375,ENABLED,40,400,DISABLED
6376233374,Noor Phone,Store Active,alexandria,Al Iskandar?yah,0,DEX5,"31.20953399180318,29.913310728836116",ETFPVYTYATTTDDQALOOIG12LN9WTSORSDA2CDSROSTW9NLDPXTQ2EIA2OXG3WNGV,26 Jan 2026 11:55:53 GMT,TUESDAY,SW2,35,425,DISABLED,35,425,DISABLED
6376233374,Noor Phone,Store Active,alexandria,Al Iskandar?yah,0,DEX5,"31.20953399180318,29.913310728836116",ETFPVYTYATTTDDQALOOIG12LN9WTSORSDA2CDSROSTW9NLDPXTQ2EIA2OXG3WNGV,26 Jan 2026 11:55:53 GMT,WEDNESDAY,SW1,41,375,ENABLED,40,400,DISABLED
6376233374,Noor Phone,Store Active,alexandria,Al Iskandar?yah,0,DEX5,"31.20953399180318,29.913310728836116",ETFPVYTYATTTDDQALOOIG12LN9WTSORSDA2CDSROSTW9NLDPXTQ2EIA2OXG3WNGV,26 Jan 2026 11:55:53 GMT,WEDNESDAY,SW2,35,425,DISABLED,35,425,DISABLED
6376233374,Noor Phone,Store Active,alexandria,Al Iskandar?yah,0,DEX5,"31.20953399180318,29.913310728836116",ETFPVYTYATTTDDQALOOIG12LN9WTSORSDA2CDSROSTW9NLDPXTQ2EIA2OXG3WNGV,26 Jan 2026 11:55:53 GMT,THURSDAY,SW1,41,375,ENABLED,40,400,DISABLED
6376233374,Noor Phone,Store Active,alexandria,Al Iskandar?yah,0,DEX5,"31.20953399180318,29.913310728836116",ETFPVYTYATTTDDQALOOIG12LN9WTSORSDA2CDSROSTW9NLDPXTQ2EIA2OXG3WNGV,26 Jan 2026 11:55:53 GMT,THURSDAY,SW2,35,425,DISABLED,35,425,DISABLED
6376233374,Noor Phone,Store Active,alexandria,Al Iskandar?yah,0,DEX5,"31.20953399180318,29.913310728836116",ETFPVYTYATTTDDQALOOIG12LN9WTSORSDA2CDSROSTW9NLDPXTQ2EIA2OXG3WNGV,26 Jan 2026 11:55:53 GMT,FRIDAY,SW1,41,375,ENABLED,40,400,DISABLED
6376233374,Noor Phone,Store Active,alexandria,Al Iskandar?yah,0,DEX5,"31.20953399180318,29.913310728836116",ETFPVYTYATTTDDQALOOIG12LN9WTSORSDA2CDSROSTW9NLDPXTQ2EIA2OXG3WNGV,26 Jan 2026 11:55:53 GMT,FRIDAY,SW2,35,425,DISABLED,35,425,DISABLED
6376233374,Noor Phone,Store Active,alexandria,Al Iskandar?yah,0,DEX5,"31.20953399180318,29.913310728836116",ETFPVYTYATTTDDQALOOIG12LN9WTSORSDA2CDSROSTW9NLDPXTQ2EIA2OXG3WNGV,26 Jan 2026 11:55:53 GMT,SATURDAY,SW1,41,375,ENABLED,40,400,DISABLED
6376233374,Noor Phone,Store Active,alexandria,Al Iskandar?yah,0,DEX5,"31.20953399180318,29.913310728836116",ETFPVYTYATTTDDQALOOIG12LN9WTSORSDA2CDSROSTW9NLDPXTQ2EIA2OXG3WNGV,26 Jan 2026 11:55:53 GMT,SATURDAY,SW2,35,425,DISABLED,35,425,DISABLED
6376233374,Noor Phone,Store Active,alexandria,Al Iskandar?yah,0,DEX5,"31.20953399180318,29.913310728836116",ETFPVYTYATTTDDQALOOIG12LN9WTSORSDA2CDSROSTW9NLDPXTQ2EIA2OXG3WNGV,26 Jan 2026 11:55:53 GMT,SUNDAY,SW1,41,375,ENABLED,40,400,DISABLED
6376233374,Noor Phone,Store Active,alexandria,Al Iskandar?yah,0,DEX5,"31.20953399180318,29.913310728836116",ETFPVYTYATTTDDQALOOIG12LN9WTSORSDA2CDSROSTW9NLDPXTQ2EIA2OXG3WNGV,26 Jan 2026 11:55:53 GMT,SUNDAY,SW2,35,425,DISABLED,35,425,DISABLED
2417925574,alakhua,Store Active,Alexandria,Al Iskandar?yah,0,DEX5,"31.234168623222903,29.96796599618336",BCBXXJE3V5PP6TOPT25IG12LN9WTSORSDA2CDSROSTW9NLDPXTQ2EIA2OX3IEHTC,27 Apr 2026 09:19:07 GMT,MONDAY,SW1,35,550,ENABLED,35,550,DISABLED
2417925574,alakhua,Store Active,Alexandria,Al Iskandar?yah,0,DEX5,"31.234168623222903,29.96796599618336",BCBXXJE3V5PP6TOPT25IG12LN9WTSORSDA2CDSROSTW9NLDPXTQ2EIA2OX3IEHTC,27 Apr 2026 09:19:07 GMT,MONDAY,SW2,34,550,DISABLED,34,0,DISABLED
2417925574,alakhua,Store Active,Alexandria,Al Iskandar?yah,0,DEX5,"31.234168623222903,29.96796599618336",BCBXXJE3V5PP6TOPT25IG12LN9WTSORSDA2CDSROSTW9NLDPXTQ2EIA2OX3IEHTC,27 Apr 2026 09:19:07 GMT,TUESDAY,SW1,35,550,ENABLED,35,550,DISABLED
2417925574,alakhua,Store Active,Alexandria,Al Iskandar?yah,0,DEX5,"31.234168623222903,29.96796599618336",BCBXXJE3V5PP6TOPT25IG12LN9WTSORSDA2CDSROSTW9NLDPXTQ2EIA2OX3IEHTC,27 Apr 2026 09:19:07 GMT,TUESDAY,SW2,34,550,DISABLED,34,0,DISABLED
2417925574,alakhua,Store Active,Alexandria,Al Iskandar?yah,0,DEX5,"31.234168623222903,29.96796599618336",BCBXXJE3V5PP6TOPT25IG12LN9WTSORSDA2CDSROSTW9NLDPXTQ2EIA2OX3IEHTC,27 Apr 2026 09:19:07 GMT,WEDNESDAY,SW1,35,550,ENABLED,35,550,DISABLED
2417925574,alakhua,Store Active,Alexandria,Al Iskandar?yah,0,DEX5,"31.234168623222903,29.96796599618336",BCBXXJE3V5PP6TOPT25IG12LN9WTSORSDA2CDSROSTW9NLDPXTQ2EIA2OX3IEHTC,27 Apr 2026 09:19:07 GMT,WEDNESDAY,SW2,35,550,DISABLED,35,0,DISABLED
2417925574,alakhua,Store Active,Alexandria,Al Iskandar?yah,0,DEX5,"31.234168623222903,29.96796599618336",BCBXXJE3V5PP6TOPT25IG12LN9WTSORSDA2CDSROSTW9NLDPXTQ2EIA2OX3IEHTC,27 Apr 2026 09:19:07 GMT,THURSDAY,SW1,35,550,ENABLED,35,550,DISABLED
2417925574,alakhua,Store Active,Alexandria,Al Iskandar?yah,0,DEX5,"31.234168623222903,29.96796599618336",BCBXXJE3V5PP6TOPT25IG12LN9WTSORSDA2CDSROSTW9NLDPXTQ2EIA2OX3IEHTC,27 Apr 2026 09:19:07 GMT,THURSDAY,SW2,35,550,DISABLED,35,0,DISABLED
2417925574,alakhua,Store Active,Alexandria,Al Iskandar?yah,0,DEX5,"31.234168623222903,29.96796599618336",BCBXXJE3V5PP6TOPT25IG12LN9WTSORSDA2CDSROSTW9NLDPXTQ2EIA2OX3IEHTC,27 Apr 2026 09:19:07 GMT,FRIDAY,SW1,35,550,ENABLED,35,550,DISABLED
2417925574,alakhua,Store Active,Alexandria,Al Iskandar?yah,0,DEX5,"31.234168623222903,29.96796599618336",BCBXXJE3V5PP6TOPT25IG12LN9WTSORSDA2CDSROSTW9NLDPXTQ2EIA2OX3IEHTC,27 Apr 2026 09:19:07 GMT,FRIDAY,SW2,35,550,DISABLED,35,0,DISABLED
2417925574,alakhua,Store Active,Alexandria,Al Iskandar?yah,0,DEX5,"31.234168623222903,29.96796599618336",BCBXXJE3V5PP6TOPT25IG12LN9WTSORSDA2CDSROSTW9NLDPXTQ2EIA2OX3IEHTC,27 Apr 2026 09:19:07 GMT,SATURDAY,SW1,35,550,ENABLED,35,550,DISABLED
2417925574,alakhua,Store Active,Alexandria,Al Iskandar?yah,0,DEX5,"31.234168623222903,29.96796599618336",BCBXXJE3V5PP6TOPT25IG12LN9WTSORSDA2CDSROSTW9NLDPXTQ2EIA2OX3IEHTC,27 Apr 2026 09:19:07 GMT,SATURDAY,SW2,35,550,DISABLED,35,0,DISABLED
2417925574,alakhua,Store Active,Alexandria,Al Iskandar?yah,0,DEX5,"31.234168623222903,29.96796599618336",BCBXXJE3V5PP6TOPT25IG12LN9WTSORSDA2CDSROSTW9NLDPXTQ2EIA2OX3IEHTC,27 Apr 2026 09:19:07 GMT,SUNDAY,SW1,35,550,ENABLED,35,550,DISABLED
2417925574,alakhua,Store Active,Alexandria,Al Iskandar?yah,0,DEX5,"31.234168623222903,29.96796599618336",BCBXXJE3V5PP6TOPT25IG12LN9WTSORSDA2CDSROSTW9NLDPXTQ2EIA2OX3IEHTC,27 Apr 2026 09:19:07 GMT,SUNDAY,SW2,35,550,DISABLED,35,0,DISABLED
4151363105,yasww ,Store Active,الاسكندريه,Al Iskandar?yah,0,DEX5,"31.23944,29.9641",WZBZHRAGL4CJQI3HJFUYG12LN9WTSORSDA2CDSROSTW9NLDPXTQ2EIA2OX7YHKRZ,22 Sep 2026 16:03:41 GMT,MONDAY,SW1,40,500,ENABLED,1,750,DISABLED
4151363105,yasww ,Store Active,الاسكندريه,Al Iskandar?yah,0,DEX5,"31.23944,29.9641",WZBZHRAGL4CJQI3HJFUYG12LN9WTSORSDA2CDSROSTW9NLDPXTQ2EIA2OX7YHKRZ,22 Sep 2026 16:03:41 GMT,MONDAY,SW2,40,4000,DISABLED,1,4000,DISABLED
4151363105,yasww ,Store Active,الاسكندريه,Al Iskandar?yah,0,DEX5,"31.23944,29.9641",WZBZHRAGL4CJQI3HJFUYG12LN9WTSORSDA2CDSROSTW9NLDPXTQ2EIA2OX7YHKRZ,22 Sep 2026 16:03:41 GMT,TUESDAY,SW1,40,500,ENABLED,1,750,DISABLED
4151363105,yasww ,Store Active,الاسكندريه,Al Iskandar?yah,0,DEX5,"31.23944,29.9641",WZBZHRAGL4CJQI3HJFUYG12LN9WTSORSDA2CDSROSTW9NLDPXTQ2EIA2OX7YHKRZ,22 Sep 2026 16:03:41 GMT,TUESDAY,SW2,40,4000,DISABLED,1,4000,DISABLED
4151363105,yasww ,Store Active,الاسكندريه,Al Iskandar?yah,0,DEX5,"31.23944,29.9641",WZBZHRAGL4CJQI3HJFUYG12LN9WTSORSDA2CDSROSTW9NLDPXTQ2EIA2OX7YHKRZ,22 Sep 2026 16:03:41 GMT,WEDNESDAY,SW1,40,500,ENABLED,1,750,DISABLED
4151363105,yasww ,Store Active,الاسكندريه,Al Iskandar?yah,0,DEX5,"31.23944,29.9641",WZBZHRAGL4CJQI3HJFUYG12LN9WTSORSDA2CDSROSTW9NLDPXTQ2EIA2OX7YHKRZ,22 Sep 2026 16:03:41 GMT,WEDNESDAY,SW2,40,4000,DISABLED,1,4000,DISABLED
4151363105,yasww ,Store Active,الاسكندريه,Al Iskandar?yah,0,DEX5,"31.23944,29.9641",WZBZHRAGL4CJQI3HJFUYG12LN9WTSORSDA2CDSROSTW9NLDPXTQ2EIA2OX7YHKRZ,22 Sep 2026 16:03:41 GMT,THURSDAY,SW1,40,500,ENABLED,1,750,DISABLED
4151363105,yasww ,Store Active,الاسكندريه,Al Iskandar?yah,0,DEX5,"31.23944,29.9641",WZBZHRAGL4CJQI3HJFUYG12LN9WTSORSDA2CDSROSTW9NLDPXTQ2EIA2OX7YHKRZ,22 Sep 2026 16:03:41 GMT,THURSDAY,SW2,40,4000,DISABLED,1,4000,DISABLED
4151363105,yasww ,Store Active,الاسكندريه,Al Iskandar?yah,0,DEX5,"31.23944,29.9641",WZBZHRAGL4CJQI3HJFUYG12LN9WTSORSDA2CDSROSTW9NLDPXTQ2EIA2OX7YHKRZ,22 Sep 2026 16:03:41 GMT,FRIDAY,SW1,40,2000,ENABLED,1,2000,DISABLED
4151363105,yasww ,Store Active,الاسكندريه,Al Iskandar?yah,0,DEX5,"31.23944,29.9641",WZBZHRAGL4CJQI3HJFUYG12LN9WTSORSDA2CDSROSTW9NLDPXTQ2EIA2OX7YHKRZ,22 Sep 2026 16:03:41 GMT,FRIDAY,SW2,40,4000,DISABLED,1,4000,DISABLED
4151363105,yasww ,Store Active,الاسكندريه,Al Iskandar?yah,0,DEX5,"31.23944,29.9641",WZBZHRAGL4CJQI3HJFUYG12LN9WTSORSDA2CDSROSTW9NLDPXTQ2EIA2OX7YHKRZ,22 Sep 2026 16:03:41 GMT,SATURDAY,SW1,40,500,ENABLED,1,750,DISABLED
4151363105,yasww ,Store Active,الاسكندريه,Al Iskandar?yah,0,DEX5,"31.23944,29.9641",WZBZHRAGL4CJQI3HJFUYG12LN9WTSORSDA2CDSROSTW9NLDPXTQ2EIA2OX7YHKRZ,22 Sep 2026 16:03:41 GMT,SATURDAY,SW2,40,4000,DISABLED,1,4000,DISABLED
4151363105,yasww ,Store Active,الاسكندريه,Al Iskandar?yah,0,DEX5,"31.23944,29.9641",WZBZHRAGL4CJQI3HJFUYG12LN9WTSORSDA2CDSROSTW9NLDPXTQ2EIA2OX7YHKRZ,22 Sep 2026 16:03:41 GMT,SUNDAY,SW1,40,500,ENABLED,1,750,DISABLED
4151363105,yasww ,Store Active,الاسكندريه,Al Iskandar?yah,0,DEX5,"31.23944,29.9641",WZBZHRAGL4CJQI3HJFUYG12LN9WTSORSDA2CDSROSTW9NLDPXTQ2EIA2OX7YHKRZ,22 Sep 2026 16:03:41 GMT,SUNDAY,SW2,40,4000,DISABLED,1,4000,DISABLED
8836674828,Tota's Barber Shop ,Store Active,Alexandria,Al Iskandar?yah,0,DEX5,"31.22949307129999,29.960168084655525",CWPDHVVSKWOZA4G3YFGQG12LN9WTSORSDA2CDSROSTW9NLDPXTQ2EIA2OX5IKMRS,30 Jul 2026 13:17:55 GMT,MONDAY,SW1,50,425,ENABLED,50,425,DISABLED
8836674828,Tota's Barber Shop ,Store Active,Alexandria,Al Iskandar?yah,0,DEX5,"31.22949307129999,29.960168084655525",CWPDHVVSKWOZA4G3YFGQG12LN9WTSORSDA2CDSROSTW9NLDPXTQ2EIA2OX5IKMRS,30 Jul 2026 13:17:55 GMT,MONDAY,SW2,50,425,ENABLED,50,425,DISABLED
8836674828,Tota's Barber Shop ,Store Active,Alexandria,Al Iskandar?yah,0,DEX5,"31.22949307129999,29.960168084655525",CWPDHVVSKWOZA4G3YFGQG12LN9WTSORSDA2CDSROSTW9NLDPXTQ2EIA2OX5IKMRS,30 Jul 2026 13:17:55 GMT,TUESDAY,SW1,50,425,ENABLED,50,425,DISABLED
8836674828,Tota's Barber Shop ,Store Active,Alexandria,Al Iskandar?yah,0,DEX5,"31.22949307129999,29.960168084655525",CWPDHVVSKWOZA4G3YFGQG12LN9WTSORSDA2CDSROSTW9NLDPXTQ2EIA2OX5IKMRS,30 Jul 2026 13:17:55 GMT,TUESDAY,SW2,50,425,ENABLED,50,425,DISABLED
8836674828,Tota's Barber Shop ,Store Active,Alexandria,Al Iskandar?yah,0,DEX5,"31.22949307129999,29.960168084655525",CWPDHVVSKWOZA4G3YFGQG12LN9WTSORSDA2CDSROSTW9NLDPXTQ2EIA2OX5IKMRS,30 Jul 2026 13:17:55 GMT,WEDNESDAY,SW1,50,425,ENABLED,50,425,DISABLED
8836674828,Tota's Barber Shop ,Store Active,Alexandria,Al Iskandar?yah,0,DEX5,"31.22949307129999,29.960168084655525",CWPDHVVSKWOZA4G3YFGQG12LN9WTSORSDA2CDSROSTW9NLDPXTQ2EIA2OX5IKMRS,30 Jul 2026 13:17:55 GMT,WEDNESDAY,SW2,50,425,ENABLED,50,425,DISABLED
8836674828,Tota's Barber Shop ,Store Active,Alexandria,Al Iskandar?yah,0,DEX5,"31.22949307129999,29.960168084655525",CWPDHVVSKWOZA4G3YFGQG12LN9WTSORSDA2CDSROSTW9NLDPXTQ2EIA2OX5IKMRS,30 Jul 2026 13:17:55 GMT,THURSDAY,SW1,50,425,ENABLED,50,425,DISABLED
8836674828,Tota's Barber Shop ,Store Active,Alexandria,Al Iskandar?yah,0,DEX5,"31.22949307129999,29.960168084655525",CWPDHVVSKWOZA4G3YFGQG12LN9WTSORSDA2CDSROSTW9NLDPXTQ2EIA2OX5IKMRS,30 Jul 2026 13:17:55 GMT,THURSDAY,SW2,50,425,ENABLED,50,425,DISABLED
8836674828,Tota's Barber Shop ,Store Active,Alexandria,Al Iskandar?yah,0,DEX5,"31.22949307129999,29.960168084655525",CWPDHVVSKWOZA4G3YFGQG12LN9WTSORSDA2CDSROSTW9NLDPXTQ2EIA2OX5IKMRS,30 Jul 2026 13:17:55 GMT,FRIDAY,SW1,50,425,ENABLED,50,425,DISABLED
8836674828,Tota's Barber Shop ,Store Active,Alexandria,Al Iskandar?yah,0,DEX5,"31.22949307129999,29.960168084655525",CWPDHVVSKWOZA4G3YFGQG12LN9WTSORSDA2CDSROSTW9NLDPXTQ2EIA2OX5IKMRS,30 Jul 2026 13:17:55 GMT,FRIDAY,SW2,50,425,ENABLED,50,425,DISABLED
8836674828,Tota's Barber Shop ,Store Active,Alexandria,Al Iskandar?yah,0,DEX5,"31.22949307129999,29.960168084655525",CWPDHVVSKWOZA4G3YFGQG12LN9WTSORSDA2CDSROSTW9NLDPXTQ2EIA2OX5IKMRS,30 Jul 2026 13:17:55 GMT,SATURDAY,SW1,50,425,ENABLED,50,425,DISABLED
8836674828,Tota's Barber Shop ,Store Active,Alexandria,Al Iskandar?yah,0,DEX5,"31.22949307129999,29.960168084655525",CWPDHVVSKWOZA4G3YFGQG12LN9WTSORSDA2CDSROSTW9NLDPXTQ2EIA2OX5IKMRS,30 Jul 2026 13:17:55 GMT,SATURDAY,SW2,50,425,ENABLED,50,425,DISABLED
8836674828,Tota's Barber Shop ,Store Active,Alexandria,Al Iskandar?yah,0,DEX5,"31.22949307129999,29.960168084655525",CWPDHVVSKWOZA4G3YFGQG12LN9WTSORSDA2CDSROSTW9NLDPXTQ2EIA2OX5IKMRS,30 Jul 2026 13:17:55 GMT,SUNDAY,SW1,50,425,ENABLED,50,425,DISABLED
8836674828,Tota's Barber Shop ,Store Active,Alexandria,Al Iskandar?yah,0,DEX5,"31.22949307129999,29.960168084655525",CWPDHVVSKWOZA4G3YFGQG12LN9WTSORSDA2CDSROSTW9NLDPXTQ2EIA2OX5IKMRS,30 Jul 2026 13:17:55 GMT,SUNDAY,SW2,50,425,ENABLED,50,425,DISABLED
9421433420,DRy clean elkoptan,Store Active,Smouha,Al Iskandar?yah,0,DEX5,"31.214725748174573,29.939952410433804",ZCIGX5BB65UMEYWXI55MG12LN9WTSORSDA2CDSROSTW9NLDPXTQ2EIA2OX4CQ2UP,9 Oct 2024 09:31:48 GMT,MONDAY,SW1,70,425,ENABLED,50,425,DISABLED
9421433420,DRy clean elkoptan,Store Active,Smouha,Al Iskandar?yah,0,DEX5,"31.214725748174573,29.939952410433804",ZCIGX5BB65UMEYWXI55MG12LN9WTSORSDA2CDSROSTW9NLDPXTQ2EIA2OX4CQ2UP,9 Oct 2024 09:31:48 GMT,MONDAY,SW2,70,425,DISABLED,50,425,DISABLED
9421433420,DRy clean elkoptan,Store Active,Smouha,Al Iskandar?yah,0,DEX5,"31.214725748174573,29.939952410433804",ZCIGX5BB65UMEYWXI55MG12LN9WTSORSDA2CDSROSTW9NLDPXTQ2EIA2OX4CQ2UP,9 Oct 2024 09:31:48 GMT,TUESDAY,SW1,70,425,ENABLED,50,425,DISABLED
9421433420,DRy clean elkoptan,Store Active,Smouha,Al Iskandar?yah,0,DEX5,"31.214725748174573,29.939952410433804",ZCIGX5BB65UMEYWXI55MG12LN9WTSORSDA2CDSROSTW9NLDPXTQ2EIA2OX4CQ2UP,9 Oct 2024 09:31:48 GMT,TUESDAY,SW2,70,425,DISABLED,50,425,DISABLED
9421433420,DRy clean elkoptan,Store Active,Smouha,Al Iskandar?yah,0,DEX5,"31.214725748174573,29.939952410433804",ZCIGX5BB65UMEYWXI55MG12LN9WTSORSDA2CDSROSTW9NLDPXTQ2EIA2OX4CQ2UP,9 Oct 2024 09:31:48 GMT,WEDNESDAY,SW1,70,425,ENABLED,50,425,DISABLED
9421433420,DRy clean elkoptan,Store Active,Smouha,Al Iskandar?yah,0,DEX5,"31.214725748174573,29.939952410433804",ZCIGX5BB65UMEYWXI55MG12LN9WTSORSDA2CDSROSTW9NLDPXTQ2EIA2OX4CQ2UP,9 Oct 2024 09:31:48 GMT,WEDNESDAY,SW2,70,425,DISABLED,50,425,DISABLED
9421433420,DRy clean elkoptan,Store Active,Smouha,Al Iskandar?yah,0,DEX5,"31.214725748174573,29.939952410433804",ZCIGX5BB65UMEYWXI55MG12LN9WTSORSDA2CDSROSTW9NLDPXTQ2EIA2OX4CQ2UP,9 Oct 2024 09:31:48 GMT,THURSDAY,SW1,70,425,ENABLED,50,425,DISABLED
9421433420,DRy clean elkoptan,Store Active,Smouha,Al Iskandar?yah,0,DEX5,"31.214725748174573,29.939952410433804",ZCIGX5BB65UMEYWXI55MG12LN9WTSORSDA2CDSROSTW9NLDPXTQ2EIA2OX4CQ2UP,9 Oct 2024 09:31:48 GMT,THURSDAY,SW2,70,425,DISABLED,50,425,DISABLED
9421433420,DRy clean elkoptan,Store Active,Smouha,Al Iskandar?yah,0,DEX5,"31.214725748174573,29.939952410433804",ZCIGX5BB65UMEYWXI55MG12LN9WTSORSDA2CDSROSTW9NLDPXTQ2EIA2OX4CQ2UP,9 Oct 2024 09:31:48 GMT,FRIDAY,SW1,70,425,ENABLED,50,425,DISABLED
9421433420,DRy clean elkoptan,Store Active,Smouha,Al Iskandar?yah,0,DEX5,"31.214725748174573,29.939952410433804",ZCIGX5BB65UMEYWXI55MG12LN9WTSORSDA2CDSROSTW9NLDPXTQ2EIA2OX4CQ2UP,9 Oct 2024 09:31:48 GMT,FRIDAY,SW2,70,425,DISABLED,50,425,DISABLED
9421433420,DRy clean elkoptan,Store Active,Smouha,Al Iskandar?yah,0,DEX5,"31.214725748174573,29.939952410433804",ZCIGX5BB65UMEYWXI55MG12LN9WTSORSDA2CDSROSTW9NLDPXTQ2EIA2OX4CQ2UP,9 Oct 2024 09:31:48 GMT,SATURDAY,SW1,70,425,ENABLED,50,425,DISABLED
9421433420,DRy clean elkoptan,Store Active,Smouha,Al Iskandar?yah,0,DEX5,"31.214725748174573,29.939952410433804",ZCIGX5BB65UMEYWXI55MG12LN9WTSORSDA2CDSROSTW9NLDPXTQ2EIA2OX4CQ2UP,9 Oct 2024 09:31:48 GMT,SATURDAY,SW2,70,425,DISABLED,50,425,DISABLED
9421433420,DRy clean elkoptan,Store Active,Smouha,Al Iskandar?yah,0,DEX5,"31.214725748174573,29.939952410433804",ZCIGX5BB65UMEYWXI55MG12LN9WTSORSDA2CDSROSTW9NLDPXTQ2EIA2OX4CQ2UP,9 Oct 2024 09:31:48 GMT,SUNDAY,SW1,70,425,ENABLED,50,425,DISABLED
9421433420,DRy clean elkoptan,Store Active,Smouha,Al Iskandar?yah,0,DEX5,"31.214725748174573,29.939952410433804",ZCIGX5BB65UMEYWXI55MG12LN9WTSORSDA2CDSROSTW9NLDPXTQ2EIA2OX4CQ2UP,9 Oct 2024 09:31:48 GMT,SUNDAY,SW2,70,425,DISABLED,50,425,DISABLED
8911352391,Megaa Phone,Store Inactive,Alexandria,Al Iskandar?yah,0,DEX5,"31.22161173,29.97178873",XUS2YP2PNP5OXEKP35M4G12LN9WTSORSDA2CDSROSTW9NLDPXTQ2EIA2OXLX6NYS,NA,MONDAY,SW1,0,425,ENABLED,0,0,DISABLED
8911352391,Megaa Phone,Store Inactive,Alexandria,Al Iskandar?yah,0,DEX5,"31.22161173,29.97178873",XUS2YP2PNP5OXEKP35M4G12LN9WTSORSDA2CDSROSTW9NLDPXTQ2EIA2OXLX6NYS,NA,MONDAY,SW2,0,425,DISABLED,0,0,DISABLED
8911352391,Megaa Phone,Store Inactive,Alexandria,Al Iskandar?yah,0,DEX5,"31.22161173,29.97178873",XUS2YP2PNP5OXEKP35M4G12LN9WTSORSDA2CDSROSTW9NLDPXTQ2EIA2OXLX6NYS,NA,TUESDAY,SW1,0,425,ENABLED,0,0,DISABLED
8911352391,Megaa Phone,Store Inactive,Alexandria,Al Iskandar?yah,0,DEX5,"31.22161173,29.97178873",XUS2YP2PNP5OXEKP35M4G12LN9WTSORSDA2CDSROSTW9NLDPXTQ2EIA2OXLX6NYS,NA,TUESDAY,SW2,0,425,DISABLED,0,0,DISABLED
8911352391,Megaa Phone,Store Inactive,Alexandria,Al Iskandar?yah,0,DEX5,"31.22161173,29.97178873",XUS2YP2PNP5OXEKP35M4G12LN9WTSORSDA2CDSROSTW9NLDPXTQ2EIA2OXLX6NYS,NA,WEDNESDAY,SW1,0,425,ENABLED,0,0,DISABLED
8911352391,Megaa Phone,Store Inactive,Alexandria,Al Iskandar?yah,0,DEX5,"31.22161173,29.97178873",XUS2YP2PNP5OXEKP35M4G12LN9WTSORSDA2CDSROSTW9NLDPXTQ2EIA2OXLX6NYS,NA,WEDNESDAY,SW2,0,425,DISABLED,0,0,DISABLED
8911352391,Megaa Phone,Store Inactive,Alexandria,Al Iskandar?yah,0,DEX5,"31.22161173,29.97178873",XUS2YP2PNP5OXEKP35M4G12LN9WTSORSDA2CDSROSTW9NLDPXTQ2EIA2OXLX6NYS,NA,THURSDAY,SW1,0,425,ENABLED,0,0,DISABLED
8911352391,Megaa Phone,Store Inactive,Alexandria,Al Iskandar?yah,0,DEX5,"31.22161173,29.97178873",XUS2YP2PNP5OXEKP35M4G12LN9WTSORSDA2CDSROSTW9NLDPXTQ2EIA2OXLX6NYS,NA,THURSDAY,SW2,0,425,DISABLED,0,0,DISABLED
8911352391,Megaa Phone,Store Inactive,Alexandria,Al Iskandar?yah,0,DEX5,"31.22161173,29.97178873",XUS2YP2PNP5OXEKP35M4G12LN9WTSORSDA2CDSROSTW9NLDPXTQ2EIA2OXLX6NYS,NA,FRIDAY,SW1,0,425,ENABLED,0,0,DISABLED
8911352391,Megaa Phone,Store Inactive,Alexandria,Al Iskandar?yah,0,DEX5,"31.22161173,29.97178873",XUS2YP2PNP5OXEKP35M4G12LN9WTSORSDA2CDSROSTW9NLDPXTQ2EIA2OXLX6NYS,NA,FRIDAY,SW2,0,425,DISABLED,0,0,DISABLED
8911352391,Megaa Phone,Store Inactive,Alexandria,Al Iskandar?yah,0,DEX5,"31.22161173,29.97178873",XUS2YP2PNP5OXEKP35M4G12LN9WTSORSDA2CDSROSTW9NLDPXTQ2EIA2OXLX6NYS,NA,SATURDAY,SW1,0,425,ENABLED,0,0,DISABLED
8911352391,Megaa Phone,Store Inactive,Alexandria,Al Iskandar?yah,0,DEX5,"31.22161173,29.97178873",XUS2YP2PNP5OXEKP35M4G12LN9WTSORSDA2CDSROSTW9NLDPXTQ2EIA2OXLX6NYS,NA,SATURDAY,SW2,0,425,DISABLED,0,0,DISABLED
8911352391,Megaa Phone,Store Inactive,Alexandria,Al Iskandar?yah,0,DEX5,"31.22161173,29.97178873",XUS2YP2PNP5OXEKP35M4G12LN9WTSORSDA2CDSROSTW9NLDPXTQ2EIA2OXLX6NYS,NA,SUNDAY,SW1,0,425,ENABLED,0,0,DISABLED
8911352391,Megaa Phone,Store Inactive,Alexandria,Al Iskandar?yah,0,DEX5,"31.22161173,29.97178873",XUS2YP2PNP5OXEKP35M4G12LN9WTSORSDA2CDSROSTW9NLDPXTQ2EIA2OXLX6NYS,NA,SUNDAY,SW2,0,425,DISABLED,0,0,DISABLED
8711180110,ماركت الخديوي,Store Active,alexandria,Al Iskandar?yah,0,DEX5,"31.252434860166456,29.97630483696627",7BFWUA2I57VQKKQ3ADDMG12LN9WTSORSDA2CDSROSTW9NLDPXTQ2EIA2OXXLJBB4,19 Jul 2026 12:43:26 GMT,MONDAY,SW1,30,450,ENABLED,1,450,DISABLED
8711180110,ماركت الخديوي,Store Active,alexandria,Al Iskandar?yah,0,DEX5,"31.252434860166456,29.97630483696627",7BFWUA2I57VQKKQ3ADDMG12LN9WTSORSDA2CDSROSTW9NLDPXTQ2EIA2OXXLJBB4,19 Jul 2026 12:43:26 GMT,MONDAY,SW2,30,450,DISABLED,1,450,DISABLED
8711180110,ماركت الخديوي,Store Active,alexandria,Al Iskandar?yah,0,DEX5,"31.252434860166456,29.97630483696627",7BFWUA2I57VQKKQ3ADDMG12LN9WTSORSDA2CDSROSTW9NLDPXTQ2EIA2OXXLJBB4,19 Jul 2026 12:43:26 GMT,TUESDAY,SW1,30,450,ENABLED,1,450,DISABLED
8711180110,ماركت الخديوي,Store Active,alexandria,Al Iskandar?yah,0,DEX5,"31.252434860166456,29.97630483696627",7BFWUA2I57VQKKQ3ADDMG12LN9WTSORSDA2CDSROSTW9NLDPXTQ2EIA2OXXLJBB4,19 Jul 2026 12:43:26 GMT,TUESDAY,SW2,30,450,DISABLED,1,450,DISABLED
8711180110,ماركت الخديوي,Store Active,alexandria,Al Iskandar?yah,0,DEX5,"31.252434860166456,29.97630483696627",7BFWUA2I57VQKKQ3ADDMG12LN9WTSORSDA2CDSROSTW9NLDPXTQ2EIA2OXXLJBB4,19 Jul 2026 12:43:26 GMT,WEDNESDAY,SW1,30,450,ENABLED,1,450,DISABLED
8711180110,ماركت الخديوي,Store Active,alexandria,Al Iskandar?yah,0,DEX5,"31.252434860166456,29.97630483696627",7BFWUA2I57VQKKQ3ADDMG12LN9WTSORSDA2CDSROSTW9NLDPXTQ2EIA2OXXLJBB4,19 Jul 2026 12:43:26 GMT,WEDNESDAY,SW2,30,450,DISABLED,1,450,DISABLED
8711180110,ماركت الخديوي,Store Active,alexandria,Al Iskandar?yah,0,DEX5,"31.252434860166456,29.97630483696627",7BFWUA2I57VQKKQ3ADDMG12LN9WTSORSDA2CDSROSTW9NLDPXTQ2EIA2OXXLJBB4,19 Jul 2026 12:43:26 GMT,THURSDAY,SW1,30,450,ENABLED,1,450,DISABLED
8711180110,ماركت الخديوي,Store Active,alexandria,Al Iskandar?yah,0,DEX5,"31.252434860166456,29.97630483696627",7BFWUA2I57VQKKQ3ADDMG12LN9WTSORSDA2CDSROSTW9NLDPXTQ2EIA2OXXLJBB4,19 Jul 2026 12:43:26 GMT,THURSDAY,SW2,30,450,DISABLED,1,450,DISABLED
8711180110,ماركت الخديوي,Store Active,alexandria,Al Iskandar?yah,0,DEX5,"31.252434860166456,29.97630483696627",7BFWUA2I57VQKKQ3ADDMG12LN9WTSORSDA2CDSROSTW9NLDPXTQ2EIA2OXXLJBB4,19 Jul 2026 12:43:26 GMT,FRIDAY,SW1,30,450,ENABLED,1,450,DISABLED
8711180110,ماركت الخديوي,Store Active,alexandria,Al Iskandar?yah,0,DEX5,"31.252434860166456,29.97630483696627",7BFWUA2I57VQKKQ3ADDMG12LN9WTSORSDA2CDSROSTW9NLDPXTQ2EIA2OXXLJBB4,19 Jul 2026 12:43:26 GMT,FRIDAY,SW2,30,450,DISABLED,1,450,DISABLED
8711180110,ماركت الخديوي,Store Active,alexandria,Al Iskandar?yah,0,DEX5,"31.252434860166456,29.97630483696627",7BFWUA2I57VQKKQ3ADDMG12LN9WTSORSDA2CDSROSTW9NLDPXTQ2EIA2OXXLJBB4,19 Jul 2026 12:43:26 GMT,SATURDAY,SW1,30,450,ENABLED,1,450,DISABLED
8711180110,ماركت الخديوي,Store Active,alexandria,Al Iskandar?yah,0,DEX5,"31.252434860166456,29.97630483696627",7BFWUA2I57VQKKQ3ADDMG12LN9WTSORSDA2CDSROSTW9NLDPXTQ2EIA2OXXLJBB4,19 Jul 2026 12:43:26 GMT,SATURDAY,SW2,30,450,DISABLED,1,450,DISABLED
8711180110,ماركت الخديوي,Store Active,alexandria,Al Iskandar?yah,0,DEX5,"31.252434860166456,29.97630483696627",7BFWUA2I57VQKKQ3ADDMG12LN9WTSORSDA2CDSROSTW9NLDPXTQ2EIA2OXXLJBB4,19 Jul 2026 12:43:26 GMT,SUNDAY,SW1,30,450,ENABLED,1,450,DISABLED
8711180110,ماركت الخديوي,Store Active,alexandria,Al Iskandar?yah,0,DEX5,"31.252434860166456,29.97630483696627",7BFWUA2I57VQKKQ3ADDMG12LN9WTSORSDA2CDSROSTW9NLDPXTQ2EIA2OXXLJBB4,19 Jul 2026 12:43:26 GMT,SUNDAY,SW2,30,450,DISABLED,1,450,DISABLED
5033808212,Down,Store Active,Loran,Al Iskandar?yah,0,DEX5,"31.2478358,29.9743422",OIQADN7UO7GWV3QJRIL4G12LN9WTSORSDA2CDSROSTW9NLDPXTQ2EIA2OXXJM6CO,31 Oct 2024 12:19:37 GMT,MONDAY,SW1,35,375,ENABLED,35,375,DISABLED
5033808212,Down,Store Active,Loran,Al Iskandar?yah,0,DEX5,"31.2478358,29.9743422",OIQADN7UO7GWV3QJRIL4G12LN9WTSORSDA2CDSROSTW9NLDPXTQ2EIA2OXXJM6CO,31 Oct 2024 12:19:37 GMT,MONDAY,SW2,35,375,DISABLED,25,375,DISABLED
5033808212,Down,Store Active,Loran,Al Iskandar?yah,0,DEX5,"31.2478358,29.9743422",OIQADN7UO7GWV3QJRIL4G12LN9WTSORSDA2CDSROSTW9NLDPXTQ2EIA2OXXJM6CO,31 Oct 2024 12:19:37 GMT,TUESDAY,SW1,35,375,ENABLED,35,375,DISABLED
5033808212,Down,Store Active,Loran,Al Iskandar?yah,0,DEX5,"31.2478358,29.9743422",OIQADN7UO7GWV3QJRIL4G12LN9WTSORSDA2CDSROSTW9NLDPXTQ2EIA2OXXJM6CO,31 Oct 2024 12:19:37 GMT,TUESDAY,SW2,35,375,DISABLED,25,375,DISABLED
5033808212,Down,Store Active,Loran,Al Iskandar?yah,0,DEX5,"31.2478358,29.9743422",OIQADN7UO7GWV3QJRIL4G12LN9WTSORSDA2CDSROSTW9NLDPXTQ2EIA2OXXJM6CO,31 Oct 2024 12:19:37 GMT,WEDNESDAY,SW1,35,375,ENABLED,35,375,DISABLED
5033808212,Down,Store Active,Loran,Al Iskandar?yah,0,DEX5,"31.2478358,29.9743422",OIQADN7UO7GWV3QJRIL4G12LN9WTSORSDA2CDSROSTW9NLDPXTQ2EIA2OXXJM6CO,31 Oct 2024 12:19:37 GMT,WEDNESDAY,SW2,35,375,DISABLED,25,375,DISABLED
5033808212,Down,Store Active,Loran,Al Iskandar?yah,0,DEX5,"31.2478358,29.9743422",OIQADN7UO7GWV3QJRIL4G12LN9WTSORSDA2CDSROSTW9NLDPXTQ2EIA2OXXJM6CO,31 Oct 2024 12:19:37 GMT,THURSDAY,SW1,35,375,ENABLED,35,375,DISABLED
5033808212,Down,Store Active,Loran,Al Iskandar?yah,0,DEX5,"31.2478358,29.9743422",OIQADN7UO7GWV3QJRIL4G12LN9WTSORSDA2CDSROSTW9NLDPXTQ2EIA2OXXJM6CO,31 Oct 2024 12:19:37 GMT,THURSDAY,SW2,35,375,DISABLED,25,375,DISABLED
5033808212,Down,Store Active,Loran,Al Iskandar?yah,0,DEX5,"31.2478358,29.9743422",OIQADN7UO7GWV3QJRIL4G12LN9WTSORSDA2CDSROSTW9NLDPXTQ2EIA2OXXJM6CO,31 Oct 2024 12:19:37 GMT,FRIDAY,SW1,35,375,ENABLED,35,375,DISABLED
5033808212,Down,Store Active,Loran,Al Iskandar?yah,0,DEX5,"31.2478358,29.9743422",OIQADN7UO7GWV3QJRIL4G12LN9WTSORSDA2CDSROSTW9NLDPXTQ2EIA2OXXJM6CO,31 Oct 2024 12:19:37 GMT,FRIDAY,SW2,35,375,DISABLED,25,375,DISABLED
5033808212,Down,Store Active,Loran,Al Iskandar?yah,0,DEX5,"31.2478358,29.9743422",OIQADN7UO7GWV3QJRIL4G12LN9WTSORSDA2CDSROSTW9NLDPXTQ2EIA2OXXJM6CO,31 Oct 2024 12:19:37 GMT,SATURDAY,SW1,35,375,ENABLED,35,375,DISABLED
5033808212,Down,Store Active,Loran,Al Iskandar?yah,0,DEX5,"31.2478358,29.9743422",OIQADN7UO7GWV3QJRIL4G12LN9WTSORSDA2CDSROSTW9NLDPXTQ2EIA2OXXJM6CO,31 Oct 2024 12:19:37 GMT,SATURDAY,SW2,35,375,DISABLED,25,375,DISABLED
5033808212,Down,Store Active,Loran,Al Iskandar?yah,0,DEX5,"31.2478358,29.9743422",OIQADN7UO7GWV3QJRIL4G12LN9WTSORSDA2CDSROSTW9NLDPXTQ2EIA2OXXJM6CO,31 Oct 2024 12:19:37 GMT,SUNDAY,SW1,35,375,ENABLED,35,375,DISABLED
5033808212,Down,Store Active,Loran,Al Iskandar?yah,0,DEX5,"31.2478358,29.9743422",OIQADN7UO7GWV3QJRIL4G12LN9WTSORSDA2CDSROSTW9NLDPXTQ2EIA2OXXJM6CO,31 Oct 2024 12:19:37 GMT,SUNDAY,SW2,35,375,DISABLED,25,375,DISABLED
2625529639,ماركت أل عمران,Store Active,Janaklis,Al Iskandar?yah,0,DEX5,"31.2441002,29.9825281",BUYXC3DHZD3UZF2JZ3LIG12LN9WTSORSDA2CDSROSTW9NLDPXTQ2EIA2OXPYBE63,3 Oct 2026 14:55:02 GMT,MONDAY,SW1,35,500,ENABLED,1,500,DISABLED
2625529639,ماركت أل عمران,Store Active,Janaklis,Al Iskandar?yah,0,DEX5,"31.2441002,29.9825281",BUYXC3DHZD3UZF2JZ3LIG12LN9WTSORSDA2CDSROSTW9NLDPXTQ2EIA2OXPYBE63,3 Oct 2026 14:55:02 GMT,MONDAY,SW2,35,1,DISABLED,1,1,DISABLED
2625529639,ماركت أل عمران,Store Active,Janaklis,Al Iskandar?yah,0,DEX5,"31.2441002,29.9825281",BUYXC3DHZD3UZF2JZ3LIG12LN9WTSORSDA2CDSROSTW9NLDPXTQ2EIA2OXPYBE63,3 Oct 2026 14:55:02 GMT,TUESDAY,SW1,35,500,ENABLED,1,500,DISABLED
2625529639,ماركت أل عمران,Store Active,Janaklis,Al Iskandar?yah,0,DEX5,"31.2441002,29.9825281",BUYXC3DHZD3UZF2JZ3LIG12LN9WTSORSDA2CDSROSTW9NLDPXTQ2EIA2OXPYBE63,3 Oct 2026 14:55:02 GMT,TUESDAY,SW2,35,1,DISABLED,1,1,DISABLED
2625529639,ماركت أل عمران,Store Active,Janaklis,Al Iskandar?yah,0,DEX5,"31.2441002,29.9825281",BUYXC3DHZD3UZF2JZ3LIG12LN9WTSORSDA2CDSROSTW9NLDPXTQ2EIA2OXPYBE63,3 Oct 2026 14:55:02 GMT,WEDNESDAY,SW1,35,500,ENABLED,1,500,DISABLED
2625529639,ماركت أل عمران,Store Active,Janaklis,Al Iskandar?yah,0,DEX5,"31.2441002,29.9825281",BUYXC3DHZD3UZF2JZ3LIG12LN9WTSORSDA2CDSROSTW9NLDPXTQ2EIA2OXPYBE63,3 Oct 2026 14:55:02 GMT,WEDNESDAY,SW2,35,1,DISABLED,1,1,DISABLED
2625529639,ماركت أل عمران,Store Active,Janaklis,Al Iskandar?yah,0,DEX5,"31.2441002,29.9825281",BUYXC3DHZD3UZF2JZ3LIG12LN9WTSORSDA2CDSROSTW9NLDPXTQ2EIA2OXPYBE63,3 Oct 2026 14:55:02 GMT,THURSDAY,SW1,35,500,ENABLED,1,500,DISABLED
2625529639,ماركت أل عمران,Store Active,Janaklis,Al Iskandar?yah,0,DEX5,"31.2441002,29.9825281",BUYXC3DHZD3UZF2JZ3LIG12LN9WTSORSDA2CDSROSTW9NLDPXTQ2EIA2OXPYBE63,3 Oct 2026 14:55:02 GMT,THURSDAY,SW2,35,1,DISABLED,1,1,DISABLED
2625529639,ماركت أل عمران,Store Active,Janaklis,Al Iskandar?yah,0,DEX5,"31.2441002,29.9825281",BUYXC3DHZD3UZF2JZ3LIG12LN9WTSORSDA2CDSROSTW9NLDPXTQ2EIA2OXPYBE63,3 Oct 2026 14:55:02 GMT,FRIDAY,SW1,35,500,ENABLED,1,500,DISABLED
2625529639,ماركت أل عمران,Store Active,Janaklis,Al Iskandar?yah,0,DEX5,"31.2441002,29.9825281",BUYXC3DHZD3UZF2JZ3LIG12LN9WTSORSDA2CDSROSTW9NLDPXTQ2EIA2OXPYBE63,3 Oct 2026 14:55:02 GMT,FRIDAY,SW2,35,1,DISABLED,1,1,DISABLED
2625529639,ماركت أل عمران,Store Active,Janaklis,Al Iskandar?yah,0,DEX5,"31.2441002,29.9825281",BUYXC3DHZD3UZF2JZ3LIG12LN9WTSORSDA2CDSROSTW9NLDPXTQ2EIA2OXPYBE63,3 Oct 2026 14:55:02 GMT,SATURDAY,SW1,35,500,ENABLED,1,500,DISABLED
2625529639,ماركت أل عمران,Store Active,Janaklis,Al Iskandar?yah,0,DEX5,"31.2441002,29.9825281",BUYXC3DHZD3UZF2JZ3LIG12LN9WTSORSDA2CDSROSTW9NLDPXTQ2EIA2OXPYBE63,3 Oct 2026 14:55:02 GMT,SATURDAY,SW2,35,1,DISABLED,1,1,DISABLED
2625529639,ماركت أل عمران,Store Active,Janaklis,Al Iskandar?yah,0,DEX5,"31.2441002,29.9825281",BUYXC3DHZD3UZF2JZ3LIG12LN9WTSORSDA2CDSROSTW9NLDPXTQ2EIA2OXPYBE63,3 Oct 2026 14:55:02 GMT,SUNDAY,SW1,35,500,ENABLED,1,500,DISABLED
2625529639,ماركت أل عمران,Store Active,Janaklis,Al Iskandar?yah,0,DEX5,"31.2441002,29.9825281",BUYXC3DHZD3UZF2JZ3LIG12LN9WTSORSDA2CDSROSTW9NLDPXTQ2EIA2OXPYBE63,3 Oct 2026 14:55:02 GMT,SUNDAY,SW2,35,1,DISABLED,1,1,DISABLED
3435910231,ماركت العطار سموحه,Store Active,alexandria,Al Iskandar?yah,0,DEX5,"31.210166533798407,29.959547629289688",6BAKSVIJZYW2ECGV64YAG12LN9WTSORSDA2CDSROSTW9NLDPXTQ2EIA2OX2LBHBW,21 Sep 2026 11:46:56 GMT,MONDAY,SW1,80,375,ENABLED,50,420,DISABLED
3435910231,ماركت العطار سموحه,Store Active,alexandria,Al Iskandar?yah,0,DEX5,"31.210166533798407,29.959547629289688",6BAKSVIJZYW2ECGV64YAG12LN9WTSORSDA2CDSROSTW9NLDPXTQ2EIA2OX2LBHBW,21 Sep 2026 11:46:56 GMT,MONDAY,SW2,30,4000,DISABLED,1,4000,DISABLED
3435910231,ماركت العطار سموحه,Store Active,alexandria,Al Iskandar?yah,0,DEX5,"31.210166533798407,29.959547629289688",6BAKSVIJZYW2ECGV64YAG12LN9WTSORSDA2CDSROSTW9NLDPXTQ2EIA2OX2LBHBW,21 Sep 2026 11:46:56 GMT,TUESDAY,SW1,80,375,ENABLED,50,420,DISABLED
3435910231,ماركت العطار سموحه,Store Active,alexandria,Al Iskandar?yah,0,DEX5,"31.210166533798407,29.959547629289688",6BAKSVIJZYW2ECGV64YAG12LN9WTSORSDA2CDSROSTW9NLDPXTQ2EIA2OX2LBHBW,21 Sep 2026 11:46:56 GMT,TUESDAY,SW2,30,4000,DISABLED,1,4000,DISABLED
3435910231,ماركت العطار سموحه,Store Active,alexandria,Al Iskandar?yah,0,DEX5,"31.210166533798407,29.959547629289688",6BAKSVIJZYW2ECGV64YAG12LN9WTSORSDA2CDSROSTW9NLDPXTQ2EIA2OX2LBHBW,21 Sep 2026 11:46:56 GMT,WEDNESDAY,SW1,80,375,ENABLED,50,420,DISABLED
3435910231,ماركت العطار سموحه,Store Active,alexandria,Al Iskandar?yah,0,DEX5,"31.210166533798407,29.959547629289688",6BAKSVIJZYW2ECGV64YAG12LN9WTSORSDA2CDSROSTW9NLDPXTQ2EIA2OX2LBHBW,21 Sep 2026 11:46:56 GMT,WEDNESDAY,SW2,30,4000,DISABLED,1,4000,DISABLED
3435910231,ماركت العطار سموحه,Store Active,alexandria,Al Iskandar?yah,0,DEX5,"31.210166533798407,29.959547629289688",6BAKSVIJZYW2ECGV64YAG12LN9WTSORSDA2CDSROSTW9NLDPXTQ2EIA2OX2LBHBW,21 Sep 2026 11:46:56 GMT,THURSDAY,SW1,80,375,ENABLED,50,420,DISABLED
3435910231,ماركت العطار سموحه,Store Active,alexandria,Al Iskandar?yah,0,DEX5,"31.210166533798407,29.959547629289688",6BAKSVIJZYW2ECGV64YAG12LN9WTSORSDA2CDSROSTW9NLDPXTQ2EIA2OX2LBHBW,21 Sep 2026 11:46:56 GMT,THURSDAY,SW2,30,4000,DISABLED,1,4000,DISABLED
3435910231,ماركت العطار سموحه,Store Active,alexandria,Al Iskandar?yah,0,DEX5,"31.210166533798407,29.959547629289688",6BAKSVIJZYW2ECGV64YAG12LN9WTSORSDA2CDSROSTW9NLDPXTQ2EIA2OX2LBHBW,21 Sep 2026 11:46:56 GMT,FRIDAY,SW1,80,375,ENABLED,50,420,DISABLED
3435910231,ماركت العطار سموحه,Store Active,alexandria,Al Iskandar?yah,0,DEX5,"31.210166533798407,29.959547629289688",6BAKSVIJZYW2ECGV64YAG12LN9WTSORSDA2CDSROSTW9NLDPXTQ2EIA2OX2LBHBW,21 Sep 2026 11:46:56 GMT,FRIDAY,SW2,30,4000,DISABLED,1,4000,DISABLED
3435910231,ماركت العطار سموحه,Store Active,alexandria,Al Iskandar?yah,0,DEX5,"31.210166533798407,29.959547629289688",6BAKSVIJZYW2ECGV64YAG12LN9WTSORSDA2CDSROSTW9NLDPXTQ2EIA2OX2LBHBW,21 Sep 2026 11:46:56 GMT,SATURDAY,SW1,80,375,ENABLED,50,420,DISABLED
3435910231,ماركت العطار سموحه,Store Active,alexandria,Al Iskandar?yah,0,DEX5,"31.210166533798407,29.959547629289688",6BAKSVIJZYW2ECGV64YAG12LN9WTSORSDA2CDSROSTW9NLDPXTQ2EIA2OX2LBHBW,21 Sep 2026 11:46:56 GMT,SATURDAY,SW2,30,4000,DISABLED,1,4000,DISABLED
3435910231,ماركت العطار سموحه,Store Active,alexandria,Al Iskandar?yah,0,DEX5,"31.210166533798407,29.959547629289688",6BAKSVIJZYW2ECGV64YAG12LN9WTSORSDA2CDSROSTW9NLDPXTQ2EIA2OX2LBHBW,21 Sep 2026 11:46:56 GMT,SUNDAY,SW1,80,375,ENABLED,50,420,DISABLED
3435910231,ماركت العطار سموحه,Store Active,alexandria,Al Iskandar?yah,0,DEX5,"31.210166533798407,29.959547629289688",6BAKSVIJZYW2ECGV64YAG12LN9WTSORSDA2CDSROSTW9NLDPXTQ2EIA2OX2LBHBW,21 Sep 2026 11:46:56 GMT,SUNDAY,SW2,30,4000,DISABLED,1,4000,DISABLED
3253486769,safir lileutur,Store Active,Alexandria,Al Iskandar?yah,0,DEX5,"31.200074905861392,29.920496463120237",SDVILCQVZPIVBBM3HNOYG12LN9WTSORSDA2CDSROSTW9NLDPXTQ2EIA2OXLIT5UX,16 Sep 2026 13:37:23 GMT,MONDAY,SW1,50,375,ENABLED,40,400,DISABLED
3253486769,safir lileutur,Store Active,Alexandria,Al Iskandar?yah,0,DEX5,"31.200074905861392,29.920496463120237",SDVILCQVZPIVBBM3HNOYG12LN9WTSORSDA2CDSROSTW9NLDPXTQ2EIA2OXLIT5UX,16 Sep 2026 13:37:23 GMT,MONDAY,SW2,30,4000,DISABLED,1,4000,DISABLED
3253486769,safir lileutur,Store Active,Alexandria,Al Iskandar?yah,0,DEX5,"31.200074905861392,29.920496463120237",SDVILCQVZPIVBBM3HNOYG12LN9WTSORSDA2CDSROSTW9NLDPXTQ2EIA2OXLIT5UX,16 Sep 2026 13:37:23 GMT,TUESDAY,SW1,50,375,ENABLED,40,400,DISABLED
3253486769,safir lileutur,Store Active,Alexandria,Al Iskandar?yah,0,DEX5,"31.200074905861392,29.920496463120237",SDVILCQVZPIVBBM3HNOYG12LN9WTSORSDA2CDSROSTW9NLDPXTQ2EIA2OXLIT5UX,16 Sep 2026 13:37:23 GMT,TUESDAY,SW2,30,4000,DISABLED,1,4000,DISABLED
3253486769,safir lileutur,Store Active,Alexandria,Al Iskandar?yah,0,DEX5,"31.200074905861392,29.920496463120237",SDVILCQVZPIVBBM3HNOYG12LN9WTSORSDA2CDSROSTW9NLDPXTQ2EIA2OXLIT5UX,16 Sep 2026 13:37:23 GMT,WEDNESDAY,SW1,50,375,ENABLED,40,400,DISABLED
3253486769,safir lileutur,Store Active,Alexandria,Al Iskandar?yah,0,DEX5,"31.200074905861392,29.920496463120237",SDVILCQVZPIVBBM3HNOYG12LN9WTSORSDA2CDSROSTW9NLDPXTQ2EIA2OXLIT5UX,16 Sep 2026 13:37:23 GMT,WEDNESDAY,SW2,30,4000,DISABLED,1,4000,DISABLED
3253486769,safir lileutur,Store Active,Alexandria,Al Iskandar?yah,0,DEX5,"31.200074905861392,29.920496463120237",SDVILCQVZPIVBBM3HNOYG12LN9WTSORSDA2CDSROSTW9NLDPXTQ2EIA2OXLIT5UX,16 Sep 2026 13:37:23 GMT,THURSDAY,SW1,50,375,ENABLED,40,400,DISABLED
3253486769,safir lileutur,Store Active,Alexandria,Al Iskandar?yah,0,DEX5,"31.200074905861392,29.920496463120237",SDVILCQVZPIVBBM3HNOYG12LN9WTSORSDA2CDSROSTW9NLDPXTQ2EIA2OXLIT5UX,16 Sep 2026 13:37:23 GMT,THURSDAY,SW2,30,4000,DISABLED,1,4000,DISABLED
3253486769,safir lileutur,Store Active,Alexandria,Al Iskandar?yah,0,DEX5,"31.200074905861392,29.920496463120237",SDVILCQVZPIVBBM3HNOYG12LN9WTSORSDA2CDSROSTW9NLDPXTQ2EIA2OXLIT5UX,16 Sep 2026 13:37:23 GMT,FRIDAY,SW1,50,375,ENABLED,40,400,DISABLED
3253486769,safir lileutur,Store Active,Alexandria,Al Iskandar?yah,0,DEX5,"31.200074905861392,29.920496463120237",SDVILCQVZPIVBBM3HNOYG12LN9WTSORSDA2CDSROSTW9NLDPXTQ2EIA2OXLIT5UX,16 Sep 2026 13:37:23 GMT,FRIDAY,SW2,30,4000,DISABLED,1,4000,DISABLED
3253486769,safir lileutur,Store Active,Alexandria,Al Iskandar?yah,0,DEX5,"31.200074905861392,29.920496463120237",SDVILCQVZPIVBBM3HNOYG12LN9WTSORSDA2CDSROSTW9NLDPXTQ2EIA2OXLIT5UX,16 Sep 2026 13:37:23 GMT,SATURDAY,SW1,50,375,ENABLED,40,400,DISABLED
3253486769,safir lileutur,Store Active,Alexandria,Al Iskandar?yah,0,DEX5,"31.200074905861392,29.920496463120237",SDVILCQVZPIVBBM3HNOYG12LN9WTSORSDA2CDSROSTW9NLDPXTQ2EIA2OXLIT5UX,16 Sep 2026 13:37:23 GMT,SATURDAY,SW2,30,4000,DISABLED,1,4000,DISABLED
3253486769,safir lileutur,Store Active,Alexandria,Al Iskandar?yah,0,DEX5,"31.200074905861392,29.920496463120237",SDVILCQVZPIVBBM3HNOYG12LN9WTSORSDA2CDSROSTW9NLDPXTQ2EIA2OXLIT5UX,16 Sep 2026 13:37:23 GMT,SUNDAY,SW1,50,375,ENABLED,40,400,DISABLED
3253486769,safir lileutur,Store Active,Alexandria,Al Iskandar?yah,0,DEX5,"31.200074905861392,29.920496463120237",SDVILCQVZPIVBBM3HNOYG12LN9WTSORSDA2CDSROSTW9NLDPXTQ2EIA2OXLIT5UX,16 Sep 2026 13:37:23 GMT,SUNDAY,SW2,30,4000,DISABLED,1,4000,DISABLED
7177217236,OSO ALEX,Store Inactive,alexandria,Al Iskandar?yah,0,DEX5,"31.22384477219751,29.940413692461696",J2LDAZFVIZQFKUU2RJNIG12LN9WTSORSDA2CDSROSTW9NLDPXTQ2EIA2OXQUKGKY,NA,MONDAY,SW1,0,450,ENABLED,0,0,DISABLED
7177217236,OSO ALEX,Store Inactive,alexandria,Al Iskandar?yah,0,DEX5,"31.22384477219751,29.940413692461696",J2LDAZFVIZQFKUU2RJNIG12LN9WTSORSDA2CDSROSTW9NLDPXTQ2EIA2OXQUKGKY,NA,MONDAY,SW2,0,450,DISABLED,0,0,DISABLED
7177217236,OSO ALEX,Store Inactive,alexandria,Al Iskandar?yah,0,DEX5,"31.22384477219751,29.940413692461696",J2LDAZFVIZQFKUU2RJNIG12LN9WTSORSDA2CDSROSTW9NLDPXTQ2EIA2OXQUKGKY,NA,TUESDAY,SW1,0,450,ENABLED,0,0,DISABLED
7177217236,OSO ALEX,Store Inactive,alexandria,Al Iskandar?yah,0,DEX5,"31.22384477219751,29.940413692461696",J2LDAZFVIZQFKUU2RJNIG12LN9WTSORSDA2CDSROSTW9NLDPXTQ2EIA2OXQUKGKY,NA,TUESDAY,SW2,0,450,DISABLED,0,0,DISABLED
7177217236,OSO ALEX,Store Inactive,alexandria,Al Iskandar?yah,0,DEX5,"31.22384477219751,29.940413692461696",J2LDAZFVIZQFKUU2RJNIG12LN9WTSORSDA2CDSROSTW9NLDPXTQ2EIA2OXQUKGKY,NA,WEDNESDAY,SW1,0,450,ENABLED,0,0,DISABLED
7177217236,OSO ALEX,Store Inactive,alexandria,Al Iskandar?yah,0,DEX5,"31.22384477219751,29.940413692461696",J2LDAZFVIZQFKUU2RJNIG12LN9WTSORSDA2CDSROSTW9NLDPXTQ2EIA2OXQUKGKY,NA,WEDNESDAY,SW2,0,450,DISABLED,0,0,DISABLED
7177217236,OSO ALEX,Store Inactive,alexandria,Al Iskandar?yah,0,DEX5,"31.22384477219751,29.940413692461696",J2LDAZFVIZQFKUU2RJNIG12LN9WTSORSDA2CDSROSTW9NLDPXTQ2EIA2OXQUKGKY,NA,THURSDAY,SW1,0,450,ENABLED,0,0,DISABLED
7177217236,OSO ALEX,Store Inactive,alexandria,Al Iskandar?yah,0,DEX5,"31.22384477219751,29.940413692461696",J2LDAZFVIZQFKUU2RJNIG12LN9WTSORSDA2CDSROSTW9NLDPXTQ2EIA2OXQUKGKY,NA,THURSDAY,SW2,0,450,DISABLED,0,0,DISABLED
7177217236,OSO ALEX,Store Inactive,alexandria,Al Iskandar?yah,0,DEX5,"31.22384477219751,29.940413692461696",J2LDAZFVIZQFKUU2RJNIG12LN9WTSORSDA2CDSROSTW9NLDPXTQ2EIA2OXQUKGKY,NA,FRIDAY,SW1,0,450,ENABLED,0,0,DISABLED
7177217236,OSO ALEX,Store Inactive,alexandria,Al Iskandar?yah,0,DEX5,"31.22384477219751,29.940413692461696",J2LDAZFVIZQFKUU2RJNIG12LN9WTSORSDA2CDSROSTW9NLDPXTQ2EIA2OXQUKGKY,NA,FRIDAY,SW2,0,450,DISABLED,0,0,DISABLED
7177217236,OSO ALEX,Store Inactive,alexandria,Al Iskandar?yah,0,DEX5,"31.22384477219751,29.940413692461696",J2LDAZFVIZQFKUU2RJNIG12LN9WTSORSDA2CDSROSTW9NLDPXTQ2EIA2OXQUKGKY,NA,SATURDAY,SW1,0,450,ENABLED,0,0,DISABLED
7177217236,OSO ALEX,Store Inactive,alexandria,Al Iskandar?yah,0,DEX5,"31.22384477219751,29.940413692461696",J2LDAZFVIZQFKUU2RJNIG12LN9WTSORSDA2CDSROSTW9NLDPXTQ2EIA2OXQUKGKY,NA,SATURDAY,SW2,0,450,DISABLED,0,0,DISABLED
7177217236,OSO ALEX,Store Inactive,alexandria,Al Iskandar?yah,0,DEX5,"31.22384477219751,29.940413692461696",J2LDAZFVIZQFKUU2RJNIG12LN9WTSORSDA2CDSROSTW9NLDPXTQ2EIA2OXQUKGKY,NA,SUNDAY,SW1,0,450,ENABLED,0,0,DISABLED
7177217236,OSO ALEX,Store Inactive,alexandria,Al Iskandar?yah,0,DEX5,"31.22384477219751,29.940413692461696",J2LDAZFVIZQFKUU2RJNIG12LN9WTSORSDA2CDSROSTW9NLDPXTQ2EIA2OXQUKGKY,NA,SUNDAY,SW2,0,450,DISABLED,0,0,DISABLED
5353831907,المعلم,Store Active,الاسكندريه,Al Iskandar?yah,0,DEX5,"31.23965571,29.96050523",WIG5JITXL5MF476YQ5RIG12LN9WTSORSDA2CDSROSTW9NLDPXTQ2EIA2OX7FLZGB,25 Apr 2024 10:08:39 GMT,MONDAY,SW1,50,425,ENABLED,50,425,DISABLED
5353831907,المعلم,Store Active,الاسكندريه,Al Iskandar?yah,0,DEX5,"31.23965571,29.96050523",WIG5JITXL5MF476YQ5RIG12LN9WTSORSDA2CDSROSTW9NLDPXTQ2EIA2OX7FLZGB,25 Apr 2024 10:08:39 GMT,MONDAY,SW2,50,425,DISABLED,50,0,DISABLED
5353831907,المعلم,Store Active,الاسكندريه,Al Iskandar?yah,0,DEX5,"31.23965571,29.96050523",WIG5JITXL5MF476YQ5RIG12LN9WTSORSDA2CDSROSTW9NLDPXTQ2EIA2OX7FLZGB,25 Apr 2024 10:08:39 GMT,TUESDAY,SW1,50,425,ENABLED,50,425,DISABLED
5353831907,المعلم,Store Active,الاسكندريه,Al Iskandar?yah,0,DEX5,"31.23965571,29.96050523",WIG5JITXL5MF476YQ5RIG12LN9WTSORSDA2CDSROSTW9NLDPXTQ2EIA2OX7FLZGB,25 Apr 2024 10:08:39 GMT,TUESDAY,SW2,50,425,DISABLED,50,0,DISABLED
5353831907,المعلم,Store Active,الاسكندريه,Al Iskandar?yah,0,DEX5,"31.23965571,29.96050523",WIG5JITXL5MF476YQ5RIG12LN9WTSORSDA2CDSROSTW9NLDPXTQ2EIA2OX7FLZGB,25 Apr 2024 10:08:39 GMT,WEDNESDAY,SW1,50,425,ENABLED,50,425,DISABLED
5353831907,المعلم,Store Active,الاسكندريه,Al Iskandar?yah,0,DEX5,"31.23965571,29.96050523",WIG5JITXL5MF476YQ5RIG12LN9WTSORSDA2CDSROSTW9NLDPXTQ2EIA2OX7FLZGB,25 Apr 2024 10:08:39 GMT,WEDNESDAY,SW2,50,425,DISABLED,50,0,DISABLED
5353831907,المعلم,Store Active,الاسكندريه,Al Iskandar?yah,0,DEX5,"31.23965571,29.96050523",WIG5JITXL5MF476YQ5RIG12LN9WTSORSDA2CDSROSTW9NLDPXTQ2EIA2OX7FLZGB,25 Apr 2024 10:08:39 GMT,THURSDAY,SW1,50,425,ENABLED,50,425,DISABLED
5353831907,المعلم,Store Active,الاسكندريه,Al Iskandar?yah,0,DEX5,"31.23965571,29.96050523",WIG5JITXL5MF476YQ5RIG12LN9WTSORSDA2CDSROSTW9NLDPXTQ2EIA2OX7FLZGB,25 Apr 2024 10:08:39 GMT,THURSDAY,SW2,50,425,DISABLED,50,0,DISABLED
5353831907,المعلم,Store Active,الاسكندريه,Al Iskandar?yah,0,DEX5,"31.23965571,29.96050523",WIG5JITXL5MF476YQ5RIG12LN9WTSORSDA2CDSROSTW9NLDPXTQ2EIA2OX7FLZGB,25 Apr 2024 10:08:39 GMT,FRIDAY,SW1,50,425,ENABLED,50,425,DISABLED
5353831907,المعلم,Store Active,الاسكندريه,Al Iskandar?yah,0,DEX5,"31.23965571,29.96050523",WIG5JITXL5MF476YQ5RIG12LN9WTSORSDA2CDSROSTW9NLDPXTQ2EIA2OX7FLZGB,25 Apr 2024 10:08:39 GMT,FRIDAY,SW2,50,425,DISABLED,50,0,DISABLED
5353831907,المعلم,Store Active,الاسكندريه,Al Iskandar?yah,0,DEX5,"31.23965571,29.96050523",WIG5JITXL5MF476YQ5RIG12LN9WTSORSDA2CDSROSTW9NLDPXTQ2EIA2OX7FLZGB,25 Apr 2024 10:08:39 GMT,SATURDAY,SW1,50,425,ENABLED,50,425,DISABLED
5353831907,المعلم,Store Active,الاسكندريه,Al Iskandar?yah,0,DEX5,"31.23965571,29.96050523",WIG5JITXL5MF476YQ5RIG12LN9WTSORSDA2CDSROSTW9NLDPXTQ2EIA2OX7FLZGB,25 Apr 2024 10:08:39 GMT,SATURDAY,SW2,50,425,DISABLED,50,0,DISABLED
5353831907,المعلم,Store Active,الاسكندريه,Al Iskandar?yah,0,DEX5,"31.23965571,29.96050523",WIG5JITXL5MF476YQ5RIG12LN9WTSORSDA2CDSROSTW9NLDPXTQ2EIA2OX7FLZGB,25 Apr 2024 10:08:39 GMT,SUNDAY,SW1,50,425,ENABLED,50,425,DISABLED
5353831907,المعلم,Store Active,الاسكندريه,Al Iskandar?yah,0,DEX5,"31.23965571,29.96050523",WIG5JITXL5MF476YQ5RIG12LN9WTSORSDA2CDSROSTW9NLDPXTQ2EIA2OX7FLZGB,25 Apr 2024 10:08:39 GMT,SUNDAY,SW2,50,425,DISABLED,50,0,DISABLED
3051255188,RUQAN MARKET,Store Active,Alexandria,Al Iskandar?yah,0,DEX5,"31.241648103866375,29.96251595937722",Z7K4GP5SG6Q4YCHCZ4NUG12LN9WTSORSDA2CDSROSTW9NLDPXTQ2EQA2OXZUTLGM,25 Apr 2026 19:38:32 GMT,MONDAY,SW1,50,425,ENABLED,50,425,DISABLED
3051255188,RUQAN MARKET,Store Active,Alexandria,Al Iskandar?yah,0,DEX5,"31.241648103866375,29.96251595937722",Z7K4GP5SG6Q4YCHCZ4NUG12LN9WTSORSDA2CDSROSTW9NLDPXTQ2EQA2OXZUTLGM,25 Apr 2026 19:38:32 GMT,MONDAY,SW2,50,425,DISABLED,50,0,DISABLED
3051255188,RUQAN MARKET,Store Active,Alexandria,Al Iskandar?yah,0,DEX5,"31.241648103866375,29.96251595937722",Z7K4GP5SG6Q4YCHCZ4NUG12LN9WTSORSDA2CDSROSTW9NLDPXTQ2EQA2OXZUTLGM,25 Apr 2026 19:38:32 GMT,TUESDAY,SW1,50,425,ENABLED,50,425,DISABLED
3051255188,RUQAN MARKET,Store Active,Alexandria,Al Iskandar?yah,0,DEX5,"31.241648103866375,29.96251595937722",Z7K4GP5SG6Q4YCHCZ4NUG12LN9WTSORSDA2CDSROSTW9NLDPXTQ2EQA2OXZUTLGM,25 Apr 2026 19:38:32 GMT,TUESDAY,SW2,50,425,DISABLED,50,0,DISABLED
3051255188,RUQAN MARKET,Store Active,Alexandria,Al Iskandar?yah,0,DEX5,"31.241648103866375,29.96251595937722",Z7K4GP5SG6Q4YCHCZ4NUG12LN9WTSORSDA2CDSROSTW9NLDPXTQ2EQA2OXZUTLGM,25 Apr 2026 19:38:32 GMT,WEDNESDAY,SW1,50,425,ENABLED,50,425,DISABLED
3051255188,RUQAN MARKET,Store Active,Alexandria,Al Iskandar?yah,0,DEX5,"31.241648103866375,29.96251595937722",Z7K4GP5SG6Q4YCHCZ4NUG12LN9WTSORSDA2CDSROSTW9NLDPXTQ2EQA2OXZUTLGM,25 Apr 2026 19:38:32 GMT,WEDNESDAY,SW2,50,425,DISABLED,50,0,DISABLED
3051255188,RUQAN MARKET,Store Active,Alexandria,Al Iskandar?yah,0,DEX5,"31.241648103866375,29.96251595937722",Z7K4GP5SG6Q4YCHCZ4NUG12LN9WTSORSDA2CDSROSTW9NLDPXTQ2EQA2OXZUTLGM,25 Apr 2026 19:38:32 GMT,THURSDAY,SW1,50,425,ENABLED,50,425,DISABLED
3051255188,RUQAN MARKET,Store Active,Alexandria,Al Iskandar?yah,0,DEX5,"31.241648103866375,29.96251595937722",Z7K4GP5SG6Q4YCHCZ4NUG12LN9WTSORSDA2CDSROSTW9NLDPXTQ2EQA2OXZUTLGM,25 Apr 2026 19:38:32 GMT,THURSDAY,SW2,50,425,DISABLED,50,0,DISABLED
3051255188,RUQAN MARKET,Store Active,Alexandria,Al Iskandar?yah,0,DEX5,"31.241648103866375,29.96251595937722",Z7K4GP5SG6Q4YCHCZ4NUG12LN9WTSORSDA2CDSROSTW9NLDPXTQ2EQA2OXZUTLGM,25 Apr 2026 19:38:32 GMT,FRIDAY,SW1,50,425,ENABLED,50,425,DISABLED
3051255188,RUQAN MARKET,Store Active,Alexandria,Al Iskandar?yah,0,DEX5,"31.241648103866375,29.96251595937722",Z7K4GP5SG6Q4YCHCZ4NUG12LN9WTSORSDA2CDSROSTW9NLDPXTQ2EQA2OXZUTLGM,25 Apr 2026 19:38:32 GMT,FRIDAY,SW2,50,425,DISABLED,50,0,DISABLED
3051255188,RUQAN MARKET,Store Active,Alexandria,Al Iskandar?yah,0,DEX5,"31.241648103866375,29.96251595937722",Z7K4GP5SG6Q4YCHCZ4NUG12LN9WTSORSDA2CDSROSTW9NLDPXTQ2EQA2OXZUTLGM,25 Apr 2026 19:38:32 GMT,SATURDAY,SW1,50,425,ENABLED,50,425,DISABLED
3051255188,RUQAN MARKET,Store Active,Alexandria,Al Iskandar?yah,0,DEX5,"31.241648103866375,29.96251595937722",Z7K4GP5SG6Q4YCHCZ4NUG12LN9WTSORSDA2CDSROSTW9NLDPXTQ2EQA2OXZUTLGM,25 Apr 2026 19:38:32 GMT,SATURDAY,SW2,50,425,DISABLED,50,0,DISABLED
3051255188,RUQAN MARKET,Store Active,Alexandria,Al Iskandar?yah,0,DEX5,"31.241648103866375,29.96251595937722",Z7K4GP5SG6Q4YCHCZ4NUG12LN9WTSORSDA2CDSROSTW9NLDPXTQ2EQA2OXZUTLGM,25 Apr 2026 19:38:32 GMT,SUNDAY,SW1,50,425,ENABLED,50,425,DISABLED
3051255188,RUQAN MARKET,Store Active,Alexandria,Al Iskandar?yah,0,DEX5,"31.241648103866375,29.96251595937722",Z7K4GP5SG6Q4YCHCZ4NUG12LN9WTSORSDA2CDSROSTW9NLDPXTQ2EQA2OXZUTLGM,25 Apr 2026 19:38:32 GMT,SUNDAY,SW2,50,425,DISABLED,50,0,DISABLED
2957899808,Kimo Phone,Store Active,Alexandria,Al Iskandar?yah,0,DEX5,"31.229305,29.960212",PV4I4KX2CICWMRIKXYWQG12LN9WTSORSDA2CDSROSTW9NLDPXTQ2EIA2OXQM4SOU,16 Oct 2025 05:58:39 GMT,MONDAY,SW1,50,425,ENABLED,50,425,DISABLED
2957899808,Kimo Phone,Store Active,Alexandria,Al Iskandar?yah,0,DEX5,"31.229305,29.960212",PV4I4KX2CICWMRIKXYWQG12LN9WTSORSDA2CDSROSTW9NLDPXTQ2EIA2OXQM4SOU,16 Oct 2025 05:58:39 GMT,MONDAY,SW2,50,425,DISABLED,50,0,DISABLED
2957899808,Kimo Phone,Store Active,Alexandria,Al Iskandar?yah,0,DEX5,"31.229305,29.960212",PV4I4KX2CICWMRIKXYWQG12LN9WTSORSDA2CDSROSTW9NLDPXTQ2EIA2OXQM4SOU,16 Oct 2025 05:58:39 GMT,TUESDAY,SW1,50,425,ENABLED,50,425,DISABLED
2957899808,Kimo Phone,Store Active,Alexandria,Al Iskandar?yah,0,DEX5,"31.229305,29.960212",PV4I4KX2CICWMRIKXYWQG12LN9WTSORSDA2CDSROSTW9NLDPXTQ2EIA2OXQM4SOU,16 Oct 2025 05:58:39 GMT,TUESDAY,SW2,50,425,DISABLED,50,0,DISABLED
2957899808,Kimo Phone,Store Active,Alexandria,Al Iskandar?yah,0,DEX5,"31.229305,29.960212",PV4I4KX2CICWMRIKXYWQG12LN9WTSORSDA2CDSROSTW9NLDPXTQ2EIA2OXQM4SOU,16 Oct 2025 05:58:39 GMT,WEDNESDAY,SW1,50,425,ENABLED,50,425,DISABLED
2957899808,Kimo Phone,Store Active,Alexandria,Al Iskandar?yah,0,DEX5,"31.229305,29.960212",PV4I4KX2CICWMRIKXYWQG12LN9WTSORSDA2CDSROSTW9NLDPXTQ2EIA2OXQM4SOU,16 Oct 2025 05:58:39 GMT,WEDNESDAY,SW2,50,425,DISABLED,50,0,DISABLED
2957899808,Kimo Phone,Store Active,Alexandria,Al Iskandar?yah,0,DEX5,"31.229305,29.960212",PV4I4KX2CICWMRIKXYWQG12LN9WTSORSDA2CDSROSTW9NLDPXTQ2EIA2OXQM4SOU,16 Oct 2025 05:58:39 GMT,THURSDAY,SW1,50,425,ENABLED,50,425,DISABLED
2957899808,Kimo Phone,Store Active,Alexandria,Al Iskandar?yah,0,DEX5,"31.229305,29.960212",PV4I4KX2CICWMRIKXYWQG12LN9WTSORSDA2CDSROSTW9NLDPXTQ2EIA2OXQM4SOU,16 Oct 2025 05:58:39 GMT,THURSDAY,SW2,50,425,DISABLED,50,0,DISABLED
2957899808,Kimo Phone,Store Active,Alexandria,Al Iskandar?yah,0,DEX5,"31.229305,29.960212",PV4I4KX2CICWMRIKXYWQG12LN9WTSORSDA2CDSROSTW9NLDPXTQ2EIA2OXQM4SOU,16 Oct 2025 05:58:39 GMT,FRIDAY,SW1,50,425,ENABLED,50,425,DISABLED
2957899808,Kimo Phone,Store Active,Alexandria,Al Iskandar?yah,0,DEX5,"31.229305,29.960212",PV4I4KX2CICWMRIKXYWQG12LN9WTSORSDA2CDSROSTW9NLDPXTQ2EIA2OXQM4SOU,16 Oct 2025 05:58:39 GMT,FRIDAY,SW2,50,425,DISABLED,50,0,DISABLED
2957899808,Kimo Phone,Store Active,Alexandria,Al Iskandar?yah,0,DEX5,"31.229305,29.960212",PV4I4KX2CICWMRIKXYWQG12LN9WTSORSDA2CDSROSTW9NLDPXTQ2EIA2OXQM4SOU,16 Oct 2025 05:58:39 GMT,SATURDAY,SW1,50,425,ENABLED,50,425,DISABLED
2957899808,Kimo Phone,Store Active,Alexandria,Al Iskandar?yah,0,DEX5,"31.229305,29.960212",PV4I4KX2CICWMRIKXYWQG12LN9WTSORSDA2CDSROSTW9NLDPXTQ2EIA2OXQM4SOU,16 Oct 2025 05:58:39 GMT,SATURDAY,SW2,50,425,DISABLED,50,0,DISABLED
2957899808,Kimo Phone,Store Active,Alexandria,Al Iskandar?yah,0,DEX5,"31.229305,29.960212",PV4I4KX2CICWMRIKXYWQG12LN9WTSORSDA2CDSROSTW9NLDPXTQ2EIA2OXQM4SOU,16 Oct 2025 05:58:39 GMT,SUNDAY,SW1,50,425,ENABLED,50,425,DISABLED
2957899808,Kimo Phone,Store Active,Alexandria,Al Iskandar?yah,0,DEX5,"31.229305,29.960212",PV4I4KX2CICWMRIKXYWQG12LN9WTSORSDA2CDSROSTW9NLDPXTQ2EIA2OXQM4SOU,16 Oct 2025 05:58:39 GMT,SUNDAY,SW2,50,425,DISABLED,50,0,DISABLED
9377657720,Makka market,Store Inactive,Alexandria,Al Iskandar?yah,0,DEX5,"31.22643380077193,29.950716482630142",ZE5EDWP3RMBFLHVUBNHMG12LN9WTSORSDA2CDSROSTW9NLDPXTQ2EIA2OX2PIXPG,NA,MONDAY,SW1,50,425,ENABLED,50,0,DISABLED
9377657720,Makka market,Store Inactive,Alexandria,Al Iskandar?yah,0,DEX5,"31.22643380077193,29.950716482630142",ZE5EDWP3RMBFLHVUBNHMG12LN9WTSORSDA2CDSROSTW9NLDPXTQ2EIA2OX2PIXPG,NA,MONDAY,SW2,50,425,DISABLED,50,0,DISABLED
9377657720,Makka market,Store Inactive,Alexandria,Al Iskandar?yah,0,DEX5,"31.22643380077193,29.950716482630142",ZE5EDWP3RMBFLHVUBNHMG12LN9WTSORSDA2CDSROSTW9NLDPXTQ2EIA2OX2PIXPG,NA,TUESDAY,SW1,50,425,ENABLED,50,0,DISABLED
9377657720,Makka market,Store Inactive,Alexandria,Al Iskandar?yah,0,DEX5,"31.22643380077193,29.950716482630142",ZE5EDWP3RMBFLHVUBNHMG12LN9WTSORSDA2CDSROSTW9NLDPXTQ2EIA2OX2PIXPG,NA,TUESDAY,SW2,50,425,DISABLED,50,0,DISABLED
9377657720,Makka market,Store Inactive,Alexandria,Al Iskandar?yah,0,DEX5,"31.22643380077193,29.950716482630142",ZE5EDWP3RMBFLHVUBNHMG12LN9WTSORSDA2CDSROSTW9NLDPXTQ2EIA2OX2PIXPG,NA,WEDNESDAY,SW1,50,425,ENABLED,50,0,DISABLED
9377657720,Makka market,Store Inactive,Alexandria,Al Iskandar?yah,0,DEX5,"31.22643380077193,29.950716482630142",ZE5EDWP3RMBFLHVUBNHMG12LN9WTSORSDA2CDSROSTW9NLDPXTQ2EIA2OX2PIXPG,NA,WEDNESDAY,SW2,50,425,DISABLED,50,0,DISABLED
9377657720,Makka market,Store Inactive,Alexandria,Al Iskandar?yah,0,DEX5,"31.22643380077193,29.950716482630142",ZE5EDWP3RMBFLHVUBNHMG12LN9WTSORSDA2CDSROSTW9NLDPXTQ2EIA2OX2PIXPG,NA,THURSDAY,SW1,50,425,ENABLED,50,0,DISABLED
9377657720,Makka market,Store Inactive,Alexandria,Al Iskandar?yah,0,DEX5,"31.22643380077193,29.950716482630142",ZE5EDWP3RMBFLHVUBNHMG12LN9WTSORSDA2CDSROSTW9NLDPXTQ2EIA2OX2PIXPG,NA,THURSDAY,SW2,50,425,DISABLED,50,0,DISABLED
9377657720,Makka market,Store Inactive,Alexandria,Al Iskandar?yah,0,DEX5,"31.22643380077193,29.950716482630142",ZE5EDWP3RMBFLHVUBNHMG12LN9WTSORSDA2CDSROSTW9NLDPXTQ2EIA2OX2PIXPG,NA,FRIDAY,SW1,50,425,ENABLED,50,0,DISABLED
9377657720,Makka market,Store Inactive,Alexandria,Al Iskandar?yah,0,DEX5,"31.22643380077193,29.950716482630142",ZE5EDWP3RMBFLHVUBNHMG12LN9WTSORSDA2CDSROSTW9NLDPXTQ2EIA2OX2PIXPG,NA,FRIDAY,SW2,50,425,DISABLED,50,0,DISABLED
9377657720,Makka market,Store Inactive,Alexandria,Al Iskandar?yah,0,DEX5,"31.22643380077193,29.950716482630142",ZE5EDWP3RMBFLHVUBNHMG12LN9WTSORSDA2CDSROSTW9NLDPXTQ2EIA2OX2PIXPG,NA,SATURDAY,SW1,50,425,ENABLED,50,0,DISABLED
9377657720,Makka market,Store Inactive,Alexandria,Al Iskandar?yah,0,DEX5,"31.22643380077193,29.950716482630142",ZE5EDWP3RMBFLHVUBNHMG12LN9WTSORSDA2CDSROSTW9NLDPXTQ2EIA2OX2PIXPG,NA,SATURDAY,SW2,50,425,DISABLED,50,0,DISABLED
9377657720,Makka market,Store Inactive,Alexandria,Al Iskandar?yah,0,DEX5,"31.22643380077193,29.950716482630142",ZE5EDWP3RMBFLHVUBNHMG12LN9WTSORSDA2CDSROSTW9NLDPXTQ2EIA2OX2PIXPG,NA,SUNDAY,SW1,50,425,ENABLED,50,0,DISABLED
9377657720,Makka market,Store Inactive,Alexandria,Al Iskandar?yah,0,DEX5,"31.22643380077193,29.950716482630142",ZE5EDWP3RMBFLHVUBNHMG12LN9WTSORSDA2CDSROSTW9NLDPXTQ2EIA2OX2PIXPG,NA,SUNDAY,SW2,50,425,DISABLED,50,0,DISABLED
9736364171,Express Market,Store Active,alexandria,Al Iskandar?yah,0,DEX5,"31.24624886452638,29.975613747934684",G5A7SBSQXCZXRQ3ZGJCQG12LN9WTSORSDA2CDSROSTW9NLDPXTQ2EIA2OXLQ4KT2,24 Aug 2026 07:29:51 GMT,MONDAY,SW1,55,375,ENABLED,50,400,DISABLED
9736364171,Express Market,Store Active,alexandria,Al Iskandar?yah,0,DEX5,"31.24624886452638,29.975613747934684",G5A7SBSQXCZXRQ3ZGJCQG12LN9WTSORSDA2CDSROSTW9NLDPXTQ2EIA2OXLQ4KT2,24 Aug 2026 07:29:51 GMT,MONDAY,SW2,50,4000,DISABLED,15,4000,DISABLED
9736364171,Express Market,Store Active,alexandria,Al Iskandar?yah,0,DEX5,"31.24624886452638,29.975613747934684",G5A7SBSQXCZXRQ3ZGJCQG12LN9WTSORSDA2CDSROSTW9NLDPXTQ2EIA2OXLQ4KT2,24 Aug 2026 07:29:51 GMT,TUESDAY,SW1,55,375,ENABLED,50,400,DISABLED
9736364171,Express Market,Store Active,alexandria,Al Iskandar?yah,0,DEX5,"31.24624886452638,29.975613747934684",G5A7SBSQXCZXRQ3ZGJCQG12LN9WTSORSDA2CDSROSTW9NLDPXTQ2EIA2OXLQ4KT2,24 Aug 2026 07:29:51 GMT,TUESDAY,SW2,50,4000,DISABLED,15,4000,DISABLED
9736364171,Express Market,Store Active,alexandria,Al Iskandar?yah,0,DEX5,"31.24624886452638,29.975613747934684",G5A7SBSQXCZXRQ3ZGJCQG12LN9WTSORSDA2CDSROSTW9NLDPXTQ2EIA2OXLQ4KT2,24 Aug 2026 07:29:51 GMT,WEDNESDAY,SW1,55,375,ENABLED,50,400,DISABLED
9736364171,Express Market,Store Active,alexandria,Al Iskandar?yah,0,DEX5,"31.24624886452638,29.975613747934684",G5A7SBSQXCZXRQ3ZGJCQG12LN9WTSORSDA2CDSROSTW9NLDPXTQ2EIA2OXLQ4KT2,24 Aug 2026 07:29:51 GMT,WEDNESDAY,SW2,50,4000,DISABLED,15,4000,DISABLED
9736364171,Express Market,Store Active,alexandria,Al Iskandar?yah,0,DEX5,"31.24624886452638,29.975613747934684",G5A7SBSQXCZXRQ3ZGJCQG12LN9WTSORSDA2CDSROSTW9NLDPXTQ2EIA2OXLQ4KT2,24 Aug 2026 07:29:51 GMT,THURSDAY,SW1,55,375,ENABLED,50,400,DISABLED
9736364171,Express Market,Store Active,alexandria,Al Iskandar?yah,0,DEX5,"31.24624886452638,29.975613747934684",G5A7SBSQXCZXRQ3ZGJCQG12LN9WTSORSDA2CDSROSTW9NLDPXTQ2EIA2OXLQ4KT2,24 Aug 2026 07:29:51 GMT,THURSDAY,SW2,50,4000,DISABLED,15,4000,DISABLED
9736364171,Express Market,Store Active,alexandria,Al Iskandar?yah,0,DEX5,"31.24624886452638,29.975613747934684",G5A7SBSQXCZXRQ3ZGJCQG12LN9WTSORSDA2CDSROSTW9NLDPXTQ2EIA2OXLQ4KT2,24 Aug 2026 07:29:51 GMT,FRIDAY,SW1,55,375,ENABLED,50,400,DISABLED
9736364171,Express Market,Store Active,alexandria,Al Iskandar?yah,0,DEX5,"31.24624886452638,29.975613747934684",G5A7SBSQXCZXRQ3ZGJCQG12LN9WTSORSDA2CDSROSTW9NLDPXTQ2EIA2OXLQ4KT2,24 Aug 2026 07:29:51 GMT,FRIDAY,SW2,50,4000,DISABLED,15,4000,DISABLED
9736364171,Express Market,Store Active,alexandria,Al Iskandar?yah,0,DEX5,"31.24624886452638,29.975613747934684",G5A7SBSQXCZXRQ3ZGJCQG12LN9WTSORSDA2CDSROSTW9NLDPXTQ2EIA2OXLQ4KT2,24 Aug 2026 07:29:51 GMT,SATURDAY,SW1,55,375,ENABLED,50,400,DISABLED
9736364171,Express Market,Store Active,alexandria,Al Iskandar?yah,0,DEX5,"31.24624886452638,29.975613747934684",G5A7SBSQXCZXRQ3ZGJCQG12LN9WTSORSDA2CDSROSTW9NLDPXTQ2EIA2OXLQ4KT2,24 Aug 2026 07:29:51 GMT,SATURDAY,SW2,50,4000,DISABLED,15,4000,DISABLED
9736364171,Express Market,Store Active,alexandria,Al Iskandar?yah,0,DEX5,"31.24624886452638,29.975613747934684",G5A7SBSQXCZXRQ3ZGJCQG12LN9WTSORSDA2CDSROSTW9NLDPXTQ2EIA2OXLQ4KT2,24 Aug 2026 07:29:51 GMT,SUNDAY,SW1,55,375,ENABLED,50,400,DISABLED
9736364171,Express Market,Store Active,alexandria,Al Iskandar?yah,0,DEX5,"31.24624886452638,29.975613747934684",G5A7SBSQXCZXRQ3ZGJCQG12LN9WTSORSDA2CDSROSTW9NLDPXTQ2EIA2OXLQ4KT2,24 Aug 2026 07:29:51 GMT,SUNDAY,SW2,50,4000,DISABLED,15,4000,DISABLED
4483899565,BLACK& WAhite,Store Active,mostafa kamel,Al Iskandar?yah,0,DEX5,"31.229082,29.947146",MBMIIBZXHV24AKAGXL2QG12LN9WTSORSDA2CDSROSTW9NLDPXTQ2EIA2OXIQQYZA,14 Aug 2026 15:17:47 GMT,MONDAY,SW1,25,450,ENABLED,25,450,DISABLED
4483899565,BLACK& WAhite,Store Active,mostafa kamel,Al Iskandar?yah,0,DEX5,"31.229082,29.947146",MBMIIBZXHV24AKAGXL2QG12LN9WTSORSDA2CDSROSTW9NLDPXTQ2EIA2OXIQQYZA,14 Aug 2026 15:17:47 GMT,MONDAY,SW2,25,450,DISABLED,25,450,DISABLED
4483899565,BLACK& WAhite,Store Active,mostafa kamel,Al Iskandar?yah,0,DEX5,"31.229082,29.947146",MBMIIBZXHV24AKAGXL2QG12LN9WTSORSDA2CDSROSTW9NLDPXTQ2EIA2OXIQQYZA,14 Aug 2026 15:17:47 GMT,TUESDAY,SW1,25,450,ENABLED,25,450,DISABLED
4483899565,BLACK& WAhite,Store Active,mostafa kamel,Al Iskandar?yah,0,DEX5,"31.229082,29.947146",MBMIIBZXHV24AKAGXL2QG12LN9WTSORSDA2CDSROSTW9NLDPXTQ2EIA2OXIQQYZA,14 Aug 2026 15:17:47 GMT,TUESDAY,SW2,25,450,DISABLED,25,450,DISABLED
4483899565,BLACK& WAhite,Store Active,mostafa kamel,Al Iskandar?yah,0,DEX5,"31.229082,29.947146",MBMIIBZXHV24AKAGXL2QG12LN9WTSORSDA2CDSROSTW9NLDPXTQ2EIA2OXIQQYZA,14 Aug 2026 15:17:47 GMT,WEDNESDAY,SW1,25,450,ENABLED,25,450,DISABLED
4483899565,BLACK& WAhite,Store Active,mostafa kamel,Al Iskandar?yah,0,DEX5,"31.229082,29.947146",MBMIIBZXHV24AKAGXL2QG12LN9WTSORSDA2CDSROSTW9NLDPXTQ2EIA2OXIQQYZA,14 Aug 2026 15:17:47 GMT,WEDNESDAY,SW2,25,450,DISABLED,25,450,DISABLED
4483899565,BLACK& WAhite,Store Active,mostafa kamel,Al Iskandar?yah,0,DEX5,"31.229082,29.947146",MBMIIBZXHV24AKAGXL2QG12LN9WTSORSDA2CDSROSTW9NLDPXTQ2EIA2OXIQQYZA,14 Aug 2026 15:17:47 GMT,THURSDAY,SW1,25,450,ENABLED,25,450,DISABLED
4483899565,BLACK& WAhite,Store Active,mostafa kamel,Al Iskandar?yah,0,DEX5,"31.229082,29.947146",MBMIIBZXHV24AKAGXL2QG12LN9WTSORSDA2CDSROSTW9NLDPXTQ2EIA2OXIQQYZA,14 Aug 2026 15:17:47 GMT,THURSDAY,SW2,25,450,DISABLED,25,450,DISABLED
4483899565,BLACK& WAhite,Store Active,mostafa kamel,Al Iskandar?yah,0,DEX5,"31.229082,29.947146",MBMIIBZXHV24AKAGXL2QG12LN9WTSORSDA2CDSROSTW9NLDPXTQ2EIA2OXIQQYZA,14 Aug 2026 15:17:47 GMT,FRIDAY,SW1,25,450,ENABLED,25,450,DISABLED
4483899565,BLACK& WAhite,Store Active,mostafa kamel,Al Iskandar?yah,0,DEX5,"31.229082,29.947146",MBMIIBZXHV24AKAGXL2QG12LN9WTSORSDA2CDSROSTW9NLDPXTQ2EIA2OXIQQYZA,14 Aug 2026 15:17:47 GMT,FRIDAY,SW2,25,450,DISABLED,25,450,DISABLED
4483899565,BLACK& WAhite,Store Active,mostafa kamel,Al Iskandar?yah,0,DEX5,"31.229082,29.947146",MBMIIBZXHV24AKAGXL2QG12LN9WTSORSDA2CDSROSTW9NLDPXTQ2EIA2OXIQQYZA,14 Aug 2026 15:17:47 GMT,SATURDAY,SW1,25,450,ENABLED,25,450,DISABLED
4483899565,BLACK& WAhite,Store Active,mostafa kamel,Al Iskandar?yah,0,DEX5,"31.229082,29.947146",MBMIIBZXHV24AKAGXL2QG12LN9WTSORSDA2CDSROSTW9NLDPXTQ2EIA2OXIQQYZA,14 Aug 2026 15:17:47 GMT,SATURDAY,SW2,25,450,DISABLED,25,450,DISABLED
4483899565,BLACK& WAhite,Store Active,mostafa kamel,Al Iskandar?yah,0,DEX5,"31.229082,29.947146",MBMIIBZXHV24AKAGXL2QG12LN9WTSORSDA2CDSROSTW9NLDPXTQ2EIA2OXIQQYZA,14 Aug 2026 15:17:47 GMT,SUNDAY,SW1,25,450,ENABLED,25,450,DISABLED
4483899565,BLACK& WAhite,Store Active,mostafa kamel,Al Iskandar?yah,0,DEX5,"31.229082,29.947146",MBMIIBZXHV24AKAGXL2QG12LN9WTSORSDA2CDSROSTW9NLDPXTQ2EIA2OXIQQYZA,14 Aug 2026 15:17:47 GMT,SUNDAY,SW2,25,450,DISABLED,25,450,DISABLED
9542194283,BOB MARLEY,Store Active,Alexandria,Al Iskandar?yah,0,DEX5,"31.240082197756646,29.966874996268835",2P2ML6SPRT2BKMN7SGIEG12LN9WTSORSDA2CDSROSTW9NLDPXTQ2EIA2OXYV4Y3S,25 Mar 2026 15:49:37 GMT,MONDAY,SW1,50,550,ENABLED,50,550,DISABLED
9542194283,BOB MARLEY,Store Active,Alexandria,Al Iskandar?yah,0,DEX5,"31.240082197756646,29.966874996268835",2P2ML6SPRT2BKMN7SGIEG12LN9WTSORSDA2CDSROSTW9NLDPXTQ2EIA2OXYV4Y3S,25 Mar 2026 15:49:37 GMT,MONDAY,SW2,50,550,DISABLED,50,0,DISABLED
9542194283,BOB MARLEY,Store Active,Alexandria,Al Iskandar?yah,0,DEX5,"31.240082197756646,29.966874996268835",2P2ML6SPRT2BKMN7SGIEG12LN9WTSORSDA2CDSROSTW9NLDPXTQ2EIA2OXYV4Y3S,25 Mar 2026 15:49:37 GMT,TUESDAY,SW1,50,550,ENABLED,50,550,DISABLED
9542194283,BOB MARLEY,Store Active,Alexandria,Al Iskandar?yah,0,DEX5,"31.240082197756646,29.966874996268835",2P2ML6SPRT2BKMN7SGIEG12LN9WTSORSDA2CDSROSTW9NLDPXTQ2EIA2OXYV4Y3S,25 Mar 2026 15:49:37 GMT,TUESDAY,SW2,50,550,DISABLED,50,0,DISABLED
9542194283,BOB MARLEY,Store Active,Alexandria,Al Iskandar?yah,0,DEX5,"31.240082197756646,29.966874996268835",2P2ML6SPRT2BKMN7SGIEG12LN9WTSORSDA2CDSROSTW9NLDPXTQ2EIA2OXYV4Y3S,25 Mar 2026 15:49:37 GMT,WEDNESDAY,SW1,50,550,ENABLED,50,550,DISABLED
9542194283,BOB MARLEY,Store Active,Alexandria,Al Iskandar?yah,0,DEX5,"31.240082197756646,29.966874996268835",2P2ML6SPRT2BKMN7SGIEG12LN9WTSORSDA2CDSROSTW9NLDPXTQ2EIA2OXYV4Y3S,25 Mar 2026 15:49:37 GMT,WEDNESDAY,SW2,50,550,DISABLED,50,0,DISABLED
9542194283,BOB MARLEY,Store Active,Alexandria,Al Iskandar?yah,0,DEX5,"31.240082197756646,29.966874996268835",2P2ML6SPRT2BKMN7SGIEG12LN9WTSORSDA2CDSROSTW9NLDPXTQ2EIA2OXYV4Y3S,25 Mar 2026 15:49:37 GMT,THURSDAY,SW1,50,550,ENABLED,50,550,DISABLED
9542194283,BOB MARLEY,Store Active,Alexandria,Al Iskandar?yah,0,DEX5,"31.240082197756646,29.966874996268835",2P2ML6SPRT2BKMN7SGIEG12LN9WTSORSDA2CDSROSTW9NLDPXTQ2EIA2OXYV4Y3S,25 Mar 2026 15:49:37 GMT,THURSDAY,SW2,50,550,DISABLED,50,0,DISABLED
9542194283,BOB MARLEY,Store Active,Alexandria,Al Iskandar?yah,0,DEX5,"31.240082197756646,29.966874996268835",2P2ML6SPRT2BKMN7SGIEG12LN9WTSORSDA2CDSROSTW9NLDPXTQ2EIA2OXYV4Y3S,25 Mar 2026 15:49:37 GMT,FRIDAY,SW1,50,550,ENABLED,50,550,DISABLED
9542194283,BOB MARLEY,Store Active,Alexandria,Al Iskandar?yah,0,DEX5,"31.240082197756646,29.966874996268835",2P2ML6SPRT2BKMN7SGIEG12LN9WTSORSDA2CDSROSTW9NLDPXTQ2EIA2OXYV4Y3S,25 Mar 2026 15:49:37 GMT,FRIDAY,SW2,50,550,DISABLED,50,0,DISABLED
9542194283,BOB MARLEY,Store Active,Alexandria,Al Iskandar?yah,0,DEX5,"31.240082197756646,29.966874996268835",2P2ML6SPRT2BKMN7SGIEG12LN9WTSORSDA2CDSROSTW9NLDPXTQ2EIA2OXYV4Y3S,25 Mar 2026 15:49:37 GMT,SATURDAY,SW1,50,550,ENABLED,50,550,DISABLED
9542194283,BOB MARLEY,Store Active,Alexandria,Al Iskandar?yah,0,DEX5,"31.240082197756646,29.966874996268835",2P2ML6SPRT2BKMN7SGIEG12LN9WTSORSDA2CDSROSTW9NLDPXTQ2EIA2OXYV4Y3S,25 Mar 2026 15:49:37 GMT,SATURDAY,SW2,50,550,DISABLED,50,0,DISABLED
9542194283,BOB MARLEY,Store Active,Alexandria,Al Iskandar?yah,0,DEX5,"31.240082197756646,29.966874996268835",2P2ML6SPRT2BKMN7SGIEG12LN9WTSORSDA2CDSROSTW9NLDPXTQ2EIA2OXYV4Y3S,25 Mar 2026 15:49:37 GMT,SUNDAY,SW1,50,550,ENABLED,50,550,DISABLED
9542194283,BOB MARLEY,Store Active,Alexandria,Al Iskandar?yah,0,DEX5,"31.240082197756646,29.966874996268835",2P2ML6SPRT2BKMN7SGIEG12LN9WTSORSDA2CDSROSTW9NLDPXTQ2EIA2OXYV4Y3S,25 Mar 2026 15:49:37 GMT,SUNDAY,SW2,50,550,DISABLED,50,0,DISABLED
3671590930,Yahya Roastery,Store Active,Alexandria,Al Iskandar?yah,0,DEX5,"31.24100046894182,29.96631948098866",U7HJ2H5FEONMHGU4TFLIG12LN9WTSORSDA2CDSROSTW9NLDPXTQ2EIA2OXCTZQOC,17 May 2025 07:11:03 GMT,MONDAY,SW1,50,425,ENABLED,50,425,DISABLED
3671590930,Yahya Roastery,Store Active,Alexandria,Al Iskandar?yah,0,DEX5,"31.24100046894182,29.96631948098866",U7HJ2H5FEONMHGU4TFLIG12LN9WTSORSDA2CDSROSTW9NLDPXTQ2EIA2OXCTZQOC,17 May 2025 07:11:03 GMT,MONDAY,SW2,50,425,DISABLED,50,0,DISABLED
3671590930,Yahya Roastery,Store Active,Alexandria,Al Iskandar?yah,0,DEX5,"31.24100046894182,29.96631948098866",U7HJ2H5FEONMHGU4TFLIG12LN9WTSORSDA2CDSROSTW9NLDPXTQ2EIA2OXCTZQOC,17 May 2025 07:11:03 GMT,TUESDAY,SW1,50,425,ENABLED,50,425,DISABLED
3671590930,Yahya Roastery,Store Active,Alexandria,Al Iskandar?yah,0,DEX5,"31.24100046894182,29.96631948098866",U7HJ2H5FEONMHGU4TFLIG12LN9WTSORSDA2CDSROSTW9NLDPXTQ2EIA2OXCTZQOC,17 May 2025 07:11:03 GMT,TUESDAY,SW2,50,425,DISABLED,50,0,DISABLED
3671590930,Yahya Roastery,Store Active,Alexandria,Al Iskandar?yah,0,DEX5,"31.24100046894182,29.96631948098866",U7HJ2H5FEONMHGU4TFLIG12LN9WTSORSDA2CDSROSTW9NLDPXTQ2EIA2OXCTZQOC,17 May 2025 07:11:03 GMT,WEDNESDAY,SW1,50,425,ENABLED,50,425,DISABLED
3671590930,Yahya Roastery,Store Active,Alexandria,Al Iskandar?yah,0,DEX5,"31.24100046894182,29.96631948098866",U7HJ2H5FEONMHGU4TFLIG12LN9WTSORSDA2CDSROSTW9NLDPXTQ2EIA2OXCTZQOC,17 May 2025 07:11:03 GMT,WEDNESDAY,SW2,50,425,DISABLED,50,0,DISABLED
3671590930,Yahya Roastery,Store Active,Alexandria,Al Iskandar?yah,0,DEX5,"31.24100046894182,29.96631948098866",U7HJ2H5FEONMHGU4TFLIG12LN9WTSORSDA2CDSROSTW9NLDPXTQ2EIA2OXCTZQOC,17 May 2025 07:11:03 GMT,THURSDAY,SW1,50,425,ENABLED,50,425,DISABLED
3671590930,Yahya Roastery,Store Active,Alexandria,Al Iskandar?yah,0,DEX5,"31.24100046894182,29.96631948098866",U7HJ2H5FEONMHGU4TFLIG12LN9WTSORSDA2CDSROSTW9NLDPXTQ2EIA2OXCTZQOC,17 May 2025 07:11:03 GMT,THURSDAY,SW2,50,425,DISABLED,50,0,DISABLED
3671590930,Yahya Roastery,Store Active,Alexandria,Al Iskandar?yah,0,DEX5,"31.24100046894182,29.96631948098866",U7HJ2H5FEONMHGU4TFLIG12LN9WTSORSDA2CDSROSTW9NLDPXTQ2EIA2OXCTZQOC,17 May 2025 07:11:03 GMT,FRIDAY,SW1,50,425,ENABLED,50,425,DISABLED
3671590930,Yahya Roastery,Store Active,Alexandria,Al Iskandar?yah,0,DEX5,"31.24100046894182,29.96631948098866",U7HJ2H5FEONMHGU4TFLIG12LN9WTSORSDA2CDSROSTW9NLDPXTQ2EIA2OXCTZQOC,17 May 2025 07:11:03 GMT,FRIDAY,SW2,50,425,DISABLED,50,0,DISABLED
3671590930,Yahya Roastery,Store Active,Alexandria,Al Iskandar?yah,0,DEX5,"31.24100046894182,29.96631948098866",U7HJ2H5FEONMHGU4TFLIG12LN9WTSORSDA2CDSROSTW9NLDPXTQ2EIA2OXCTZQOC,17 May 2025 07:11:03 GMT,SATURDAY,SW1,50,425,ENABLED,50,425,DISABLED
3671590930,Yahya Roastery,Store Active,Alexandria,Al Iskandar?yah,0,DEX5,"31.24100046894182,29.96631948098866",U7HJ2H5FEONMHGU4TFLIG12LN9WTSORSDA2CDSROSTW9NLDPXTQ2EIA2OXCTZQOC,17 May 2025 07:11:03 GMT,SATURDAY,SW2,50,425,DISABLED,50,0,DISABLED
3671590930,Yahya Roastery,Store Active,Alexandria,Al Iskandar?yah,0,DEX5,"31.24100046894182,29.96631948098866",U7HJ2H5FEONMHGU4TFLIG12LN9WTSORSDA2CDSROSTW9NLDPXTQ2EIA2OXCTZQOC,17 May 2025 07:11:03 GMT,SUNDAY,SW1,50,425,ENABLED,50,425,DISABLED
3671590930,Yahya Roastery,Store Active,Alexandria,Al Iskandar?yah,0,DEX5,"31.24100046894182,29.96631948098866",U7HJ2H5FEONMHGU4TFLIG12LN9WTSORSDA2CDSROSTW9NLDPXTQ2EIA2OXCTZQOC,17 May 2025 07:11:03 GMT,SUNDAY,SW2,50,425,DISABLED,50,0,DISABLED
6326022842,NOUR fashion,Store Active,alexandria,Al Iskandar?yah,0,DEX5,"31.216687736961234,29.942009841640555",ITE2CZH24SVT7RTLOCJUG12LN9WTSORSDA2CDSROSTW9NLDPXTQ2EIA2OXQJSOUU,5 Oct 2026 12:52:55 GMT,MONDAY,SW1,17,500,ENABLED,15,750,DISABLED
6326022842,NOUR fashion,Store Active,alexandria,Al Iskandar?yah,0,DEX5,"31.216687736961234,29.942009841640555",ITE2CZH24SVT7RTLOCJUG12LN9WTSORSDA2CDSROSTW9NLDPXTQ2EIA2OXQJSOUU,5 Oct 2026 12:52:55 GMT,MONDAY,SW2,17,400,DISABLED,15,450,DISABLED
6326022842,NOUR fashion,Store Active,alexandria,Al Iskandar?yah,0,DEX5,"31.216687736961234,29.942009841640555",ITE2CZH24SVT7RTLOCJUG12LN9WTSORSDA2CDSROSTW9NLDPXTQ2EIA2OXQJSOUU,5 Oct 2026 12:52:55 GMT,TUESDAY,SW1,17,500,ENABLED,15,750,DISABLED
6326022842,NOUR fashion,Store Active,alexandria,Al Iskandar?yah,0,DEX5,"31.216687736961234,29.942009841640555",ITE2CZH24SVT7RTLOCJUG12LN9WTSORSDA2CDSROSTW9NLDPXTQ2EIA2OXQJSOUU,5 Oct 2026 12:52:55 GMT,TUESDAY,SW2,17,400,DISABLED,15,450,DISABLED
6326022842,NOUR fashion,Store Active,alexandria,Al Iskandar?yah,0,DEX5,"31.216687736961234,29.942009841640555",ITE2CZH24SVT7RTLOCJUG12LN9WTSORSDA2CDSROSTW9NLDPXTQ2EIA2OXQJSOUU,5 Oct 2026 12:52:55 GMT,WEDNESDAY,SW1,17,500,ENABLED,15,750,DISABLED
6326022842,NOUR fashion,Store Active,alexandria,Al Iskandar?yah,0,DEX5,"31.216687736961234,29.942009841640555",ITE2CZH24SVT7RTLOCJUG12LN9WTSORSDA2CDSROSTW9NLDPXTQ2EIA2OXQJSOUU,5 Oct 2026 12:52:55 GMT,WEDNESDAY,SW2,17,400,DISABLED,15,450,DISABLED
6326022842,NOUR fashion,Store Active,alexandria,Al Iskandar?yah,0,DEX5,"31.216687736961234,29.942009841640555",ITE2CZH24SVT7RTLOCJUG12LN9WTSORSDA2CDSROSTW9NLDPXTQ2EIA2OXQJSOUU,5 Oct 2026 12:52:55 GMT,THURSDAY,SW1,17,500,ENABLED,15,750,DISABLED
6326022842,NOUR fashion,Store Active,alexandria,Al Iskandar?yah,0,DEX5,"31.216687736961234,29.942009841640555",ITE2CZH24SVT7RTLOCJUG12LN9WTSORSDA2CDSROSTW9NLDPXTQ2EIA2OXQJSOUU,5 Oct 2026 12:52:55 GMT,THURSDAY,SW2,17,400,DISABLED,15,450,DISABLED
6326022842,NOUR fashion,Store Active,alexandria,Al Iskandar?yah,0,DEX5,"31.216687736961234,29.942009841640555",ITE2CZH24SVT7RTLOCJUG12LN9WTSORSDA2CDSROSTW9NLDPXTQ2EIA2OXQJSOUU,5 Oct 2026 12:52:55 GMT,FRIDAY,SW1,17,400,ENABLED,15,2000,DISABLED
6326022842,NOUR fashion,Store Active,alexandria,Al Iskandar?yah,0,DEX5,"31.216687736961234,29.942009841640555",ITE2CZH24SVT7RTLOCJUG12LN9WTSORSDA2CDSROSTW9NLDPXTQ2EIA2OXQJSOUU,5 Oct 2026 12:52:55 GMT,FRIDAY,SW2,17,400,DISABLED,15,450,DISABLED
6326022842,NOUR fashion,Store Active,alexandria,Al Iskandar?yah,0,DEX5,"31.216687736961234,29.942009841640555",ITE2CZH24SVT7RTLOCJUG12LN9WTSORSDA2CDSROSTW9NLDPXTQ2EIA2OXQJSOUU,5 Oct 2026 12:52:55 GMT,SATURDAY,SW1,17,500,ENABLED,15,750,DISABLED
6326022842,NOUR fashion,Store Active,alexandria,Al Iskandar?yah,0,DEX5,"31.216687736961234,29.942009841640555",ITE2CZH24SVT7RTLOCJUG12LN9WTSORSDA2CDSROSTW9NLDPXTQ2EIA2OXQJSOUU,5 Oct 2026 12:52:55 GMT,SATURDAY,SW2,17,400,DISABLED,15,450,DISABLED
6326022842,NOUR fashion,Store Active,alexandria,Al Iskandar?yah,0,DEX5,"31.216687736961234,29.942009841640555",ITE2CZH24SVT7RTLOCJUG12LN9WTSORSDA2CDSROSTW9NLDPXTQ2EIA2OXQJSOUU,5 Oct 2026 12:52:55 GMT,SUNDAY,SW1,17,500,ENABLED,15,750,DISABLED
6326022842,NOUR fashion,Store Active,alexandria,Al Iskandar?yah,0,DEX5,"31.216687736961234,29.942009841640555",ITE2CZH24SVT7RTLOCJUG12LN9WTSORSDA2CDSROSTW9NLDPXTQ2EIA2OXQJSOUU,5 Oct 2026 12:52:55 GMT,SUNDAY,SW2,17,400,DISABLED,15,450,DISABLED
8350300197,maktabat almisri,Store Active,alexandria,Al Iskandar?yah,0,DEX5,"31.241176942252594,29.97770954232847",2IWMJEYYBHBCZ75DQB3EG12LN9WTSORSDA2CDSROSTW9NLDPXTQ2EIA2OXTD7XDP,14 Aug 2026 15:04:13 GMT,MONDAY,SW1,84,375,ENABLED,70,400,DISABLED
8350300197,maktabat almisri,Store Active,alexandria,Al Iskandar?yah,0,DEX5,"31.241176942252594,29.97770954232847",2IWMJEYYBHBCZ75DQB3EG12LN9WTSORSDA2CDSROSTW9NLDPXTQ2EIA2OXTD7XDP,14 Aug 2026 15:04:13 GMT,MONDAY,SW2,54,425,DISABLED,54,425,DISABLED
8350300197,maktabat almisri,Store Active,alexandria,Al Iskandar?yah,0,DEX5,"31.241176942252594,29.97770954232847",2IWMJEYYBHBCZ75DQB3EG12LN9WTSORSDA2CDSROSTW9NLDPXTQ2EIA2OXTD7XDP,14 Aug 2026 15:04:13 GMT,TUESDAY,SW1,84,375,ENABLED,70,400,DISABLED
8350300197,maktabat almisri,Store Active,alexandria,Al Iskandar?yah,0,DEX5,"31.241176942252594,29.97770954232847",2IWMJEYYBHBCZ75DQB3EG12LN9WTSORSDA2CDSROSTW9NLDPXTQ2EIA2OXTD7XDP,14 Aug 2026 15:04:13 GMT,TUESDAY,SW2,54,425,DISABLED,54,425,DISABLED
8350300197,maktabat almisri,Store Active,alexandria,Al Iskandar?yah,0,DEX5,"31.241176942252594,29.97770954232847",2IWMJEYYBHBCZ75DQB3EG12LN9WTSORSDA2CDSROSTW9NLDPXTQ2EIA2OXTD7XDP,14 Aug 2026 15:04:13 GMT,WEDNESDAY,SW1,84,375,ENABLED,70,400,DISABLED
8350300197,maktabat almisri,Store Active,alexandria,Al Iskandar?yah,0,DEX5,"31.241176942252594,29.97770954232847",2IWMJEYYBHBCZ75DQB3EG12LN9WTSORSDA2CDSROSTW9NLDPXTQ2EIA2OXTD7XDP,14 Aug 2026 15:04:13 GMT,WEDNESDAY,SW2,54,425,DISABLED,54,425,DISABLED
8350300197,maktabat almisri,Store Active,alexandria,Al Iskandar?yah,0,DEX5,"31.241176942252594,29.97770954232847",2IWMJEYYBHBCZ75DQB3EG12LN9WTSORSDA2CDSROSTW9NLDPXTQ2EIA2OXTD7XDP,14 Aug 2026 15:04:13 GMT,THURSDAY,SW1,84,375,ENABLED,70,400,DISABLED
8350300197,maktabat almisri,Store Active,alexandria,Al Iskandar?yah,0,DEX5,"31.241176942252594,29.97770954232847",2IWMJEYYBHBCZ75DQB3EG12LN9WTSORSDA2CDSROSTW9NLDPXTQ2EIA2OXTD7XDP,14 Aug 2026 15:04:13 GMT,THURSDAY,SW2,54,425,DISABLED,54,425,DISABLED
8350300197,maktabat almisri,Store Active,alexandria,Al Iskandar?yah,0,DEX5,"31.241176942252594,29.97770954232847",2IWMJEYYBHBCZ75DQB3EG12LN9WTSORSDA2CDSROSTW9NLDPXTQ2EIA2OXTD7XDP,14 Aug 2026 15:04:13 GMT,FRIDAY,SW1,84,375,ENABLED,70,400,DISABLED
8350300197,maktabat almisri,Store Active,alexandria,Al Iskandar?yah,0,DEX5,"31.241176942252594,29.97770954232847",2IWMJEYYBHBCZ75DQB3EG12LN9WTSORSDA2CDSROSTW9NLDPXTQ2EIA2OXTD7XDP,14 Aug 2026 15:04:13 GMT,FRIDAY,SW2,54,425,DISABLED,54,425,DISABLED
8350300197,maktabat almisri,Store Active,alexandria,Al Iskandar?yah,0,DEX5,"31.241176942252594,29.97770954232847",2IWMJEYYBHBCZ75DQB3EG12LN9WTSORSDA2CDSROSTW9NLDPXTQ2EIA2OXTD7XDP,14 Aug 2026 15:04:13 GMT,SATURDAY,SW1,84,375,ENABLED,70,400,DISABLED
8350300197,maktabat almisri,Store Active,alexandria,Al Iskandar?yah,0,DEX5,"31.241176942252594,29.97770954232847",2IWMJEYYBHBCZ75DQB3EG12LN9WTSORSDA2CDSROSTW9NLDPXTQ2EIA2OXTD7XDP,14 Aug 2026 15:04:13 GMT,SATURDAY,SW2,54,425,DISABLED,54,425,DISABLED
8350300197,maktabat almisri,Store Active,alexandria,Al Iskandar?yah,0,DEX5,"31.241176942252594,29.97770954232847",2IWMJEYYBHBCZ75DQB3EG12LN9WTSORSDA2CDSROSTW9NLDPXTQ2EIA2OXTD7XDP,14 Aug 2026 15:04:13 GMT,SUNDAY,SW1,84,375,ENABLED,70,400,DISABLED
8350300197,maktabat almisri,Store Active,alexandria,Al Iskandar?yah,0,DEX5,"31.241176942252594,29.97770954232847",2IWMJEYYBHBCZ75DQB3EG12LN9WTSORSDA2CDSROSTW9NLDPXTQ2EIA2OXTD7XDP,14 Aug 2026 15:04:13 GMT,SUNDAY,SW2,54,425,DISABLED,54,425,DISABLED
7655526928,صالون الماجيك,Store Inactive,alexandriah,Al Iskandar?yah,0,DEX5,"31.23147849499116,29.951748367460418",THQBI32RZV4WUDKXJY4EG12LN9WTSORSDA2CDSROSTW9NLDPXTQ2EQA2OXSZH7GD,NA,MONDAY,SW1,0,450,ENABLED,0,0,DISABLED
7655526928,صالون الماجيك,Store Inactive,alexandriah,Al Iskandar?yah,0,DEX5,"31.23147849499116,29.951748367460418",THQBI32RZV4WUDKXJY4EG12LN9WTSORSDA2CDSROSTW9NLDPXTQ2EQA2OXSZH7GD,NA,MONDAY,SW2,0,450,DISABLED,0,0,DISABLED
7655526928,صالون الماجيك,Store Inactive,alexandriah,Al Iskandar?yah,0,DEX5,"31.23147849499116,29.951748367460418",THQBI32RZV4WUDKXJY4EG12LN9WTSORSDA2CDSROSTW9NLDPXTQ2EQA2OXSZH7GD,NA,TUESDAY,SW1,0,450,ENABLED,0,0,DISABLED
7655526928,صالون الماجيك,Store Inactive,alexandriah,Al Iskandar?yah,0,DEX5,"31.23147849499116,29.951748367460418",THQBI32RZV4WUDKXJY4EG12LN9WTSORSDA2CDSROSTW9NLDPXTQ2EQA2OXSZH7GD,NA,TUESDAY,SW2,0,450,DISABLED,0,0,DISABLED
7655526928,صالون الماجيك,Store Inactive,alexandriah,Al Iskandar?yah,0,DEX5,"31.23147849499116,29.951748367460418",THQBI32RZV4WUDKXJY4EG12LN9WTSORSDA2CDSROSTW9NLDPXTQ2EQA2OXSZH7GD,NA,WEDNESDAY,SW1,0,450,ENABLED,0,0,DISABLED
7655526928,صالون الماجيك,Store Inactive,alexandriah,Al Iskandar?yah,0,DEX5,"31.23147849499116,29.951748367460418",THQBI32RZV4WUDKXJY4EG12LN9WTSORSDA2CDSROSTW9NLDPXTQ2EQA2OXSZH7GD,NA,WEDNESDAY,SW2,0,450,DISABLED,0,0,DISABLED
7655526928,صالون الماجيك,Store Inactive,alexandriah,Al Iskandar?yah,0,DEX5,"31.23147849499116,29.951748367460418",THQBI32RZV4WUDKXJY4EG12LN9WTSORSDA2CDSROSTW9NLDPXTQ2EQA2OXSZH7GD,NA,THURSDAY,SW1,0,450,ENABLED,0,0,DISABLED
7655526928,صالون الماجيك,Store Inactive,alexandriah,Al Iskandar?yah,0,DEX5,"31.23147849499116,29.951748367460418",THQBI32RZV4WUDKXJY4EG12LN9WTSORSDA2CDSROSTW9NLDPXTQ2EQA2OXSZH7GD,NA,THURSDAY,SW2,0,450,DISABLED,0,0,DISABLED
7655526928,صالون الماجيك,Store Inactive,alexandriah,Al Iskandar?yah,0,DEX5,"31.23147849499116,29.951748367460418",THQBI32RZV4WUDKXJY4EG12LN9WTSORSDA2CDSROSTW9NLDPXTQ2EQA2OXSZH7GD,NA,FRIDAY,SW1,0,450,ENABLED,0,0,DISABLED
7655526928,صالون الماجيك,Store Inactive,alexandriah,Al Iskandar?yah,0,DEX5,"31.23147849499116,29.951748367460418",THQBI32RZV4WUDKXJY4EG12LN9WTSORSDA2CDSROSTW9NLDPXTQ2EQA2OXSZH7GD,NA,FRIDAY,SW2,0,450,DISABLED,0,0,DISABLED
7655526928,صالون الماجيك,Store Inactive,alexandriah,Al Iskandar?yah,0,DEX5,"31.23147849499116,29.951748367460418",THQBI32RZV4WUDKXJY4EG12LN9WTSORSDA2CDSROSTW9NLDPXTQ2EQA2OXSZH7GD,NA,SATURDAY,SW1,0,450,ENABLED,0,0,DISABLED
7655526928,صالون الماجيك,Store Inactive,alexandriah,Al Iskandar?yah,0,DEX5,"31.23147849499116,29.951748367460418",THQBI32RZV4WUDKXJY4EG12LN9WTSORSDA2CDSROSTW9NLDPXTQ2EQA2OXSZH7GD,NA,SATURDAY,SW2,0,450,DISABLED,0,0,DISABLED
7655526928,صالون الماجيك,Store Inactive,alexandriah,Al Iskandar?yah,0,DEX5,"31.23147849499116,29.951748367460418",THQBI32RZV4WUDKXJY4EG12LN9WTSORSDA2CDSROSTW9NLDPXTQ2EQA2OXSZH7GD,NA,SUNDAY,SW1,0,450,ENABLED,0,0,DISABLED
7655526928,صالون الماجيك,Store Inactive,alexandriah,Al Iskandar?yah,0,DEX5,"31.23147849499116,29.951748367460418",THQBI32RZV4WUDKXJY4EG12LN9WTSORSDA2CDSROSTW9NLDPXTQ2EQA2OXSZH7GD,NA,SUNDAY,SW2,0,450,DISABLED,0,0,DISABLED
2595755757,Better mashal,Store Active,Alexandria,Al Iskandar?yah,0,DEX5,"31.238776359558713,29.95942627116448",Q5SPF5RWHMF3JIUXW3RMG12LN9WTSORSDA2CDSROSTW9NLDPXTQ2EIA2OXFBOUMT,28 May 2025 08:09:25 GMT,MONDAY,SW1,50,425,ENABLED,50,425,DISABLED
2595755757,Better mashal,Store Active,Alexandria,Al Iskandar?yah,0,DEX5,"31.238776359558713,29.95942627116448",Q5SPF5RWHMF3JIUXW3RMG12LN9WTSORSDA2CDSROSTW9NLDPXTQ2EIA2OXFBOUMT,28 May 2025 08:09:25 GMT,MONDAY,SW2,50,425,DISABLED,50,0,DISABLED
2595755757,Better mashal,Store Active,Alexandria,Al Iskandar?yah,0,DEX5,"31.238776359558713,29.95942627116448",Q5SPF5RWHMF3JIUXW3RMG12LN9WTSORSDA2CDSROSTW9NLDPXTQ2EIA2OXFBOUMT,28 May 2025 08:09:25 GMT,TUESDAY,SW1,50,425,ENABLED,50,425,DISABLED
2595755757,Better mashal,Store Active,Alexandria,Al Iskandar?yah,0,DEX5,"31.238776359558713,29.95942627116448",Q5SPF5RWHMF3JIUXW3RMG12LN9WTSORSDA2CDSROSTW9NLDPXTQ2EIA2OXFBOUMT,28 May 2025 08:09:25 GMT,TUESDAY,SW2,50,425,DISABLED,50,0,DISABLED
2595755757,Better mashal,Store Active,Alexandria,Al Iskandar?yah,0,DEX5,"31.238776359558713,29.95942627116448",Q5SPF5RWHMF3JIUXW3RMG12LN9WTSORSDA2CDSROSTW9NLDPXTQ2EIA2OXFBOUMT,28 May 2025 08:09:25 GMT,WEDNESDAY,SW1,50,425,ENABLED,50,425,DISABLED
2595755757,Better mashal,Store Active,Alexandria,Al Iskandar?yah,0,DEX5,"31.238776359558713,29.95942627116448",Q5SPF5RWHMF3JIUXW3RMG12LN9WTSORSDA2CDSROSTW9NLDPXTQ2EIA2OXFBOUMT,28 May 2025 08:09:25 GMT,WEDNESDAY,SW2,50,425,DISABLED,50,0,DISABLED
2595755757,Better mashal,Store Active,Alexandria,Al Iskandar?yah,0,DEX5,"31.238776359558713,29.95942627116448",Q5SPF5RWHMF3JIUXW3RMG12LN9WTSORSDA2CDSROSTW9NLDPXTQ2EIA2OXFBOUMT,28 May 2025 08:09:25 GMT,THURSDAY,SW1,50,425,ENABLED,50,425,DISABLED
2595755757,Better mashal,Store Active,Alexandria,Al Iskandar?yah,0,DEX5,"31.238776359558713,29.95942627116448",Q5SPF5RWHMF3JIUXW3RMG12LN9WTSORSDA2CDSROSTW9NLDPXTQ2EIA2OXFBOUMT,28 May 2025 08:09:25 GMT,THURSDAY,SW2,50,425,DISABLED,50,0,DISABLED
2595755757,Better mashal,Store Active,Alexandria,Al Iskandar?yah,0,DEX5,"31.238776359558713,29.95942627116448",Q5SPF5RWHMF3JIUXW3RMG12LN9WTSORSDA2CDSROSTW9NLDPXTQ2EIA2OXFBOUMT,28 May 2025 08:09:25 GMT,FRIDAY,SW1,50,425,ENABLED,50,425,DISABLED
2595755757,Better mashal,Store Active,Alexandria,Al Iskandar?yah,0,DEX5,"31.238776359558713,29.95942627116448",Q5SPF5RWHMF3JIUXW3RMG12LN9WTSORSDA2CDSROSTW9NLDPXTQ2EIA2OXFBOUMT,28 May 2025 08:09:25 GMT,FRIDAY,SW2,50,425,DISABLED,50,0,DISABLED
2595755757,Better mashal,Store Active,Alexandria,Al Iskandar?yah,0,DEX5,"31.238776359558713,29.95942627116448",Q5SPF5RWHMF3JIUXW3RMG12LN9WTSORSDA2CDSROSTW9NLDPXTQ2EIA2OXFBOUMT,28 May 2025 08:09:25 GMT,SATURDAY,SW1,50,425,ENABLED,50,425,DISABLED
2595755757,Better mashal,Store Active,Alexandria,Al Iskandar?yah,0,DEX5,"31.238776359558713,29.95942627116448",Q5SPF5RWHMF3JIUXW3RMG12LN9WTSORSDA2CDSROSTW9NLDPXTQ2EIA2OXFBOUMT,28 May 2025 08:09:25 GMT,SATURDAY,SW2,50,425,DISABLED,50,0,DISABLED
2595755757,Better mashal,Store Active,Alexandria,Al Iskandar?yah,0,DEX5,"31.238776359558713,29.95942627116448",Q5SPF5RWHMF3JIUXW3RMG12LN9WTSORSDA2CDSROSTW9NLDPXTQ2EIA2OXFBOUMT,28 May 2025 08:09:25 GMT,SUNDAY,SW1,50,425,ENABLED,50,425,DISABLED
2595755757,Better mashal,Store Active,Alexandria,Al Iskandar?yah,0,DEX5,"31.238776359558713,29.95942627116448",Q5SPF5RWHMF3JIUXW3RMG12LN9WTSORSDA2CDSROSTW9NLDPXTQ2EIA2OXFBOUMT,28 May 2025 08:09:25 GMT,SUNDAY,SW2,50,425,DISABLED,50,0,DISABLED
5983947638,مكتبة الزهراء,Store Active,alexandria,Al Iskandar?yah,0,DEX5,"31.24076,29.990451",BZ5JZGFNSQGR5USUTHXEG12LN9WTSORSDA2CDSROSTW9NLDPXTQ2EIA2OXGDNW4Y,16 Sep 2026 11:08:34 GMT,MONDAY,SW1,15,375,ENABLED,12,400,DISABLED
5983947638,مكتبة الزهراء,Store Active,alexandria,Al Iskandar?yah,0,DEX5,"31.24076,29.990451",BZ5JZGFNSQGR5USUTHXEG12LN9WTSORSDA2CDSROSTW9NLDPXTQ2EIA2OXGDNW4Y,16 Sep 2026 11:08:34 GMT,MONDAY,SW2,15,4000,DISABLED,1,4000,DISABLED
5983947638,مكتبة الزهراء,Store Active,alexandria,Al Iskandar?yah,0,DEX5,"31.24076,29.990451",BZ5JZGFNSQGR5USUTHXEG12LN9WTSORSDA2CDSROSTW9NLDPXTQ2EIA2OXGDNW4Y,16 Sep 2026 11:08:34 GMT,TUESDAY,SW1,15,375,ENABLED,12,400,DISABLED
5983947638,مكتبة الزهراء,Store Active,alexandria,Al Iskandar?yah,0,DEX5,"31.24076,29.990451",BZ5JZGFNSQGR5USUTHXEG12LN9WTSORSDA2CDSROSTW9NLDPXTQ2EIA2OXGDNW4Y,16 Sep 2026 11:08:34 GMT,TUESDAY,SW2,15,4000,DISABLED,1,4000,DISABLED
5983947638,مكتبة الزهراء,Store Active,alexandria,Al Iskandar?yah,0,DEX5,"31.24076,29.990451",BZ5JZGFNSQGR5USUTHXEG12LN9WTSORSDA2CDSROSTW9NLDPXTQ2EIA2OXGDNW4Y,16 Sep 2026 11:08:34 GMT,WEDNESDAY,SW1,15,375,ENABLED,12,400,DISABLED
5983947638,مكتبة الزهراء,Store Active,alexandria,Al Iskandar?yah,0,DEX5,"31.24076,29.990451",BZ5JZGFNSQGR5USUTHXEG12LN9WTSORSDA2CDSROSTW9NLDPXTQ2EIA2OXGDNW4Y,16 Sep 2026 11:08:34 GMT,WEDNESDAY,SW2,15,4000,DISABLED,1,4000,DISABLED
5983947638,مكتبة الزهراء,Store Active,alexandria,Al Iskandar?yah,0,DEX5,"31.24076,29.990451",BZ5JZGFNSQGR5USUTHXEG12LN9WTSORSDA2CDSROSTW9NLDPXTQ2EIA2OXGDNW4Y,16 Sep 2026 11:08:34 GMT,THURSDAY,SW1,15,375,ENABLED,12,400,DISABLED
5983947638,مكتبة الزهراء,Store Active,alexandria,Al Iskandar?yah,0,DEX5,"31.24076,29.990451",BZ5JZGFNSQGR5USUTHXEG12LN9WTSORSDA2CDSROSTW9NLDPXTQ2EIA2OXGDNW4Y,16 Sep 2026 11:08:34 GMT,THURSDAY,SW2,15,4000,DISABLED,1,4000,DISABLED
5983947638,مكتبة الزهراء,Store Active,alexandria,Al Iskandar?yah,0,DEX5,"31.24076,29.990451",BZ5JZGFNSQGR5USUTHXEG12LN9WTSORSDA2CDSROSTW9NLDPXTQ2EIA2OXGDNW4Y,16 Sep 2026 11:08:34 GMT,FRIDAY,SW1,15,375,ENABLED,12,400,DISABLED
5983947638,مكتبة الزهراء,Store Active,alexandria,Al Iskandar?yah,0,DEX5,"31.24076,29.990451",BZ5JZGFNSQGR5USUTHXEG12LN9WTSORSDA2CDSROSTW9NLDPXTQ2EIA2OXGDNW4Y,16 Sep 2026 11:08:34 GMT,FRIDAY,SW2,15,4000,DISABLED,1,4000,DISABLED
5983947638,مكتبة الزهراء,Store Active,alexandria,Al Iskandar?yah,0,DEX5,"31.24076,29.990451",BZ5JZGFNSQGR5USUTHXEG12LN9WTSORSDA2CDSROSTW9NLDPXTQ2EIA2OXGDNW4Y,16 Sep 2026 11:08:34 GMT,SATURDAY,SW1,15,375,ENABLED,12,400,DISABLED
5983947638,مكتبة الزهراء,Store Active,alexandria,Al Iskandar?yah,0,DEX5,"31.24076,29.990451",BZ5JZGFNSQGR5USUTHXEG12LN9WTSORSDA2CDSROSTW9NLDPXTQ2EIA2OXGDNW4Y,16 Sep 2026 11:08:34 GMT,SATURDAY,SW2,15,4000,DISABLED,1,4000,DISABLED
5983947638,مكتبة الزهراء,Store Active,alexandria,Al Iskandar?yah,0,DEX5,"31.24076,29.990451",BZ5JZGFNSQGR5USUTHXEG12LN9WTSORSDA2CDSROSTW9NLDPXTQ2EIA2OXGDNW4Y,16 Sep 2026 11:08:34 GMT,SUNDAY,SW1,15,375,ENABLED,12,400,DISABLED
5983947638,مكتبة الزهراء,Store Active,alexandria,Al Iskandar?yah,0,DEX5,"31.24076,29.990451",BZ5JZGFNSQGR5USUTHXEG12LN9WTSORSDA2CDSROSTW9NLDPXTQ2EIA2OXGDNW4Y,16 Sep 2026 11:08:34 GMT,SUNDAY,SW2,15,4000,DISABLED,11,4000,DISABLED
4937562082,DOCTORZ COMBANY,Store Inactive,Ssmouha,Al Iskandar?yah,0,DEX5,"31.213185,29.939127",4YWE6RJAXYXPU33FM3MIG12LN9WTSORSDA2CDSROSTW9NLDPXTQ2EIA2OXEK64XR,NA,MONDAY,SW1,0,425,ENABLED,0,0,DISABLED
4937562082,DOCTORZ COMBANY,Store Inactive,Ssmouha,Al Iskandar?yah,0,DEX5,"31.213185,29.939127",4YWE6RJAXYXPU33FM3MIG12LN9WTSORSDA2CDSROSTW9NLDPXTQ2EIA2OXEK64XR,NA,MONDAY,SW2,0,425,DISABLED,0,0,DISABLED
4937562082,DOCTORZ COMBANY,Store Inactive,Ssmouha,Al Iskandar?yah,0,DEX5,"31.213185,29.939127",4YWE6RJAXYXPU33FM3MIG12LN9WTSORSDA2CDSROSTW9NLDPXTQ2EIA2OXEK64XR,NA,TUESDAY,SW1,0,425,ENABLED,0,0,DISABLED
4937562082,DOCTORZ COMBANY,Store Inactive,Ssmouha,Al Iskandar?yah,0,DEX5,"31.213185,29.939127",4YWE6RJAXYXPU33FM3MIG12LN9WTSORSDA2CDSROSTW9NLDPXTQ2EIA2OXEK64XR,NA,TUESDAY,SW2,0,425,DISABLED,0,0,DISABLED
4937562082,DOCTORZ COMBANY,Store Inactive,Ssmouha,Al Iskandar?yah,0,DEX5,"31.213185,29.939127",4YWE6RJAXYXPU33FM3MIG12LN9WTSORSDA2CDSROSTW9NLDPXTQ2EIA2OXEK64XR,NA,WEDNESDAY,SW1,0,425,ENABLED,0,0,DISABLED
4937562082,DOCTORZ COMBANY,Store Inactive,Ssmouha,Al Iskandar?yah,0,DEX5,"31.213185,29.939127",4YWE6RJAXYXPU33FM3MIG12LN9WTSORSDA2CDSROSTW9NLDPXTQ2EIA2OXEK64XR,NA,WEDNESDAY,SW2,0,425,DISABLED,0,0,DISABLED
4937562082,DOCTORZ COMBANY,Store Inactive,Ssmouha,Al Iskandar?yah,0,DEX5,"31.213185,29.939127",4YWE6RJAXYXPU33FM3MIG12LN9WTSORSDA2CDSROSTW9NLDPXTQ2EIA2OXEK64XR,NA,THURSDAY,SW1,0,425,ENABLED,0,0,DISABLED
4937562082,DOCTORZ COMBANY,Store Inactive,Ssmouha,Al Iskandar?yah,0,DEX5,"31.213185,29.939127",4YWE6RJAXYXPU33FM3MIG12LN9WTSORSDA2CDSROSTW9NLDPXTQ2EIA2OXEK64XR,NA,THURSDAY,SW2,0,425,DISABLED,0,0,DISABLED
4937562082,DOCTORZ COMBANY,Store Inactive,Ssmouha,Al Iskandar?yah,0,DEX5,"31.213185,29.939127",4YWE6RJAXYXPU33FM3MIG12LN9WTSORSDA2CDSROSTW9NLDPXTQ2EIA2OXEK64XR,NA,FRIDAY,SW1,0,425,ENABLED,0,0,DISABLED
4937562082,DOCTORZ COMBANY,Store Inactive,Ssmouha,Al Iskandar?yah,0,DEX5,"31.213185,29.939127",4YWE6RJAXYXPU33FM3MIG12LN9WTSORSDA2CDSROSTW9NLDPXTQ2EIA2OXEK64XR,NA,FRIDAY,SW2,0,425,DISABLED,0,0,DISABLED
4937562082,DOCTORZ COMBANY,Store Inactive,Ssmouha,Al Iskandar?yah,0,DEX5,"31.213185,29.939127",4YWE6RJAXYXPU33FM3MIG12LN9WTSORSDA2CDSROSTW9NLDPXTQ2EIA2OXEK64XR,NA,SATURDAY,SW1,0,425,ENABLED,0,0,DISABLED
4937562082,DOCTORZ COMBANY,Store Inactive,Ssmouha,Al Iskandar?yah,0,DEX5,"31.213185,29.939127",4YWE6RJAXYXPU33FM3MIG12LN9WTSORSDA2CDSROSTW9NLDPXTQ2EIA2OXEK64XR,NA,SATURDAY,SW2,0,425,DISABLED,0,0,DISABLED
4937562082,DOCTORZ COMBANY,Store Inactive,Ssmouha,Al Iskandar?yah,0,DEX5,"31.213185,29.939127",4YWE6RJAXYXPU33FM3MIG12LN9WTSORSDA2CDSROSTW9NLDPXTQ2EIA2OXEK64XR,NA,SUNDAY,SW1,0,425,ENABLED,0,0,DISABLED
4937562082,DOCTORZ COMBANY,Store Inactive,Ssmouha,Al Iskandar?yah,0,DEX5,"31.213185,29.939127",4YWE6RJAXYXPU33FM3MIG12LN9WTSORSDA2CDSROSTW9NLDPXTQ2EIA2OXEK64XR,NA,SUNDAY,SW2,0,425,DISABLED,0,0,DISABLED
4197522754,Essa Coffe,Store Inactive,Alexandria,Al Iskandar?yah,0,DEX5,"31.228748721421912,29.952852696123703",3ZFSAHTBUK7YAK5CKK6UG12LN9WTSORSDA2CDSROSTW9NLDPXTQ2EIA2OXKYMFT7,NA,MONDAY,SW1,0,450,ENABLED,0,0,DISABLED
4197522754,Essa Coffe,Store Inactive,Alexandria,Al Iskandar?yah,0,DEX5,"31.228748721421912,29.952852696123703",3ZFSAHTBUK7YAK5CKK6UG12LN9WTSORSDA2CDSROSTW9NLDPXTQ2EIA2OXKYMFT7,NA,MONDAY,SW2,0,450,DISABLED,0,0,DISABLED
4197522754,Essa Coffe,Store Inactive,Alexandria,Al Iskandar?yah,0,DEX5,"31.228748721421912,29.952852696123703",3ZFSAHTBUK7YAK5CKK6UG12LN9WTSORSDA2CDSROSTW9NLDPXTQ2EIA2OXKYMFT7,NA,TUESDAY,SW1,0,450,ENABLED,0,0,DISABLED
4197522754,Essa Coffe,Store Inactive,Alexandria,Al Iskandar?yah,0,DEX5,"31.228748721421912,29.952852696123703",3ZFSAHTBUK7YAK5CKK6UG12LN9WTSORSDA2CDSROSTW9NLDPXTQ2EIA2OXKYMFT7,NA,TUESDAY,SW2,0,450,DISABLED,0,0,DISABLED
4197522754,Essa Coffe,Store Inactive,Alexandria,Al Iskandar?yah,0,DEX5,"31.228748721421912,29.952852696123703",3ZFSAHTBUK7YAK5CKK6UG12LN9WTSORSDA2CDSROSTW9NLDPXTQ2EIA2OXKYMFT7,NA,WEDNESDAY,SW1,0,450,ENABLED,0,0,DISABLED
4197522754,Essa Coffe,Store Inactive,Alexandria,Al Iskandar?yah,0,DEX5,"31.228748721421912,29.952852696123703",3ZFSAHTBUK7YAK5CKK6UG12LN9WTSORSDA2CDSROSTW9NLDPXTQ2EIA2OXKYMFT7,NA,WEDNESDAY,SW2,0,450,DISABLED,0,0,DISABLED
4197522754,Essa Coffe,Store Inactive,Alexandria,Al Iskandar?yah,0,DEX5,"31.228748721421912,29.952852696123703",3ZFSAHTBUK7YAK5CKK6UG12LN9WTSORSDA2CDSROSTW9NLDPXTQ2EIA2OXKYMFT7,NA,THURSDAY,SW1,0,450,ENABLED,0,0,DISABLED
4197522754,Essa Coffe,Store Inactive,Alexandria,Al Iskandar?yah,0,DEX5,"31.228748721421912,29.952852696123703",3ZFSAHTBUK7YAK5CKK6UG12LN9WTSORSDA2CDSROSTW9NLDPXTQ2EIA2OXKYMFT7,NA,THURSDAY,SW2,0,450,DISABLED,0,0,DISABLED
4197522754,Essa Coffe,Store Inactive,Alexandria,Al Iskandar?yah,0,DEX5,"31.228748721421912,29.952852696123703",3ZFSAHTBUK7YAK5CKK6UG12LN9WTSORSDA2CDSROSTW9NLDPXTQ2EIA2OXKYMFT7,NA,FRIDAY,SW1,0,450,ENABLED,0,0,DISABLED
4197522754,Essa Coffe,Store Inactive,Alexandria,Al Iskandar?yah,0,DEX5,"31.228748721421912,29.952852696123703",3ZFSAHTBUK7YAK5CKK6UG12LN9WTSORSDA2CDSROSTW9NLDPXTQ2EIA2OXKYMFT7,NA,FRIDAY,SW2,0,450,DISABLED,0,0,DISABLED
4197522754,Essa Coffe,Store Inactive,Alexandria,Al Iskandar?yah,0,DEX5,"31.228748721421912,29.952852696123703",3ZFSAHTBUK7YAK5CKK6UG12LN9WTSORSDA2CDSROSTW9NLDPXTQ2EIA2OXKYMFT7,NA,SATURDAY,SW1,0,450,ENABLED,0,0,DISABLED
4197522754,Essa Coffe,Store Inactive,Alexandria,Al Iskandar?yah,0,DEX5,"31.228748721421912,29.952852696123703",3ZFSAHTBUK7YAK5CKK6UG12LN9WTSORSDA2CDSROSTW9NLDPXTQ2EIA2OXKYMFT7,NA,SATURDAY,SW2,0,450,DISABLED,0,0,DISABLED
4197522754,Essa Coffe,Store Inactive,Alexandria,Al Iskandar?yah,0,DEX5,"31.228748721421912,29.952852696123703",3ZFSAHTBUK7YAK5CKK6UG12LN9WTSORSDA2CDSROSTW9NLDPXTQ2EIA2OXKYMFT7,NA,SUNDAY,SW1,0,450,ENABLED,0,0,DISABLED
4197522754,Essa Coffe,Store Inactive,Alexandria,Al Iskandar?yah,0,DEX5,"31.228748721421912,29.952852696123703",3ZFSAHTBUK7YAK5CKK6UG12LN9WTSORSDA2CDSROSTW9NLDPXTQ2EIA2OXKYMFT7,NA,SUNDAY,SW2,0,450,DISABLED,0,0,DISABLED
5342604470,Kimo's Computer,Store Active,alexandria,Al Iskandar?yah,0,DEX5,"31.21334,29.9635",BR4FIYMRQICTJYZ422UAG12LN9WTSORSDA2CDSROSTW9NLDPXTQ2EIA2OXDBZ2FF,23 Aug 2026 13:14:11 GMT,MONDAY,SW1,50,425,ENABLED,50,425,DISABLED
5342604470,Kimo's Computer,Store Active,alexandria,Al Iskandar?yah,0,DEX5,"31.21334,29.9635",BR4FIYMRQICTJYZ422UAG12LN9WTSORSDA2CDSROSTW9NLDPXTQ2EIA2OXDBZ2FF,23 Aug 2026 13:14:11 GMT,MONDAY,SW2,50,425,DISABLED,50,425,DISABLED
5342604470,Kimo's Computer,Store Active,alexandria,Al Iskandar?yah,0,DEX5,"31.21334,29.9635",BR4FIYMRQICTJYZ422UAG12LN9WTSORSDA2CDSROSTW9NLDPXTQ2EIA2OXDBZ2FF,23 Aug 2026 13:14:11 GMT,TUESDAY,SW1,50,425,ENABLED,50,425,DISABLED
5342604470,Kimo's Computer,Store Active,alexandria,Al Iskandar?yah,0,DEX5,"31.21334,29.9635",BR4FIYMRQICTJYZ422UAG12LN9WTSORSDA2CDSROSTW9NLDPXTQ2EIA2OXDBZ2FF,23 Aug 2026 13:14:11 GMT,TUESDAY,SW2,50,425,DISABLED,50,425,DISABLED
5342604470,Kimo's Computer,Store Active,alexandria,Al Iskandar?yah,0,DEX5,"31.21334,29.9635",BR4FIYMRQICTJYZ422UAG12LN9WTSORSDA2CDSROSTW9NLDPXTQ2EIA2OXDBZ2FF,23 Aug 2026 13:14:11 GMT,WEDNESDAY,SW1,50,425,ENABLED,50,425,DISABLED
5342604470,Kimo's Computer,Store Active,alexandria,Al Iskandar?yah,0,DEX5,"31.21334,29.9635",BR4FIYMRQICTJYZ422UAG12LN9WTSORSDA2CDSROSTW9NLDPXTQ2EIA2OXDBZ2FF,23 Aug 2026 13:14:11 GMT,WEDNESDAY,SW2,50,425,DISABLED,50,425,DISABLED
5342604470,Kimo's Computer,Store Active,alexandria,Al Iskandar?yah,0,DEX5,"31.21334,29.9635",BR4FIYMRQICTJYZ422UAG12LN9WTSORSDA2CDSROSTW9NLDPXTQ2EIA2OXDBZ2FF,23 Aug 2026 13:14:11 GMT,THURSDAY,SW1,50,425,ENABLED,50,425,DISABLED
5342604470,Kimo's Computer,Store Active,alexandria,Al Iskandar?yah,0,DEX5,"31.21334,29.9635",BR4FIYMRQICTJYZ422UAG12LN9WTSORSDA2CDSROSTW9NLDPXTQ2EIA2OXDBZ2FF,23 Aug 2026 13:14:11 GMT,THURSDAY,SW2,50,425,DISABLED,50,425,DISABLED
5342604470,Kimo's Computer,Store Active,alexandria,Al Iskandar?yah,0,DEX5,"31.21334,29.9635",BR4FIYMRQICTJYZ422UAG12LN9WTSORSDA2CDSROSTW9NLDPXTQ2EIA2OXDBZ2FF,23 Aug 2026 13:14:11 GMT,FRIDAY,SW1,50,425,ENABLED,50,425,DISABLED
5342604470,Kimo's Computer,Store Active,alexandria,Al Iskandar?yah,0,DEX5,"31.21334,29.9635",BR4FIYMRQICTJYZ422UAG12LN9WTSORSDA2CDSROSTW9NLDPXTQ2EIA2OXDBZ2FF,23 Aug 2026 13:14:11 GMT,FRIDAY,SW2,50,425,DISABLED,50,425,DISABLED
5342604470,Kimo's Computer,Store Active,alexandria,Al Iskandar?yah,0,DEX5,"31.21334,29.9635",BR4FIYMRQICTJYZ422UAG12LN9WTSORSDA2CDSROSTW9NLDPXTQ2EIA2OXDBZ2FF,23 Aug 2026 13:14:11 GMT,SATURDAY,SW1,50,425,ENABLED,50,425,DISABLED
5342604470,Kimo's Computer,Store Active,alexandria,Al Iskandar?yah,0,DEX5,"31.21334,29.9635",BR4FIYMRQICTJYZ422UAG12LN9WTSORSDA2CDSROSTW9NLDPXTQ2EIA2OXDBZ2FF,23 Aug 2026 13:14:11 GMT,SATURDAY,SW2,50,425,DISABLED,50,425,DISABLED
5342604470,Kimo's Computer,Store Active,alexandria,Al Iskandar?yah,0,DEX5,"31.21334,29.9635",BR4FIYMRQICTJYZ422UAG12LN9WTSORSDA2CDSROSTW9NLDPXTQ2EIA2OXDBZ2FF,23 Aug 2026 13:14:11 GMT,SUNDAY,SW1,50,425,ENABLED,50,425,DISABLED
5342604470,Kimo's Computer,Store Active,alexandria,Al Iskandar?yah,0,DEX5,"31.21334,29.9635",BR4FIYMRQICTJYZ422UAG12LN9WTSORSDA2CDSROSTW9NLDPXTQ2EIA2OXDBZ2FF,23 Aug 2026 13:14:11 GMT,SUNDAY,SW2,50,425,DISABLED,50,425,DISABLED
8638059992,MARKET MAKA,Store Inactive,Alexandria,Al Iskandar?yah,0,DEX5,"31.226406277275036,29.950684296172682",HDNSSJWH4AHWY4EB3BPQG12LN9WTSORSDA2CDSROSTW9NLDPXTQ2EIA2OXJPHYXX,NA,MONDAY,SW1,0,425,ENABLED,0,0,DISABLED
8638059992,MARKET MAKA,Store Inactive,Alexandria,Al Iskandar?yah,0,DEX5,"31.226406277275036,29.950684296172682",HDNSSJWH4AHWY4EB3BPQG12LN9WTSORSDA2CDSROSTW9NLDPXTQ2EIA2OXJPHYXX,NA,MONDAY,SW2,0,425,DISABLED,0,0,DISABLED
8638059992,MARKET MAKA,Store Inactive,Alexandria,Al Iskandar?yah,0,DEX5,"31.226406277275036,29.950684296172682",HDNSSJWH4AHWY4EB3BPQG12LN9WTSORSDA2CDSROSTW9NLDPXTQ2EIA2OXJPHYXX,NA,TUESDAY,SW1,0,425,ENABLED,0,0,DISABLED
8638059992,MARKET MAKA,Store Inactive,Alexandria,Al Iskandar?yah,0,DEX5,"31.226406277275036,29.950684296172682",HDNSSJWH4AHWY4EB3BPQG12LN9WTSORSDA2CDSROSTW9NLDPXTQ2EIA2OXJPHYXX,NA,TUESDAY,SW2,0,425,DISABLED,0,0,DISABLED
8638059992,MARKET MAKA,Store Inactive,Alexandria,Al Iskandar?yah,0,DEX5,"31.226406277275036,29.950684296172682",HDNSSJWH4AHWY4EB3BPQG12LN9WTSORSDA2CDSROSTW9NLDPXTQ2EIA2OXJPHYXX,NA,WEDNESDAY,SW1,0,425,ENABLED,0,0,DISABLED
8638059992,MARKET MAKA,Store Inactive,Alexandria,Al Iskandar?yah,0,DEX5,"31.226406277275036,29.950684296172682",HDNSSJWH4AHWY4EB3BPQG12LN9WTSORSDA2CDSROSTW9NLDPXTQ2EIA2OXJPHYXX,NA,WEDNESDAY,SW2,0,425,DISABLED,0,0,DISABLED
8638059992,MARKET MAKA,Store Inactive,Alexandria,Al Iskandar?yah,0,DEX5,"31.226406277275036,29.950684296172682",HDNSSJWH4AHWY4EB3BPQG12LN9WTSORSDA2CDSROSTW9NLDPXTQ2EIA2OXJPHYXX,NA,THURSDAY,SW1,0,425,ENABLED,0,0,DISABLED
8638059992,MARKET MAKA,Store Inactive,Alexandria,Al Iskandar?yah,0,DEX5,"31.226406277275036,29.950684296172682",HDNSSJWH4AHWY4EB3BPQG12LN9WTSORSDA2CDSROSTW9NLDPXTQ2EIA2OXJPHYXX,NA,THURSDAY,SW2,0,425,DISABLED,0,0,DISABLED
8638059992,MARKET MAKA,Store Inactive,Alexandria,Al Iskandar?yah,0,DEX5,"31.226406277275036,29.950684296172682",HDNSSJWH4AHWY4EB3BPQG12LN9WTSORSDA2CDSROSTW9NLDPXTQ2EIA2OXJPHYXX,NA,FRIDAY,SW1,0,425,ENABLED,0,0,DISABLED
8638059992,MARKET MAKA,Store Inactive,Alexandria,Al Iskandar?yah,0,DEX5,"31.226406277275036,29.950684296172682",HDNSSJWH4AHWY4EB3BPQG12LN9WTSORSDA2CDSROSTW9NLDPXTQ2EIA2OXJPHYXX,NA,FRIDAY,SW2,0,425,DISABLED,0,0,DISABLED
8638059992,MARKET MAKA,Store Inactive,Alexandria,Al Iskandar?yah,0,DEX5,"31.226406277275036,29.950684296172682",HDNSSJWH4AHWY4EB3BPQG12LN9WTSORSDA2CDSROSTW9NLDPXTQ2EIA2OXJPHYXX,NA,SATURDAY,SW1,0,425,ENABLED,0,0,DISABLED
8638059992,MARKET MAKA,Store Inactive,Alexandria,Al Iskandar?yah,0,DEX5,"31.226406277275036,29.950684296172682",HDNSSJWH4AHWY4EB3BPQG12LN9WTSORSDA2CDSROSTW9NLDPXTQ2EIA2OXJPHYXX,NA,SATURDAY,SW2,0,425,DISABLED,0,0,DISABLED
8638059992,MARKET MAKA,Store Inactive,Alexandria,Al Iskandar?yah,0,DEX5,"31.226406277275036,29.950684296172682",HDNSSJWH4AHWY4EB3BPQG12LN9WTSORSDA2CDSROSTW9NLDPXTQ2EIA2OXJPHYXX,NA,SUNDAY,SW1,0,425,ENABLED,0,0,DISABLED
8638059992,MARKET MAKA,Store Inactive,Alexandria,Al Iskandar?yah,0,DEX5,"31.226406277275036,29.950684296172682",HDNSSJWH4AHWY4EB3BPQG12LN9WTSORSDA2CDSROSTW9NLDPXTQ2EIA2OXJPHYXX,NA,SUNDAY,SW2,0,425,DISABLED,0,0,DISABLED
8463737398,Al-Mawas Company,Store Inactive,alexandria,Al Iskandar?yah,0,DEX5,"31.22519520203667,29.947092607849758",WL5AHITSTOBOWNVKOVQYG12LN9WTSORSDA2CDSROSTW9NLDPXTQ2EYA2OXMHWSUC,NA,MONDAY,SW1,0,425,ENABLED,0,0,DISABLED
8463737398,Al-Mawas Company,Store Inactive,alexandria,Al Iskandar?yah,0,DEX5,"31.22519520203667,29.947092607849758",WL5AHITSTOBOWNVKOVQYG12LN9WTSORSDA2CDSROSTW9NLDPXTQ2EYA2OXMHWSUC,NA,MONDAY,SW2,0,425,DISABLED,0,0,DISABLED
8463737398,Al-Mawas Company,Store Inactive,alexandria,Al Iskandar?yah,0,DEX5,"31.22519520203667,29.947092607849758",WL5AHITSTOBOWNVKOVQYG12LN9WTSORSDA2CDSROSTW9NLDPXTQ2EYA2OXMHWSUC,NA,TUESDAY,SW1,0,425,ENABLED,0,0,DISABLED
8463737398,Al-Mawas Company,Store Inactive,alexandria,Al Iskandar?yah,0,DEX5,"31.22519520203667,29.947092607849758",WL5AHITSTOBOWNVKOVQYG12LN9WTSORSDA2CDSROSTW9NLDPXTQ2EYA2OXMHWSUC,NA,TUESDAY,SW2,0,425,DISABLED,0,0,DISABLED
8463737398,Al-Mawas Company,Store Inactive,alexandria,Al Iskandar?yah,0,DEX5,"31.22519520203667,29.947092607849758",WL5AHITSTOBOWNVKOVQYG12LN9WTSORSDA2CDSROSTW9NLDPXTQ2EYA2OXMHWSUC,NA,WEDNESDAY,SW1,0,425,ENABLED,0,0,DISABLED
8463737398,Al-Mawas Company,Store Inactive,alexandria,Al Iskandar?yah,0,DEX5,"31.22519520203667,29.947092607849758",WL5AHITSTOBOWNVKOVQYG12LN9WTSORSDA2CDSROSTW9NLDPXTQ2EYA2OXMHWSUC,NA,WEDNESDAY,SW2,0,425,DISABLED,0,0,DISABLED
8463737398,Al-Mawas Company,Store Inactive,alexandria,Al Iskandar?yah,0,DEX5,"31.22519520203667,29.947092607849758",WL5AHITSTOBOWNVKOVQYG12LN9WTSORSDA2CDSROSTW9NLDPXTQ2EYA2OXMHWSUC,NA,THURSDAY,SW1,0,425,ENABLED,0,0,DISABLED
8463737398,Al-Mawas Company,Store Inactive,alexandria,Al Iskandar?yah,0,DEX5,"31.22519520203667,29.947092607849758",WL5AHITSTOBOWNVKOVQYG12LN9WTSORSDA2CDSROSTW9NLDPXTQ2EYA2OXMHWSUC,NA,THURSDAY,SW2,0,425,DISABLED,0,0,DISABLED
8463737398,Al-Mawas Company,Store Inactive,alexandria,Al Iskandar?yah,0,DEX5,"31.22519520203667,29.947092607849758",WL5AHITSTOBOWNVKOVQYG12LN9WTSORSDA2CDSROSTW9NLDPXTQ2EYA2OXMHWSUC,NA,FRIDAY,SW1,0,425,ENABLED,0,0,DISABLED
8463737398,Al-Mawas Company,Store Inactive,alexandria,Al Iskandar?yah,0,DEX5,"31.22519520203667,29.947092607849758",WL5AHITSTOBOWNVKOVQYG12LN9WTSORSDA2CDSROSTW9NLDPXTQ2EYA2OXMHWSUC,NA,FRIDAY,SW2,0,425,DISABLED,0,0,DISABLED
8463737398,Al-Mawas Company,Store Inactive,alexandria,Al Iskandar?yah,0,DEX5,"31.22519520203667,29.947092607849758",WL5AHITSTOBOWNVKOVQYG12LN9WTSORSDA2CDSROSTW9NLDPXTQ2EYA2OXMHWSUC,NA,SATURDAY,SW1,0,425,ENABLED,0,0,DISABLED
8463737398,Al-Mawas Company,Store Inactive,alexandria,Al Iskandar?yah,0,DEX5,"31.22519520203667,29.947092607849758",WL5AHITSTOBOWNVKOVQYG12LN9WTSORSDA2CDSROSTW9NLDPXTQ2EYA2OXMHWSUC,NA,SATURDAY,SW2,0,425,DISABLED,0,0,DISABLED
8463737398,Al-Mawas Company,Store Inactive,alexandria,Al Iskandar?yah,0,DEX5,"31.22519520203667,29.947092607849758",WL5AHITSTOBOWNVKOVQYG12LN9WTSORSDA2CDSROSTW9NLDPXTQ2EYA2OXMHWSUC,NA,SUNDAY,SW1,0,425,ENABLED,0,0,DISABLED
8463737398,Al-Mawas Company,Store Inactive,alexandria,Al Iskandar?yah,0,DEX5,"31.22519520203667,29.947092607849758",WL5AHITSTOBOWNVKOVQYG12LN9WTSORSDA2CDSROSTW9NLDPXTQ2EYA2OXMHWSUC,NA,SUNDAY,SW2,0,425,DISABLED,0,0,DISABLED
5157004524,DOWN.2,Store Active,Loran,Al Iskandar?yah,0,DEX5,"31.2478358,29.9743422",GCELAPGQTEI6Y5GKDEPEG12LN9WTSORSDA2CDSROSTW9NLDPXTQ2EIA2OX7V3NTE,28 Dec 2025 14:33:33 GMT,MONDAY,SW1,35,375,ENABLED,25,375,DISABLED
5157004524,DOWN.2,Store Active,Loran,Al Iskandar?yah,0,DEX5,"31.2478358,29.9743422",GCELAPGQTEI6Y5GKDEPEG12LN9WTSORSDA2CDSROSTW9NLDPXTQ2EIA2OX7V3NTE,28 Dec 2025 14:33:33 GMT,MONDAY,SW2,35,375,DISABLED,25,375,DISABLED
5157004524,DOWN.2,Store Active,Loran,Al Iskandar?yah,0,DEX5,"31.2478358,29.9743422",GCELAPGQTEI6Y5GKDEPEG12LN9WTSORSDA2CDSROSTW9NLDPXTQ2EIA2OX7V3NTE,28 Dec 2025 14:33:33 GMT,TUESDAY,SW1,35,375,ENABLED,25,375,DISABLED
5157004524,DOWN.2,Store Active,Loran,Al Iskandar?yah,0,DEX5,"31.2478358,29.9743422",GCELAPGQTEI6Y5GKDEPEG12LN9WTSORSDA2CDSROSTW9NLDPXTQ2EIA2OX7V3NTE,28 Dec 2025 14:33:33 GMT,TUESDAY,SW2,35,375,DISABLED,25,375,DISABLED
5157004524,DOWN.2,Store Active,Loran,Al Iskandar?yah,0,DEX5,"31.2478358,29.9743422",GCELAPGQTEI6Y5GKDEPEG12LN9WTSORSDA2CDSROSTW9NLDPXTQ2EIA2OX7V3NTE,28 Dec 2025 14:33:33 GMT,WEDNESDAY,SW1,35,375,ENABLED,25,375,DISABLED
5157004524,DOWN.2,Store Active,Loran,Al Iskandar?yah,0,DEX5,"31.2478358,29.9743422",GCELAPGQTEI6Y5GKDEPEG12LN9WTSORSDA2CDSROSTW9NLDPXTQ2EIA2OX7V3NTE,28 Dec 2025 14:33:33 GMT,WEDNESDAY,SW2,35,375,DISABLED,25,375,DISABLED
5157004524,DOWN.2,Store Active,Loran,Al Iskandar?yah,0,DEX5,"31.2478358,29.9743422",GCELAPGQTEI6Y5GKDEPEG12LN9WTSORSDA2CDSROSTW9NLDPXTQ2EIA2OX7V3NTE,28 Dec 2025 14:33:33 GMT,THURSDAY,SW1,35,375,ENABLED,25,375,DISABLED
5157004524,DOWN.2,Store Active,Loran,Al Iskandar?yah,0,DEX5,"31.2478358,29.9743422",GCELAPGQTEI6Y5GKDEPEG12LN9WTSORSDA2CDSROSTW9NLDPXTQ2EIA2OX7V3NTE,28 Dec 2025 14:33:33 GMT,THURSDAY,SW2,35,375,DISABLED,25,375,DISABLED
5157004524,DOWN.2,Store Active,Loran,Al Iskandar?yah,0,DEX5,"31.2478358,29.9743422",GCELAPGQTEI6Y5GKDEPEG12LN9WTSORSDA2CDSROSTW9NLDPXTQ2EIA2OX7V3NTE,28 Dec 2025 14:33:33 GMT,FRIDAY,SW1,35,375,ENABLED,25,375,DISABLED
5157004524,DOWN.2,Store Active,Loran,Al Iskandar?yah,0,DEX5,"31.2478358,29.9743422",GCELAPGQTEI6Y5GKDEPEG12LN9WTSORSDA2CDSROSTW9NLDPXTQ2EIA2OX7V3NTE,28 Dec 2025 14:33:33 GMT,FRIDAY,SW2,35,375,DISABLED,25,375,DISABLED
5157004524,DOWN.2,Store Active,Loran,Al Iskandar?yah,0,DEX5,"31.2478358,29.9743422",GCELAPGQTEI6Y5GKDEPEG12LN9WTSORSDA2CDSROSTW9NLDPXTQ2EIA2OX7V3NTE,28 Dec 2025 14:33:33 GMT,SATURDAY,SW1,35,375,ENABLED,25,375,DISABLED
5157004524,DOWN.2,Store Active,Loran,Al Iskandar?yah,0,DEX5,"31.2478358,29.9743422",GCELAPGQTEI6Y5GKDEPEG12LN9WTSORSDA2CDSROSTW9NLDPXTQ2EIA2OX7V3NTE,28 Dec 2025 14:33:33 GMT,SATURDAY,SW2,35,375,DISABLED,25,375,DISABLED
5157004524,DOWN.2,Store Active,Loran,Al Iskandar?yah,0,DEX5,"31.2478358,29.9743422",GCELAPGQTEI6Y5GKDEPEG12LN9WTSORSDA2CDSROSTW9NLDPXTQ2EIA2OX7V3NTE,28 Dec 2025 14:33:33 GMT,SUNDAY,SW1,35,375,ENABLED,25,375,DISABLED
5157004524,DOWN.2,Store Active,Loran,Al Iskandar?yah,0,DEX5,"31.2478358,29.9743422",GCELAPGQTEI6Y5GKDEPEG12LN9WTSORSDA2CDSROSTW9NLDPXTQ2EIA2OX7V3NTE,28 Dec 2025 14:33:33 GMT,SUNDAY,SW2,35,375,DISABLED,25,375,DISABLED
2448666054,Akram,Store Active,Alskndareh,Al Iskandar?yah,0,DEX5,"31.24052284000403,29.963036260665913",LR4OPBH56IWK5QGSMD24G12LN9WTSORSDA2CDSROSTW9NLDPXTQ2EIA2OXUDP3W4,20 Oct 2024 09:21:37 GMT,MONDAY,SW1,50,425,ENABLED,50,425,DISABLED
2448666054,Akram,Store Active,Alskndareh,Al Iskandar?yah,0,DEX5,"31.24052284000403,29.963036260665913",LR4OPBH56IWK5QGSMD24G12LN9WTSORSDA2CDSROSTW9NLDPXTQ2EIA2OXUDP3W4,20 Oct 2024 09:21:37 GMT,MONDAY,SW2,50,425,DISABLED,50,0,DISABLED
2448666054,Akram,Store Active,Alskndareh,Al Iskandar?yah,0,DEX5,"31.24052284000403,29.963036260665913",LR4OPBH56IWK5QGSMD24G12LN9WTSORSDA2CDSROSTW9NLDPXTQ2EIA2OXUDP3W4,20 Oct 2024 09:21:37 GMT,TUESDAY,SW1,50,425,ENABLED,50,425,DISABLED
2448666054,Akram,Store Active,Alskndareh,Al Iskandar?yah,0,DEX5,"31.24052284000403,29.963036260665913",LR4OPBH56IWK5QGSMD24G12LN9WTSORSDA2CDSROSTW9NLDPXTQ2EIA2OXUDP3W4,20 Oct 2024 09:21:37 GMT,TUESDAY,SW2,50,425,DISABLED,50,0,DISABLED
2448666054,Akram,Store Active,Alskndareh,Al Iskandar?yah,0,DEX5,"31.24052284000403,29.963036260665913",LR4OPBH56IWK5QGSMD24G12LN9WTSORSDA2CDSROSTW9NLDPXTQ2EIA2OXUDP3W4,20 Oct 2024 09:21:37 GMT,WEDNESDAY,SW1,50,425,ENABLED,50,425,DISABLED
2448666054,Akram,Store Active,Alskndareh,Al Iskandar?yah,0,DEX5,"31.24052284000403,29.963036260665913",LR4OPBH56IWK5QGSMD24G12LN9WTSORSDA2CDSROSTW9NLDPXTQ2EIA2OXUDP3W4,20 Oct 2024 09:21:37 GMT,WEDNESDAY,SW2,50,425,DISABLED,50,0,DISABLED
2448666054,Akram,Store Active,Alskndareh,Al Iskandar?yah,0,DEX5,"31.24052284000403,29.963036260665913",LR4OPBH56IWK5QGSMD24G12LN9WTSORSDA2CDSROSTW9NLDPXTQ2EIA2OXUDP3W4,20 Oct 2024 09:21:37 GMT,THURSDAY,SW1,50,425,ENABLED,50,425,DISABLED
2448666054,Akram,Store Active,Alskndareh,Al Iskandar?yah,0,DEX5,"31.24052284000403,29.963036260665913",LR4OPBH56IWK5QGSMD24G12LN9WTSORSDA2CDSROSTW9NLDPXTQ2EIA2OXUDP3W4,20 Oct 2024 09:21:37 GMT,THURSDAY,SW2,50,425,DISABLED,50,0,DISABLED
2448666054,Akram,Store Active,Alskndareh,Al Iskandar?yah,0,DEX5,"31.24052284000403,29.963036260665913",LR4OPBH56IWK5QGSMD24G12LN9WTSORSDA2CDSROSTW9NLDPXTQ2EIA2OXUDP3W4,20 Oct 2024 09:21:37 GMT,FRIDAY,SW1,50,425,ENABLED,50,425,DISABLED
2448666054,Akram,Store Active,Alskndareh,Al Iskandar?yah,0,DEX5,"31.24052284000403,29.963036260665913",LR4OPBH56IWK5QGSMD24G12LN9WTSORSDA2CDSROSTW9NLDPXTQ2EIA2OXUDP3W4,20 Oct 2024 09:21:37 GMT,FRIDAY,SW2,50,425,DISABLED,50,0,DISABLED
2448666054,Akram,Store Active,Alskndareh,Al Iskandar?yah,0,DEX5,"31.24052284000403,29.963036260665913",LR4OPBH56IWK5QGSMD24G12LN9WTSORSDA2CDSROSTW9NLDPXTQ2EIA2OXUDP3W4,20 Oct 2024 09:21:37 GMT,SATURDAY,SW1,50,425,ENABLED,50,425,DISABLED
2448666054,Akram,Store Active,Alskndareh,Al Iskandar?yah,0,DEX5,"31.24052284000403,29.963036260665913",LR4OPBH56IWK5QGSMD24G12LN9WTSORSDA2CDSROSTW9NLDPXTQ2EIA2OXUDP3W4,20 Oct 2024 09:21:37 GMT,SATURDAY,SW2,50,425,DISABLED,50,0,DISABLED
2448666054,Akram,Store Active,Alskndareh,Al Iskandar?yah,0,DEX5,"31.24052284000403,29.963036260665913",LR4OPBH56IWK5QGSMD24G12LN9WTSORSDA2CDSROSTW9NLDPXTQ2EIA2OXUDP3W4,20 Oct 2024 09:21:37 GMT,SUNDAY,SW1,50,425,ENABLED,50,425,DISABLED
2448666054,Akram,Store Active,Alskndareh,Al Iskandar?yah,0,DEX5,"31.24052284000403,29.963036260665913",LR4OPBH56IWK5QGSMD24G12LN9WTSORSDA2CDSROSTW9NLDPXTQ2EIA2OXUDP3W4,20 Oct 2024 09:21:37 GMT,SUNDAY,SW2,50,425,DISABLED,50,0,DISABLED
9035637147,Sky for Travel ,Store Active,Alexandria,Al Iskandar?yah,0,DEX5,"31.226471,29.970314",RNPYYSFCWNOTSUA3OMCYG12LN9WTSORSDA2CDSROSTW9NLDPXTQ2EIA2OX5D6FMG,23 Dec 2025 08:02:34 GMT,MONDAY,SW1,50,375,ENABLED,40,400,DISABLED
9035637147,Sky for Travel ,Store Active,Alexandria,Al Iskandar?yah,0,DEX5,"31.226471,29.970314",RNPYYSFCWNOTSUA3OMCYG12LN9WTSORSDA2CDSROSTW9NLDPXTQ2EIA2OX5D6FMG,23 Dec 2025 08:02:34 GMT,MONDAY,SW2,40,375,DISABLED,20,375,DISABLED
9035637147,Sky for Travel ,Store Active,Alexandria,Al Iskandar?yah,0,DEX5,"31.226471,29.970314",RNPYYSFCWNOTSUA3OMCYG12LN9WTSORSDA2CDSROSTW9NLDPXTQ2EIA2OX5D6FMG,23 Dec 2025 08:02:34 GMT,TUESDAY,SW1,50,375,ENABLED,40,400,DISABLED
9035637147,Sky for Travel ,Store Active,Alexandria,Al Iskandar?yah,0,DEX5,"31.226471,29.970314",RNPYYSFCWNOTSUA3OMCYG12LN9WTSORSDA2CDSROSTW9NLDPXTQ2EIA2OX5D6FMG,23 Dec 2025 08:02:34 GMT,TUESDAY,SW2,40,375,DISABLED,20,375,DISABLED
9035637147,Sky for Travel ,Store Active,Alexandria,Al Iskandar?yah,0,DEX5,"31.226471,29.970314",RNPYYSFCWNOTSUA3OMCYG12LN9WTSORSDA2CDSROSTW9NLDPXTQ2EIA2OX5D6FMG,23 Dec 2025 08:02:34 GMT,WEDNESDAY,SW1,50,375,ENABLED,40,400,DISABLED
9035637147,Sky for Travel ,Store Active,Alexandria,Al Iskandar?yah,0,DEX5,"31.226471,29.970314",RNPYYSFCWNOTSUA3OMCYG12LN9WTSORSDA2CDSROSTW9NLDPXTQ2EIA2OX5D6FMG,23 Dec 2025 08:02:34 GMT,WEDNESDAY,SW2,40,375,DISABLED,20,375,DISABLED
9035637147,Sky for Travel ,Store Active,Alexandria,Al Iskandar?yah,0,DEX5,"31.226471,29.970314",RNPYYSFCWNOTSUA3OMCYG12LN9WTSORSDA2CDSROSTW9NLDPXTQ2EIA2OX5D6FMG,23 Dec 2025 08:02:34 GMT,THURSDAY,SW1,50,375,ENABLED,40,400,DISABLED
9035637147,Sky for Travel ,Store Active,Alexandria,Al Iskandar?yah,0,DEX5,"31.226471,29.970314",RNPYYSFCWNOTSUA3OMCYG12LN9WTSORSDA2CDSROSTW9NLDPXTQ2EIA2OX5D6FMG,23 Dec 2025 08:02:34 GMT,THURSDAY,SW2,40,375,DISABLED,20,375,DISABLED
9035637147,Sky for Travel ,Store Active,Alexandria,Al Iskandar?yah,0,DEX5,"31.226471,29.970314",RNPYYSFCWNOTSUA3OMCYG12LN9WTSORSDA2CDSROSTW9NLDPXTQ2EIA2OX5D6FMG,23 Dec 2025 08:02:34 GMT,FRIDAY,SW1,50,375,ENABLED,40,400,DISABLED
9035637147,Sky for Travel ,Store Active,Alexandria,Al Iskandar?yah,0,DEX5,"31.226471,29.970314",RNPYYSFCWNOTSUA3OMCYG12LN9WTSORSDA2CDSROSTW9NLDPXTQ2EIA2OX5D6FMG,23 Dec 2025 08:02:34 GMT,FRIDAY,SW2,40,375,DISABLED,20,375,DISABLED
9035637147,Sky for Travel ,Store Active,Alexandria,Al Iskandar?yah,0,DEX5,"31.226471,29.970314",RNPYYSFCWNOTSUA3OMCYG12LN9WTSORSDA2CDSROSTW9NLDPXTQ2EIA2OX5D6FMG,23 Dec 2025 08:02:34 GMT,SATURDAY,SW1,50,375,ENABLED,40,400,DISABLED
9035637147,Sky for Travel ,Store Active,Alexandria,Al Iskandar?yah,0,DEX5,"31.226471,29.970314",RNPYYSFCWNOTSUA3OMCYG12LN9WTSORSDA2CDSROSTW9NLDPXTQ2EIA2OX5D6FMG,23 Dec 2025 08:02:34 GMT,SATURDAY,SW2,40,375,DISABLED,20,375,DISABLED
9035637147,Sky for Travel ,Store Active,Alexandria,Al Iskandar?yah,0,DEX5,"31.226471,29.970314",RNPYYSFCWNOTSUA3OMCYG12LN9WTSORSDA2CDSROSTW9NLDPXTQ2EIA2OX5D6FMG,23 Dec 2025 08:02:34 GMT,SUNDAY,SW1,50,375,ENABLED,40,400,DISABLED
9035637147,Sky for Travel ,Store Active,Alexandria,Al Iskandar?yah,0,DEX5,"31.226471,29.970314",RNPYYSFCWNOTSUA3OMCYG12LN9WTSORSDA2CDSROSTW9NLDPXTQ2EIA2OX5D6FMG,23 Dec 2025 08:02:34 GMT,SUNDAY,SW2,40,375,DISABLED,20,375,DISABLED
5361325787,DRY CLEAN SPORTING,Store Active,Moustafa kamel,Al Iskandar?yah,0,DEX5,"31.22848598,29.94807447",LNQLD74WZTQMXKGGGYXQG12LN9WTSORSDA2CDSROSTW9NLDPXTQ2EIA2OXIF3NSD,16 Aug 2026 09:34:25 GMT,MONDAY,SW1,40,550,ENABLED,25,550,DISABLED
5361325787,DRY CLEAN SPORTING,Store Active,Moustafa kamel,Al Iskandar?yah,0,DEX5,"31.22848598,29.94807447",LNQLD74WZTQMXKGGGYXQG12LN9WTSORSDA2CDSROSTW9NLDPXTQ2EIA2OXIF3NSD,16 Aug 2026 09:34:25 GMT,MONDAY,SW2,25,550,DISABLED,25,0,DISABLED
5361325787,DRY CLEAN SPORTING,Store Active,Moustafa kamel,Al Iskandar?yah,0,DEX5,"31.22848598,29.94807447",LNQLD74WZTQMXKGGGYXQG12LN9WTSORSDA2CDSROSTW9NLDPXTQ2EIA2OXIF3NSD,16 Aug 2026 09:34:25 GMT,TUESDAY,SW1,40,550,ENABLED,25,550,DISABLED
5361325787,DRY CLEAN SPORTING,Store Active,Moustafa kamel,Al Iskandar?yah,0,DEX5,"31.22848598,29.94807447",LNQLD74WZTQMXKGGGYXQG12LN9WTSORSDA2CDSROSTW9NLDPXTQ2EIA2OXIF3NSD,16 Aug 2026 09:34:25 GMT,TUESDAY,SW2,25,550,DISABLED,25,0,DISABLED
5361325787,DRY CLEAN SPORTING,Store Active,Moustafa kamel,Al Iskandar?yah,0,DEX5,"31.22848598,29.94807447",LNQLD74WZTQMXKGGGYXQG12LN9WTSORSDA2CDSROSTW9NLDPXTQ2EIA2OXIF3NSD,16 Aug 2026 09:34:25 GMT,WEDNESDAY,SW1,40,550,ENABLED,25,550,DISABLED
5361325787,DRY CLEAN SPORTING,Store Active,Moustafa kamel,Al Iskandar?yah,0,DEX5,"31.22848598,29.94807447",LNQLD74WZTQMXKGGGYXQG12LN9WTSORSDA2CDSROSTW9NLDPXTQ2EIA2OXIF3NSD,16 Aug 2026 09:34:25 GMT,WEDNESDAY,SW2,25,550,DISABLED,25,0,DISABLED
5361325787,DRY CLEAN SPORTING,Store Active,Moustafa kamel,Al Iskandar?yah,0,DEX5,"31.22848598,29.94807447",LNQLD74WZTQMXKGGGYXQG12LN9WTSORSDA2CDSROSTW9NLDPXTQ2EIA2OXIF3NSD,16 Aug 2026 09:34:25 GMT,THURSDAY,SW1,40,550,ENABLED,25,550,DISABLED
5361325787,DRY CLEAN SPORTING,Store Active,Moustafa kamel,Al Iskandar?yah,0,DEX5,"31.22848598,29.94807447",LNQLD74WZTQMXKGGGYXQG12LN9WTSORSDA2CDSROSTW9NLDPXTQ2EIA2OXIF3NSD,16 Aug 2026 09:34:25 GMT,THURSDAY,SW2,25,550,DISABLED,25,0,DISABLED
5361325787,DRY CLEAN SPORTING,Store Active,Moustafa kamel,Al Iskandar?yah,0,DEX5,"31.22848598,29.94807447",LNQLD74WZTQMXKGGGYXQG12LN9WTSORSDA2CDSROSTW9NLDPXTQ2EIA2OXIF3NSD,16 Aug 2026 09:34:25 GMT,FRIDAY,SW1,40,550,ENABLED,25,550,DISABLED
5361325787,DRY CLEAN SPORTING,Store Active,Moustafa kamel,Al Iskandar?yah,0,DEX5,"31.22848598,29.94807447",LNQLD74WZTQMXKGGGYXQG12LN9WTSORSDA2CDSROSTW9NLDPXTQ2EIA2OXIF3NSD,16 Aug 2026 09:34:25 GMT,FRIDAY,SW2,25,550,DISABLED,25,0,DISABLED
5361325787,DRY CLEAN SPORTING,Store Active,Moustafa kamel,Al Iskandar?yah,0,DEX5,"31.22848598,29.94807447",LNQLD74WZTQMXKGGGYXQG12LN9WTSORSDA2CDSROSTW9NLDPXTQ2EIA2OXIF3NSD,16 Aug 2026 09:34:25 GMT,SATURDAY,SW1,40,550,ENABLED,25,550,DISABLED
5361325787,DRY CLEAN SPORTING,Store Active,Moustafa kamel,Al Iskandar?yah,0,DEX5,"31.22848598,29.94807447",LNQLD74WZTQMXKGGGYXQG12LN9WTSORSDA2CDSROSTW9NLDPXTQ2EIA2OXIF3NSD,16 Aug 2026 09:34:25 GMT,SATURDAY,SW2,25,550,DISABLED,25,0,DISABLED
5361325787,DRY CLEAN SPORTING,Store Active,Moustafa kamel,Al Iskandar?yah,0,DEX5,"31.22848598,29.94807447",LNQLD74WZTQMXKGGGYXQG12LN9WTSORSDA2CDSROSTW9NLDPXTQ2EIA2OXIF3NSD,16 Aug 2026 09:34:25 GMT,SUNDAY,SW1,40,550,ENABLED,25,550,DISABLED
5361325787,DRY CLEAN SPORTING,Store Active,Moustafa kamel,Al Iskandar?yah,0,DEX5,"31.22848598,29.94807447",LNQLD74WZTQMXKGGGYXQG12LN9WTSORSDA2CDSROSTW9NLDPXTQ2EIA2OXIF3NSD,16 Aug 2026 09:34:25 GMT,SUNDAY,SW2,25,550,DISABLED,25,0,DISABLED
3297312970,Al-Hawari for Home Appliances and Furniture,Store Active,Alexandria,Al Iskandar?yah,0,DEX5,"31.252044606843807,29.978682014043123",JRF6IPZ6SSRVRVBXS6MIG12LN9WTSORSDA2CDSROSTW9NLDPXTQ2EIA2OXXOUTAT,16 Feb 2025 12:03:32 GMT,MONDAY,SW1,50,425,ENABLED,50,425,DISABLED
3297312970,Al-Hawari for Home Appliances and Furniture,Store Active,Alexandria,Al Iskandar?yah,0,DEX5,"31.252044606843807,29.978682014043123",JRF6IPZ6SSRVRVBXS6MIG12LN9WTSORSDA2CDSROSTW9NLDPXTQ2EIA2OXXOUTAT,16 Feb 2025 12:03:32 GMT,MONDAY,SW2,50,425,DISABLED,50,0,DISABLED
3297312970,Al-Hawari for Home Appliances and Furniture,Store Active,Alexandria,Al Iskandar?yah,0,DEX5,"31.252044606843807,29.978682014043123",JRF6IPZ6SSRVRVBXS6MIG12LN9WTSORSDA2CDSROSTW9NLDPXTQ2EIA2OXXOUTAT,16 Feb 2025 12:03:32 GMT,TUESDAY,SW1,50,425,ENABLED,50,425,DISABLED
3297312970,Al-Hawari for Home Appliances and Furniture,Store Active,Alexandria,Al Iskandar?yah,0,DEX5,"31.252044606843807,29.978682014043123",JRF6IPZ6SSRVRVBXS6MIG12LN9WTSORSDA2CDSROSTW9NLDPXTQ2EIA2OXXOUTAT,16 Feb 2025 12:03:32 GMT,TUESDAY,SW2,50,425,DISABLED,50,0,DISABLED
3297312970,Al-Hawari for Home Appliances and Furniture,Store Active,Alexandria,Al Iskandar?yah,0,DEX5,"31.252044606843807,29.978682014043123",JRF6IPZ6SSRVRVBXS6MIG12LN9WTSORSDA2CDSROSTW9NLDPXTQ2EIA2OXXOUTAT,16 Feb 2025 12:03:32 GMT,WEDNESDAY,SW1,50,425,ENABLED,50,425,DISABLED
3297312970,Al-Hawari for Home Appliances and Furniture,Store Active,Alexandria,Al Iskandar?yah,0,DEX5,"31.252044606843807,29.978682014043123",JRF6IPZ6SSRVRVBXS6MIG12LN9WTSORSDA2CDSROSTW9NLDPXTQ2EIA2OXXOUTAT,16 Feb 2025 12:03:32 GMT,WEDNESDAY,SW2,50,425,DISABLED,50,0,DISABLED
3297312970,Al-Hawari for Home Appliances and Furniture,Store Active,Alexandria,Al Iskandar?yah,0,DEX5,"31.252044606843807,29.978682014043123",JRF6IPZ6SSRVRVBXS6MIG12LN9WTSORSDA2CDSROSTW9NLDPXTQ2EIA2OXXOUTAT,16 Feb 2025 12:03:32 GMT,THURSDAY,SW1,50,425,ENABLED,50,425,DISABLED
3297312970,Al-Hawari for Home Appliances and Furniture,Store Active,Alexandria,Al Iskandar?yah,0,DEX5,"31.252044606843807,29.978682014043123",JRF6IPZ6SSRVRVBXS6MIG12LN9WTSORSDA2CDSROSTW9NLDPXTQ2EIA2OXXOUTAT,16 Feb 2025 12:03:32 GMT,THURSDAY,SW2,50,425,DISABLED,50,0,DISABLED
3297312970,Al-Hawari for Home Appliances and Furniture,Store Active,Alexandria,Al Iskandar?yah,0,DEX5,"31.252044606843807,29.978682014043123",JRF6IPZ6SSRVRVBXS6MIG12LN9WTSORSDA2CDSROSTW9NLDPXTQ2EIA2OXXOUTAT,16 Feb 2025 12:03:32 GMT,FRIDAY,SW1,50,425,ENABLED,50,425,DISABLED
3297312970,Al-Hawari for Home Appliances and Furniture,Store Active,Alexandria,Al Iskandar?yah,0,DEX5,"31.252044606843807,29.978682014043123",JRF6IPZ6SSRVRVBXS6MIG12LN9WTSORSDA2CDSROSTW9NLDPXTQ2EIA2OXXOUTAT,16 Feb 2025 12:03:32 GMT,FRIDAY,SW2,50,425,DISABLED,50,0,DISABLED
3297312970,Al-Hawari for Home Appliances and Furniture,Store Active,Alexandria,Al Iskandar?yah,0,DEX5,"31.252044606843807,29.978682014043123",JRF6IPZ6SSRVRVBXS6MIG12LN9WTSORSDA2CDSROSTW9NLDPXTQ2EIA2OXXOUTAT,16 Feb 2025 12:03:32 GMT,SATURDAY,SW1,50,425,ENABLED,50,425,DISABLED
3297312970,Al-Hawari for Home Appliances and Furniture,Store Active,Alexandria,Al Iskandar?yah,0,DEX5,"31.252044606843807,29.978682014043123",JRF6IPZ6SSRVRVBXS6MIG12LN9WTSORSDA2CDSROSTW9NLDPXTQ2EIA2OXXOUTAT,16 Feb 2025 12:03:32 GMT,SATURDAY,SW2,50,425,DISABLED,50,0,DISABLED
3297312970,Al-Hawari for Home Appliances and Furniture,Store Active,Alexandria,Al Iskandar?yah,0,DEX5,"31.252044606843807,29.978682014043123",JRF6IPZ6SSRVRVBXS6MIG12LN9WTSORSDA2CDSROSTW9NLDPXTQ2EIA2OXXOUTAT,16 Feb 2025 12:03:32 GMT,SUNDAY,SW1,50,425,ENABLED,50,425,DISABLED
3297312970,Al-Hawari for Home Appliances and Furniture,Store Active,Alexandria,Al Iskandar?yah,0,DEX5,"31.252044606843807,29.978682014043123",JRF6IPZ6SSRVRVBXS6MIG12LN9WTSORSDA2CDSROSTW9NLDPXTQ2EIA2OXXOUTAT,16 Feb 2025 12:03:32 GMT,SUNDAY,SW2,50,425,DISABLED,50,0,DISABLED
3358752758,الياسمين ماركت,Store Active,alexandria,Al Iskandar?yah,0,DEX5,"31.21029665609079,29.959457294998398",SDJ4X7Y2A5K2JQCZWAAEG12LN9WTSORSDA2CDSROSTW9NLDPXTQ2EIA2OXJ33WV4,11 Sep 2026 12:57:10 GMT,MONDAY,SW1,80,375,ENABLED,60,420,DISABLED
3358752758,الياسمين ماركت,Store Active,alexandria,Al Iskandar?yah,0,DEX5,"31.21029665609079,29.959457294998398",SDJ4X7Y2A5K2JQCZWAAEG12LN9WTSORSDA2CDSROSTW9NLDPXTQ2EIA2OXJ33WV4,11 Sep 2026 12:57:10 GMT,MONDAY,SW2,20,425,DISABLED,15,425,DISABLED
3358752758,الياسمين ماركت,Store Active,alexandria,Al Iskandar?yah,0,DEX5,"31.21029665609079,29.959457294998398",SDJ4X7Y2A5K2JQCZWAAEG12LN9WTSORSDA2CDSROSTW9NLDPXTQ2EIA2OXJ33WV4,11 Sep 2026 12:57:10 GMT,TUESDAY,SW1,80,375,ENABLED,60,420,DISABLED
3358752758,الياسمين ماركت,Store Active,alexandria,Al Iskandar?yah,0,DEX5,"31.21029665609079,29.959457294998398",SDJ4X7Y2A5K2JQCZWAAEG12LN9WTSORSDA2CDSROSTW9NLDPXTQ2EIA2OXJ33WV4,11 Sep 2026 12:57:10 GMT,TUESDAY,SW2,20,425,DISABLED,15,425,DISABLED
3358752758,الياسمين ماركت,Store Active,alexandria,Al Iskandar?yah,0,DEX5,"31.21029665609079,29.959457294998398",SDJ4X7Y2A5K2JQCZWAAEG12LN9WTSORSDA2CDSROSTW9NLDPXTQ2EIA2OXJ33WV4,11 Sep 2026 12:57:10 GMT,WEDNESDAY,SW1,80,375,ENABLED,60,420,DISABLED
3358752758,الياسمين ماركت,Store Active,alexandria,Al Iskandar?yah,0,DEX5,"31.21029665609079,29.959457294998398",SDJ4X7Y2A5K2JQCZWAAEG12LN9WTSORSDA2CDSROSTW9NLDPXTQ2EIA2OXJ33WV4,11 Sep 2026 12:57:10 GMT,WEDNESDAY,SW2,20,425,DISABLED,15,425,DISABLED
3358752758,الياسمين ماركت,Store Active,alexandria,Al Iskandar?yah,0,DEX5,"31.21029665609079,29.959457294998398",SDJ4X7Y2A5K2JQCZWAAEG12LN9WTSORSDA2CDSROSTW9NLDPXTQ2EIA2OXJ33WV4,11 Sep 2026 12:57:10 GMT,THURSDAY,SW1,80,375,ENABLED,60,420,DISABLED
3358752758,الياسمين ماركت,Store Active,alexandria,Al Iskandar?yah,0,DEX5,"31.21029665609079,29.959457294998398",SDJ4X7Y2A5K2JQCZWAAEG12LN9WTSORSDA2CDSROSTW9NLDPXTQ2EIA2OXJ33WV4,11 Sep 2026 12:57:10 GMT,THURSDAY,SW2,20,425,DISABLED,15,425,DISABLED
3358752758,الياسمين ماركت,Store Active,alexandria,Al Iskandar?yah,0,DEX5,"31.21029665609079,29.959457294998398",SDJ4X7Y2A5K2JQCZWAAEG12LN9WTSORSDA2CDSROSTW9NLDPXTQ2EIA2OXJ33WV4,11 Sep 2026 12:57:10 GMT,FRIDAY,SW1,80,375,ENABLED,60,420,DISABLED
3358752758,الياسمين ماركت,Store Active,alexandria,Al Iskandar?yah,0,DEX5,"31.21029665609079,29.959457294998398",SDJ4X7Y2A5K2JQCZWAAEG12LN9WTSORSDA2CDSROSTW9NLDPXTQ2EIA2OXJ33WV4,11 Sep 2026 12:57:10 GMT,FRIDAY,SW2,20,425,DISABLED,15,425,DISABLED
3358752758,الياسمين ماركت,Store Active,alexandria,Al Iskandar?yah,0,DEX5,"31.21029665609079,29.959457294998398",SDJ4X7Y2A5K2JQCZWAAEG12LN9WTSORSDA2CDSROSTW9NLDPXTQ2EIA2OXJ33WV4,11 Sep 2026 12:57:10 GMT,SATURDAY,SW1,80,375,ENABLED,60,420,DISABLED
3358752758,الياسمين ماركت,Store Active,alexandria,Al Iskandar?yah,0,DEX5,"31.21029665609079,29.959457294998398",SDJ4X7Y2A5K2JQCZWAAEG12LN9WTSORSDA2CDSROSTW9NLDPXTQ2EIA2OXJ33WV4,11 Sep 2026 12:57:10 GMT,SATURDAY,SW2,20,425,DISABLED,15,425,DISABLED
3358752758,الياسمين ماركت,Store Active,alexandria,Al Iskandar?yah,0,DEX5,"31.21029665609079,29.959457294998398",SDJ4X7Y2A5K2JQCZWAAEG12LN9WTSORSDA2CDSROSTW9NLDPXTQ2EIA2OXJ33WV4,11 Sep 2026 12:57:10 GMT,SUNDAY,SW1,80,375,ENABLED,60,420,DISABLED
3358752758,الياسمين ماركت,Store Active,alexandria,Al Iskandar?yah,0,DEX5,"31.21029665609079,29.959457294998398",SDJ4X7Y2A5K2JQCZWAAEG12LN9WTSORSDA2CDSROSTW9NLDPXTQ2EIA2OXJ33WV4,11 Sep 2026 12:57:10 GMT,SUNDAY,SW2,20,425,DISABLED,15,425,DISABLED
4036003348,Modaya Station,Store Active,alexandria,Al Iskandar?yah,0,DEX5,"31.213440389685232,29.963521735359905",G5OFCJN63DLVRWSPB7SQG12LN9WTSORSDA2CDSROSTW9NLDPXTQ2EIA2OXHSFW7B,6 Sep 2026 09:36:02 GMT,MONDAY,SW1,70,375,ENABLED,50,400,DISABLED
4036003348,Modaya Station,Store Active,alexandria,Al Iskandar?yah,0,DEX5,"31.213440389685232,29.963521735359905",G5OFCJN63DLVRWSPB7SQG12LN9WTSORSDA2CDSROSTW9NLDPXTQ2EIA2OXHSFW7B,6 Sep 2026 09:36:02 GMT,MONDAY,SW2,50,4000,DISABLED,1,4000,DISABLED
4036003348,Modaya Station,Store Active,alexandria,Al Iskandar?yah,0,DEX5,"31.213440389685232,29.963521735359905",G5OFCJN63DLVRWSPB7SQG12LN9WTSORSDA2CDSROSTW9NLDPXTQ2EIA2OXHSFW7B,6 Sep 2026 09:36:02 GMT,TUESDAY,SW1,70,375,ENABLED,50,400,DISABLED
4036003348,Modaya Station,Store Active,alexandria,Al Iskandar?yah,0,DEX5,"31.213440389685232,29.963521735359905",G5OFCJN63DLVRWSPB7SQG12LN9WTSORSDA2CDSROSTW9NLDPXTQ2EIA2OXHSFW7B,6 Sep 2026 09:36:02 GMT,TUESDAY,SW2,50,4000,DISABLED,1,4000,DISABLED
4036003348,Modaya Station,Store Active,alexandria,Al Iskandar?yah,0,DEX5,"31.213440389685232,29.963521735359905",G5OFCJN63DLVRWSPB7SQG12LN9WTSORSDA2CDSROSTW9NLDPXTQ2EIA2OXHSFW7B,6 Sep 2026 09:36:02 GMT,WEDNESDAY,SW1,70,375,ENABLED,50,400,DISABLED
4036003348,Modaya Station,Store Active,alexandria,Al Iskandar?yah,0,DEX5,"31.213440389685232,29.963521735359905",G5OFCJN63DLVRWSPB7SQG12LN9WTSORSDA2CDSROSTW9NLDPXTQ2EIA2OXHSFW7B,6 Sep 2026 09:36:02 GMT,WEDNESDAY,SW2,50,4000,DISABLED,1,4000,DISABLED
4036003348,Modaya Station,Store Active,alexandria,Al Iskandar?yah,0,DEX5,"31.213440389685232,29.963521735359905",G5OFCJN63DLVRWSPB7SQG12LN9WTSORSDA2CDSROSTW9NLDPXTQ2EIA2OXHSFW7B,6 Sep 2026 09:36:02 GMT,THURSDAY,SW1,70,375,ENABLED,50,400,DISABLED
4036003348,Modaya Station,Store Active,alexandria,Al Iskandar?yah,0,DEX5,"31.213440389685232,29.963521735359905",G5OFCJN63DLVRWSPB7SQG12LN9WTSORSDA2CDSROSTW9NLDPXTQ2EIA2OXHSFW7B,6 Sep 2026 09:36:02 GMT,THURSDAY,SW2,50,4000,DISABLED,1,4000,DISABLED
4036003348,Modaya Station,Store Active,alexandria,Al Iskandar?yah,0,DEX5,"31.213440389685232,29.963521735359905",G5OFCJN63DLVRWSPB7SQG12LN9WTSORSDA2CDSROSTW9NLDPXTQ2EIA2OXHSFW7B,6 Sep 2026 09:36:02 GMT,FRIDAY,SW1,70,375,ENABLED,50,400,DISABLED
4036003348,Modaya Station,Store Active,alexandria,Al Iskandar?yah,0,DEX5,"31.213440389685232,29.963521735359905",G5OFCJN63DLVRWSPB7SQG12LN9WTSORSDA2CDSROSTW9NLDPXTQ2EIA2OXHSFW7B,6 Sep 2026 09:36:02 GMT,FRIDAY,SW2,50,4000,DISABLED,1,4000,DISABLED
4036003348,Modaya Station,Store Active,alexandria,Al Iskandar?yah,0,DEX5,"31.213440389685232,29.963521735359905",G5OFCJN63DLVRWSPB7SQG12LN9WTSORSDA2CDSROSTW9NLDPXTQ2EIA2OXHSFW7B,6 Sep 2026 09:36:02 GMT,SATURDAY,SW1,70,375,ENABLED,50,400,DISABLED
4036003348,Modaya Station,Store Active,alexandria,Al Iskandar?yah,0,DEX5,"31.213440389685232,29.963521735359905",G5OFCJN63DLVRWSPB7SQG12LN9WTSORSDA2CDSROSTW9NLDPXTQ2EIA2OXHSFW7B,6 Sep 2026 09:36:02 GMT,SATURDAY,SW2,50,4000,DISABLED,1,4000,DISABLED
4036003348,Modaya Station,Store Active,alexandria,Al Iskandar?yah,0,DEX5,"31.213440389685232,29.963521735359905",G5OFCJN63DLVRWSPB7SQG12LN9WTSORSDA2CDSROSTW9NLDPXTQ2EIA2OXHSFW7B,6 Sep 2026 09:36:02 GMT,SUNDAY,SW1,70,375,ENABLED,50,400,DISABLED
4036003348,Modaya Station,Store Active,alexandria,Al Iskandar?yah,0,DEX5,"31.213440389685232,29.963521735359905",G5OFCJN63DLVRWSPB7SQG12LN9WTSORSDA2CDSROSTW9NLDPXTQ2EIA2OXHSFW7B,6 Sep 2026 09:36:02 GMT,SUNDAY,SW2,50,4000,DISABLED,1,4000,DISABLED
8739400810,ماركت أولاد رجب,Store Active,smouha,Al Iskandar?yah,0,DEX5,"31.212847,29.96376",HOTT5MUS6JCRMKDC5QK4G12LN9WTSORSDA2CDSROSTW9NLDPXTQ2EIA2OXTTRKOJ,21 Aug 2026 13:57:32 GMT,MONDAY,SW1,84,375,ENABLED,70,400,DISABLED
8739400810,ماركت أولاد رجب,Store Active,smouha,Al Iskandar?yah,0,DEX5,"31.212847,29.96376",HOTT5MUS6JCRMKDC5QK4G12LN9WTSORSDA2CDSROSTW9NLDPXTQ2EIA2OXTTRKOJ,21 Aug 2026 13:57:32 GMT,MONDAY,SW2,15,425,DISABLED,15,425,DISABLED
8739400810,ماركت أولاد رجب,Store Active,smouha,Al Iskandar?yah,0,DEX5,"31.212847,29.96376",HOTT5MUS6JCRMKDC5QK4G12LN9WTSORSDA2CDSROSTW9NLDPXTQ2EIA2OXTTRKOJ,21 Aug 2026 13:57:32 GMT,TUESDAY,SW1,84,375,ENABLED,70,400,DISABLED
8739400810,ماركت أولاد رجب,Store Active,smouha,Al Iskandar?yah,0,DEX5,"31.212847,29.96376",HOTT5MUS6JCRMKDC5QK4G12LN9WTSORSDA2CDSROSTW9NLDPXTQ2EIA2OXTTRKOJ,21 Aug 2026 13:57:32 GMT,TUESDAY,SW2,15,425,DISABLED,15,425,DISABLED
8739400810,ماركت أولاد رجب,Store Active,smouha,Al Iskandar?yah,0,DEX5,"31.212847,29.96376",HOTT5MUS6JCRMKDC5QK4G12LN9WTSORSDA2CDSROSTW9NLDPXTQ2EIA2OXTTRKOJ,21 Aug 2026 13:57:32 GMT,WEDNESDAY,SW1,84,375,ENABLED,70,400,DISABLED
8739400810,ماركت أولاد رجب,Store Active,smouha,Al Iskandar?yah,0,DEX5,"31.212847,29.96376",HOTT5MUS6JCRMKDC5QK4G12LN9WTSORSDA2CDSROSTW9NLDPXTQ2EIA2OXTTRKOJ,21 Aug 2026 13:57:32 GMT,WEDNESDAY,SW2,15,425,DISABLED,15,425,DISABLED
8739400810,ماركت أولاد رجب,Store Active,smouha,Al Iskandar?yah,0,DEX5,"31.212847,29.96376",HOTT5MUS6JCRMKDC5QK4G12LN9WTSORSDA2CDSROSTW9NLDPXTQ2EIA2OXTTRKOJ,21 Aug 2026 13:57:32 GMT,THURSDAY,SW1,84,375,ENABLED,70,400,DISABLED
8739400810,ماركت أولاد رجب,Store Active,smouha,Al Iskandar?yah,0,DEX5,"31.212847,29.96376",HOTT5MUS6JCRMKDC5QK4G12LN9WTSORSDA2CDSROSTW9NLDPXTQ2EIA2OXTTRKOJ,21 Aug 2026 13:57:32 GMT,THURSDAY,SW2,15,425,DISABLED,15,425,DISABLED
8739400810,ماركت أولاد رجب,Store Active,smouha,Al Iskandar?yah,0,DEX5,"31.212847,29.96376",HOTT5MUS6JCRMKDC5QK4G12LN9WTSORSDA2CDSROSTW9NLDPXTQ2EIA2OXTTRKOJ,21 Aug 2026 13:57:32 GMT,FRIDAY,SW1,84,375,ENABLED,70,400,DISABLED
8739400810,ماركت أولاد رجب,Store Active,smouha,Al Iskandar?yah,0,DEX5,"31.212847,29.96376",HOTT5MUS6JCRMKDC5QK4G12LN9WTSORSDA2CDSROSTW9NLDPXTQ2EIA2OXTTRKOJ,21 Aug 2026 13:57:32 GMT,FRIDAY,SW2,15,425,DISABLED,15,425,DISABLED
8739400810,ماركت أولاد رجب,Store Active,smouha,Al Iskandar?yah,0,DEX5,"31.212847,29.96376",HOTT5MUS6JCRMKDC5QK4G12LN9WTSORSDA2CDSROSTW9NLDPXTQ2EIA2OXTTRKOJ,21 Aug 2026 13:57:32 GMT,SATURDAY,SW1,84,375,ENABLED,70,400,DISABLED
8739400810,ماركت أولاد رجب,Store Active,smouha,Al Iskandar?yah,0,DEX5,"31.212847,29.96376",HOTT5MUS6JCRMKDC5QK4G12LN9WTSORSDA2CDSROSTW9NLDPXTQ2EIA2OXTTRKOJ,21 Aug 2026 13:57:32 GMT,SATURDAY,SW2,15,425,DISABLED,15,425,DISABLED
8739400810,ماركت أولاد رجب,Store Active,smouha,Al Iskandar?yah,0,DEX5,"31.212847,29.96376",HOTT5MUS6JCRMKDC5QK4G12LN9WTSORSDA2CDSROSTW9NLDPXTQ2EIA2OXTTRKOJ,21 Aug 2026 13:57:32 GMT,SUNDAY,SW1,84,375,ENABLED,70,400,DISABLED
8739400810,ماركت أولاد رجب,Store Active,smouha,Al Iskandar?yah,0,DEX5,"31.212847,29.96376",HOTT5MUS6JCRMKDC5QK4G12LN9WTSORSDA2CDSROSTW9NLDPXTQ2EIA2OXTTRKOJ,21 Aug 2026 13:57:32 GMT,SUNDAY,SW2,15,425,DISABLED,15,425,DISABLED
5294824268,kwfyr Mohammed Saeed,Store Active,Alexandria,Al Iskandar?yah,0,DEX5,"31.238370114757906,29.970393250315247",ER5PL4YTKTQAHUCH47IYG12LN9WTSORSDA2CDSROSTW9NLDPXTQ2EIA2OXSALKH4,17 Aug 2026 07:25:32 GMT,MONDAY,SW1,25,400,ENABLED,17,450,DISABLED
5294824268,kwfyr Mohammed Saeed,Store Active,Alexandria,Al Iskandar?yah,0,DEX5,"31.238370114757906,29.970393250315247",ER5PL4YTKTQAHUCH47IYG12LN9WTSORSDA2CDSROSTW9NLDPXTQ2EIA2OXSALKH4,17 Aug 2026 07:25:32 GMT,MONDAY,SW2,25,4000,DISABLED,25,4000,DISABLED
5294824268,kwfyr Mohammed Saeed,Store Active,Alexandria,Al Iskandar?yah,0,DEX5,"31.238370114757906,29.970393250315247",ER5PL4YTKTQAHUCH47IYG12LN9WTSORSDA2CDSROSTW9NLDPXTQ2EIA2OXSALKH4,17 Aug 2026 07:25:32 GMT,TUESDAY,SW1,25,400,ENABLED,17,450,DISABLED
5294824268,kwfyr Mohammed Saeed,Store Active,Alexandria,Al Iskandar?yah,0,DEX5,"31.238370114757906,29.970393250315247",ER5PL4YTKTQAHUCH47IYG12LN9WTSORSDA2CDSROSTW9NLDPXTQ2EIA2OXSALKH4,17 Aug 2026 07:25:32 GMT,TUESDAY,SW2,25,4000,DISABLED,25,4000,DISABLED
5294824268,kwfyr Mohammed Saeed,Store Active,Alexandria,Al Iskandar?yah,0,DEX5,"31.238370114757906,29.970393250315247",ER5PL4YTKTQAHUCH47IYG12LN9WTSORSDA2CDSROSTW9NLDPXTQ2EIA2OXSALKH4,17 Aug 2026 07:25:32 GMT,WEDNESDAY,SW1,25,400,ENABLED,17,450,DISABLED
5294824268,kwfyr Mohammed Saeed,Store Active,Alexandria,Al Iskandar?yah,0,DEX5,"31.238370114757906,29.970393250315247",ER5PL4YTKTQAHUCH47IYG12LN9WTSORSDA2CDSROSTW9NLDPXTQ2EIA2OXSALKH4,17 Aug 2026 07:25:32 GMT,WEDNESDAY,SW2,25,4000,DISABLED,25,4000,DISABLED
5294824268,kwfyr Mohammed Saeed,Store Active,Alexandria,Al Iskandar?yah,0,DEX5,"31.238370114757906,29.970393250315247",ER5PL4YTKTQAHUCH47IYG12LN9WTSORSDA2CDSROSTW9NLDPXTQ2EIA2OXSALKH4,17 Aug 2026 07:25:32 GMT,THURSDAY,SW1,25,400,ENABLED,17,450,DISABLED
5294824268,kwfyr Mohammed Saeed,Store Active,Alexandria,Al Iskandar?yah,0,DEX5,"31.238370114757906,29.970393250315247",ER5PL4YTKTQAHUCH47IYG12LN9WTSORSDA2CDSROSTW9NLDPXTQ2EIA2OXSALKH4,17 Aug 2026 07:25:32 GMT,THURSDAY,SW2,25,4000,DISABLED,25,4000,DISABLED
5294824268,kwfyr Mohammed Saeed,Store Active,Alexandria,Al Iskandar?yah,0,DEX5,"31.238370114757906,29.970393250315247",ER5PL4YTKTQAHUCH47IYG12LN9WTSORSDA2CDSROSTW9NLDPXTQ2EIA2OXSALKH4,17 Aug 2026 07:25:32 GMT,FRIDAY,SW1,25,450,ENABLED,12,450,DISABLED
5294824268,kwfyr Mohammed Saeed,Store Active,Alexandria,Al Iskandar?yah,0,DEX5,"31.238370114757906,29.970393250315247",ER5PL4YTKTQAHUCH47IYG12LN9WTSORSDA2CDSROSTW9NLDPXTQ2EIA2OXSALKH4,17 Aug 2026 07:25:32 GMT,FRIDAY,SW2,25,4000,DISABLED,25,4000,DISABLED
5294824268,kwfyr Mohammed Saeed,Store Active,Alexandria,Al Iskandar?yah,0,DEX5,"31.238370114757906,29.970393250315247",ER5PL4YTKTQAHUCH47IYG12LN9WTSORSDA2CDSROSTW9NLDPXTQ2EIA2OXSALKH4,17 Aug 2026 07:25:32 GMT,SATURDAY,SW1,25,400,ENABLED,17,450,DISABLED
5294824268,kwfyr Mohammed Saeed,Store Active,Alexandria,Al Iskandar?yah,0,DEX5,"31.238370114757906,29.970393250315247",ER5PL4YTKTQAHUCH47IYG12LN9WTSORSDA2CDSROSTW9NLDPXTQ2EIA2OXSALKH4,17 Aug 2026 07:25:32 GMT,SATURDAY,SW2,25,4000,DISABLED,25,4000,DISABLED
5294824268,kwfyr Mohammed Saeed,Store Active,Alexandria,Al Iskandar?yah,0,DEX5,"31.238370114757906,29.970393250315247",ER5PL4YTKTQAHUCH47IYG12LN9WTSORSDA2CDSROSTW9NLDPXTQ2EIA2OXSALKH4,17 Aug 2026 07:25:32 GMT,SUNDAY,SW1,25,400,ENABLED,17,450,DISABLED
5294824268,kwfyr Mohammed Saeed,Store Active,Alexandria,Al Iskandar?yah,0,DEX5,"31.238370114757906,29.970393250315247",ER5PL4YTKTQAHUCH47IYG12LN9WTSORSDA2CDSROSTW9NLDPXTQ2EIA2OXSALKH4,17 Aug 2026 07:25:32 GMT,SUNDAY,SW2,25,4000,DISABLED,25,4000,DISABLED
2901346236,Al-Hawari and Al-Farouk Furniture,Store Active,Alexandria,Al Iskandar?yah,0,DEX5,"31.25237197811598,29.97528893464959",56ZFJAQL6D4HD3HA3D24G12LN9WTSORSDA2CDSROSTW9NLDPXTQ2EIA2OXZSYG62,16 Feb 2025 10:39:52 GMT,MONDAY,SW1,50,425,ENABLED,50,425,DISABLED
2901346236,Al-Hawari and Al-Farouk Furniture,Store Active,Alexandria,Al Iskandar?yah,0,DEX5,"31.25237197811598,29.97528893464959",56ZFJAQL6D4HD3HA3D24G12LN9WTSORSDA2CDSROSTW9NLDPXTQ2EIA2OXZSYG62,16 Feb 2025 10:39:52 GMT,MONDAY,SW2,50,425,DISABLED,50,0,DISABLED
2901346236,Al-Hawari and Al-Farouk Furniture,Store Active,Alexandria,Al Iskandar?yah,0,DEX5,"31.25237197811598,29.97528893464959",56ZFJAQL6D4HD3HA3D24G12LN9WTSORSDA2CDSROSTW9NLDPXTQ2EIA2OXZSYG62,16 Feb 2025 10:39:52 GMT,TUESDAY,SW1,50,425,ENABLED,50,425,DISABLED
2901346236,Al-Hawari and Al-Farouk Furniture,Store Active,Alexandria,Al Iskandar?yah,0,DEX5,"31.25237197811598,29.97528893464959",56ZFJAQL6D4HD3HA3D24G12LN9WTSORSDA2CDSROSTW9NLDPXTQ2EIA2OXZSYG62,16 Feb 2025 10:39:52 GMT,TUESDAY,SW2,50,425,DISABLED,50,0,DISABLED
2901346236,Al-Hawari and Al-Farouk Furniture,Store Active,Alexandria,Al Iskandar?yah,0,DEX5,"31.25237197811598,29.97528893464959",56ZFJAQL6D4HD3HA3D24G12LN9WTSORSDA2CDSROSTW9NLDPXTQ2EIA2OXZSYG62,16 Feb 2025 10:39:52 GMT,WEDNESDAY,SW1,50,425,ENABLED,50,425,DISABLED
2901346236,Al-Hawari and Al-Farouk Furniture,Store Active,Alexandria,Al Iskandar?yah,0,DEX5,"31.25237197811598,29.97528893464959",56ZFJAQL6D4HD3HA3D24G12LN9WTSORSDA2CDSROSTW9NLDPXTQ2EIA2OXZSYG62,16 Feb 2025 10:39:52 GMT,WEDNESDAY,SW2,50,425,DISABLED,50,0,DISABLED
2901346236,Al-Hawari and Al-Farouk Furniture,Store Active,Alexandria,Al Iskandar?yah,0,DEX5,"31.25237197811598,29.97528893464959",56ZFJAQL6D4HD3HA3D24G12LN9WTSORSDA2CDSROSTW9NLDPXTQ2EIA2OXZSYG62,16 Feb 2025 10:39:52 GMT,THURSDAY,SW1,50,425,ENABLED,50,425,DISABLED
2901346236,Al-Hawari and Al-Farouk Furniture,Store Active,Alexandria,Al Iskandar?yah,0,DEX5,"31.25237197811598,29.97528893464959",56ZFJAQL6D4HD3HA3D24G12LN9WTSORSDA2CDSROSTW9NLDPXTQ2EIA2OXZSYG62,16 Feb 2025 10:39:52 GMT,THURSDAY,SW2,50,425,DISABLED,50,0,DISABLED
2901346236,Al-Hawari and Al-Farouk Furniture,Store Active,Alexandria,Al Iskandar?yah,0,DEX5,"31.25237197811598,29.97528893464959",56ZFJAQL6D4HD3HA3D24G12LN9WTSORSDA2CDSROSTW9NLDPXTQ2EIA2OXZSYG62,16 Feb 2025 10:39:52 GMT,FRIDAY,SW1,50,425,ENABLED,50,425,DISABLED
2901346236,Al-Hawari and Al-Farouk Furniture,Store Active,Alexandria,Al Iskandar?yah,0,DEX5,"31.25237197811598,29.97528893464959",56ZFJAQL6D4HD3HA3D24G12LN9WTSORSDA2CDSROSTW9NLDPXTQ2EIA2OXZSYG62,16 Feb 2025 10:39:52 GMT,FRIDAY,SW2,50,425,DISABLED,50,0,DISABLED
2901346236,Al-Hawari and Al-Farouk Furniture,Store Active,Alexandria,Al Iskandar?yah,0,DEX5,"31.25237197811598,29.97528893464959",56ZFJAQL6D4HD3HA3D24G12LN9WTSORSDA2CDSROSTW9NLDPXTQ2EIA2OXZSYG62,16 Feb 2025 10:39:52 GMT,SATURDAY,SW1,50,425,ENABLED,50,425,DISABLED
2901346236,Al-Hawari and Al-Farouk Furniture,Store Active,Alexandria,Al Iskandar?yah,0,DEX5,"31.25237197811598,29.97528893464959",56ZFJAQL6D4HD3HA3D24G12LN9WTSORSDA2CDSROSTW9NLDPXTQ2EIA2OXZSYG62,16 Feb 2025 10:39:52 GMT,SATURDAY,SW2,50,425,DISABLED,50,0,DISABLED
2901346236,Al-Hawari and Al-Farouk Furniture,Store Active,Alexandria,Al Iskandar?yah,0,DEX5,"31.25237197811598,29.97528893464959",56ZFJAQL6D4HD3HA3D24G12LN9WTSORSDA2CDSROSTW9NLDPXTQ2EIA2OXZSYG62,16 Feb 2025 10:39:52 GMT,SUNDAY,SW1,50,425,ENABLED,50,425,DISABLED
2901346236,Al-Hawari and Al-Farouk Furniture,Store Active,Alexandria,Al Iskandar?yah,0,DEX5,"31.25237197811598,29.97528893464959",56ZFJAQL6D4HD3HA3D24G12LN9WTSORSDA2CDSROSTW9NLDPXTQ2EIA2OXZSYG62,16 Feb 2025 10:39:52 GMT,SUNDAY,SW2,50,425,DISABLED,50,0,DISABLED
6852304055,ALDERY,Store Active,الاسكندريه,Al Iskandar?yah,0,DEX5,"31.24001104,29.9642545",RSSXVQHTGGD2D7IYGCSIG12LN9WTSORSDA2CDSROSTW9NLDPXTQ2EIA2OXHEEVEZ,28 Feb 2024 12:57:49 GMT,MONDAY,SW1,84,375,ENABLED,70,400,DISABLED
6852304055,ALDERY,Store Active,الاسكندريه,Al Iskandar?yah,0,DEX5,"31.24001104,29.9642545",RSSXVQHTGGD2D7IYGCSIG12LN9WTSORSDA2CDSROSTW9NLDPXTQ2EIA2OXHEEVEZ,28 Feb 2024 12:57:49 GMT,MONDAY,SW2,50,425,DISABLED,50,425,DISABLED
6852304055,ALDERY,Store Active,الاسكندريه,Al Iskandar?yah,0,DEX5,"31.24001104,29.9642545",RSSXVQHTGGD2D7IYGCSIG12LN9WTSORSDA2CDSROSTW9NLDPXTQ2EIA2OXHEEVEZ,28 Feb 2024 12:57:49 GMT,TUESDAY,SW1,84,375,ENABLED,70,400,DISABLED
6852304055,ALDERY,Store Active,الاسكندريه,Al Iskandar?yah,0,DEX5,"31.24001104,29.9642545",RSSXVQHTGGD2D7IYGCSIG12LN9WTSORSDA2CDSROSTW9NLDPXTQ2EIA2OXHEEVEZ,28 Feb 2024 12:57:49 GMT,TUESDAY,SW2,50,425,DISABLED,50,425,DISABLED
6852304055,ALDERY,Store Active,الاسكندريه,Al Iskandar?yah,0,DEX5,"31.24001104,29.9642545",RSSXVQHTGGD2D7IYGCSIG12LN9WTSORSDA2CDSROSTW9NLDPXTQ2EIA2OXHEEVEZ,28 Feb 2024 12:57:49 GMT,WEDNESDAY,SW1,84,375,ENABLED,70,400,DISABLED
6852304055,ALDERY,Store Active,الاسكندريه,Al Iskandar?yah,0,DEX5,"31.24001104,29.9642545",RSSXVQHTGGD2D7IYGCSIG12LN9WTSORSDA2CDSROSTW9NLDPXTQ2EIA2OXHEEVEZ,28 Feb 2024 12:57:49 GMT,WEDNESDAY,SW2,50,425,DISABLED,50,425,DISABLED
6852304055,ALDERY,Store Active,الاسكندريه,Al Iskandar?yah,0,DEX5,"31.24001104,29.9642545",RSSXVQHTGGD2D7IYGCSIG12LN9WTSORSDA2CDSROSTW9NLDPXTQ2EIA2OXHEEVEZ,28 Feb 2024 12:57:49 GMT,THURSDAY,SW1,84,375,ENABLED,70,400,DISABLED
6852304055,ALDERY,Store Active,الاسكندريه,Al Iskandar?yah,0,DEX5,"31.24001104,29.9642545",RSSXVQHTGGD2D7IYGCSIG12LN9WTSORSDA2CDSROSTW9NLDPXTQ2EIA2OXHEEVEZ,28 Feb 2024 12:57:49 GMT,THURSDAY,SW2,50,425,DISABLED,50,425,DISABLED
6852304055,ALDERY,Store Active,الاسكندريه,Al Iskandar?yah,0,DEX5,"31.24001104,29.9642545",RSSXVQHTGGD2D7IYGCSIG12LN9WTSORSDA2CDSROSTW9NLDPXTQ2EIA2OXHEEVEZ,28 Feb 2024 12:57:49 GMT,FRIDAY,SW1,84,375,ENABLED,70,400,DISABLED
6852304055,ALDERY,Store Active,الاسكندريه,Al Iskandar?yah,0,DEX5,"31.24001104,29.9642545",RSSXVQHTGGD2D7IYGCSIG12LN9WTSORSDA2CDSROSTW9NLDPXTQ2EIA2OXHEEVEZ,28 Feb 2024 12:57:49 GMT,FRIDAY,SW2,50,425,DISABLED,50,425,DISABLED
6852304055,ALDERY,Store Active,الاسكندريه,Al Iskandar?yah,0,DEX5,"31.24001104,29.9642545",RSSXVQHTGGD2D7IYGCSIG12LN9WTSORSDA2CDSROSTW9NLDPXTQ2EIA2OXHEEVEZ,28 Feb 2024 12:57:49 GMT,SATURDAY,SW1,84,375,ENABLED,70,400,DISABLED
6852304055,ALDERY,Store Active,الاسكندريه,Al Iskandar?yah,0,DEX5,"31.24001104,29.9642545",RSSXVQHTGGD2D7IYGCSIG12LN9WTSORSDA2CDSROSTW9NLDPXTQ2EIA2OXHEEVEZ,28 Feb 2024 12:57:49 GMT,SATURDAY,SW2,50,425,DISABLED,50,425,DISABLED
6852304055,ALDERY,Store Active,الاسكندريه,Al Iskandar?yah,0,DEX5,"31.24001104,29.9642545",RSSXVQHTGGD2D7IYGCSIG12LN9WTSORSDA2CDSROSTW9NLDPXTQ2EIA2OXHEEVEZ,28 Feb 2024 12:57:49 GMT,SUNDAY,SW1,84,375,ENABLED,70,400,DISABLED
6852304055,ALDERY,Store Active,الاسكندريه,Al Iskandar?yah,0,DEX5,"31.24001104,29.9642545",RSSXVQHTGGD2D7IYGCSIG12LN9WTSORSDA2CDSROSTW9NLDPXTQ2EIA2OXHEEVEZ,28 Feb 2024 12:57:49 GMT,SUNDAY,SW2,50,425,DISABLED,50,425,DISABLED
8578470998,Abo iessa,Store Inactive,Roshdy,Al Iskandar?yah,0,DEX5,"31.227536354301268,29.950881467288095",64NG65PMA7GUBOSXARE4G12LN9WTSORSDA2CDSROSTW9NLDPXTQ2EIA2OXUJKCXC,NA,MONDAY,SW1,0,425,ENABLED,0,0,DISABLED
8578470998,Abo iessa,Store Inactive,Roshdy,Al Iskandar?yah,0,DEX5,"31.227536354301268,29.950881467288095",64NG65PMA7GUBOSXARE4G12LN9WTSORSDA2CDSROSTW9NLDPXTQ2EIA2OXUJKCXC,NA,MONDAY,SW2,0,425,DISABLED,0,0,DISABLED
8578470998,Abo iessa,Store Inactive,Roshdy,Al Iskandar?yah,0,DEX5,"31.227536354301268,29.950881467288095",64NG65PMA7GUBOSXARE4G12LN9WTSORSDA2CDSROSTW9NLDPXTQ2EIA2OXUJKCXC,NA,TUESDAY,SW1,0,425,ENABLED,0,0,DISABLED
8578470998,Abo iessa,Store Inactive,Roshdy,Al Iskandar?yah,0,DEX5,"31.227536354301268,29.950881467288095",64NG65PMA7GUBOSXARE4G12LN9WTSORSDA2CDSROSTW9NLDPXTQ2EIA2OXUJKCXC,NA,TUESDAY,SW2,0,425,DISABLED,0,0,DISABLED
8578470998,Abo iessa,Store Inactive,Roshdy,Al Iskandar?yah,0,DEX5,"31.227536354301268,29.950881467288095",64NG65PMA7GUBOSXARE4G12LN9WTSORSDA2CDSROSTW9NLDPXTQ2EIA2OXUJKCXC,NA,WEDNESDAY,SW1,0,425,ENABLED,0,0,DISABLED
8578470998,Abo iessa,Store Inactive,Roshdy,Al Iskandar?yah,0,DEX5,"31.227536354301268,29.950881467288095",64NG65PMA7GUBOSXARE4G12LN9WTSORSDA2CDSROSTW9NLDPXTQ2EIA2OXUJKCXC,NA,WEDNESDAY,SW2,0,425,DISABLED,0,0,DISABLED
8578470998,Abo iessa,Store Inactive,Roshdy,Al Iskandar?yah,0,DEX5,"31.227536354301268,29.950881467288095",64NG65PMA7GUBOSXARE4G12LN9WTSORSDA2CDSROSTW9NLDPXTQ2EIA2OXUJKCXC,NA,THURSDAY,SW1,0,425,ENABLED,0,0,DISABLED
8578470998,Abo iessa,Store Inactive,Roshdy,Al Iskandar?yah,0,DEX5,"31.227536354301268,29.950881467288095",64NG65PMA7GUBOSXARE4G12LN9WTSORSDA2CDSROSTW9NLDPXTQ2EIA2OXUJKCXC,NA,THURSDAY,SW2,0,425,DISABLED,0,0,DISABLED
8578470998,Abo iessa,Store Inactive,Roshdy,Al Iskandar?yah,0,DEX5,"31.227536354301268,29.950881467288095",64NG65PMA7GUBOSXARE4G12LN9WTSORSDA2CDSROSTW9NLDPXTQ2EIA2OXUJKCXC,NA,FRIDAY,SW1,0,425,ENABLED,0,0,DISABLED
8578470998,Abo iessa,Store Inactive,Roshdy,Al Iskandar?yah,0,DEX5,"31.227536354301268,29.950881467288095",64NG65PMA7GUBOSXARE4G12LN9WTSORSDA2CDSROSTW9NLDPXTQ2EIA2OXUJKCXC,NA,FRIDAY,SW2,0,425,DISABLED,0,0,DISABLED
8578470998,Abo iessa,Store Inactive,Roshdy,Al Iskandar?yah,0,DEX5,"31.227536354301268,29.950881467288095",64NG65PMA7GUBOSXARE4G12LN9WTSORSDA2CDSROSTW9NLDPXTQ2EIA2OXUJKCXC,NA,SATURDAY,SW1,0,425,ENABLED,0,0,DISABLED
8578470998,Abo iessa,Store Inactive,Roshdy,Al Iskandar?yah,0,DEX5,"31.227536354301268,29.950881467288095",64NG65PMA7GUBOSXARE4G12LN9WTSORSDA2CDSROSTW9NLDPXTQ2EIA2OXUJKCXC,NA,SATURDAY,SW2,0,425,DISABLED,0,0,DISABLED
8578470998,Abo iessa,Store Inactive,Roshdy,Al Iskandar?yah,0,DEX5,"31.227536354301268,29.950881467288095",64NG65PMA7GUBOSXARE4G12LN9WTSORSDA2CDSROSTW9NLDPXTQ2EIA2OXUJKCXC,NA,SUNDAY,SW1,0,425,ENABLED,0,0,DISABLED
8578470998,Abo iessa,Store Inactive,Roshdy,Al Iskandar?yah,0,DEX5,"31.227536354301268,29.950881467288095",64NG65PMA7GUBOSXARE4G12LN9WTSORSDA2CDSROSTW9NLDPXTQ2EIA2OXUJKCXC,NA,SUNDAY,SW2,0,425,DISABLED,0,0,DISABLED
9488002681,najm Electric,Store Inactive,alexandria,Al Iskandar?yah,0,DEX5,"31.225421282263184,29.952837667395258",AGN4CBZUZNSEC3KH4ZEYG12LN9WTSORSDA2CDSROSTW9NLDPXTQ2EIA2OX2YC6Y3,NA,MONDAY,SW1,0,425,ENABLED,0,0,DISABLED
9488002681,najm Electric,Store Inactive,alexandria,Al Iskandar?yah,0,DEX5,"31.225421282263184,29.952837667395258",AGN4CBZUZNSEC3KH4ZEYG12LN9WTSORSDA2CDSROSTW9NLDPXTQ2EIA2OX2YC6Y3,NA,MONDAY,SW2,0,425,DISABLED,0,0,DISABLED
9488002681,najm Electric,Store Inactive,alexandria,Al Iskandar?yah,0,DEX5,"31.225421282263184,29.952837667395258",AGN4CBZUZNSEC3KH4ZEYG12LN9WTSORSDA2CDSROSTW9NLDPXTQ2EIA2OX2YC6Y3,NA,TUESDAY,SW1,0,425,ENABLED,0,0,DISABLED
9488002681,najm Electric,Store Inactive,alexandria,Al Iskandar?yah,0,DEX5,"31.225421282263184,29.952837667395258",AGN4CBZUZNSEC3KH4ZEYG12LN9WTSORSDA2CDSROSTW9NLDPXTQ2EIA2OX2YC6Y3,NA,TUESDAY,SW2,0,425,DISABLED,0,0,DISABLED
9488002681,najm Electric,Store Inactive,alexandria,Al Iskandar?yah,0,DEX5,"31.225421282263184,29.952837667395258",AGN4CBZUZNSEC3KH4ZEYG12LN9WTSORSDA2CDSROSTW9NLDPXTQ2EIA2OX2YC6Y3,NA,WEDNESDAY,SW1,0,425,ENABLED,0,0,DISABLED
9488002681,najm Electric,Store Inactive,alexandria,Al Iskandar?yah,0,DEX5,"31.225421282263184,29.952837667395258",AGN4CBZUZNSEC3KH4ZEYG12LN9WTSORSDA2CDSROSTW9NLDPXTQ2EIA2OX2YC6Y3,NA,WEDNESDAY,SW2,0,425,DISABLED,0,0,DISABLED
9488002681,najm Electric,Store Inactive,alexandria,Al Iskandar?yah,0,DEX5,"31.225421282263184,29.952837667395258",AGN4CBZUZNSEC3KH4ZEYG12LN9WTSORSDA2CDSROSTW9NLDPXTQ2EIA2OX2YC6Y3,NA,THURSDAY,SW1,0,425,ENABLED,0,0,DISABLED
9488002681,najm Electric,Store Inactive,alexandria,Al Iskandar?yah,0,DEX5,"31.225421282263184,29.952837667395258",AGN4CBZUZNSEC3KH4ZEYG12LN9WTSORSDA2CDSROSTW9NLDPXTQ2EIA2OX2YC6Y3,NA,THURSDAY,SW2,0,425,DISABLED,0,0,DISABLED
9488002681,najm Electric,Store Inactive,alexandria,Al Iskandar?yah,0,DEX5,"31.225421282263184,29.952837667395258",AGN4CBZUZNSEC3KH4ZEYG12LN9WTSORSDA2CDSROSTW9NLDPXTQ2EIA2OX2YC6Y3,NA,FRIDAY,SW1,0,425,ENABLED,0,0,DISABLED
9488002681,najm Electric,Store Inactive,alexandria,Al Iskandar?yah,0,DEX5,"31.225421282263184,29.952837667395258",AGN4CBZUZNSEC3KH4ZEYG12LN9WTSORSDA2CDSROSTW9NLDPXTQ2EIA2OX2YC6Y3,NA,FRIDAY,SW2,0,425,DISABLED,0,0,DISABLED
9488002681,najm Electric,Store Inactive,alexandria,Al Iskandar?yah,0,DEX5,"31.225421282263184,29.952837667395258",AGN4CBZUZNSEC3KH4ZEYG12LN9WTSORSDA2CDSROSTW9NLDPXTQ2EIA2OX2YC6Y3,NA,SATURDAY,SW1,0,425,ENABLED,0,0,DISABLED
9488002681,najm Electric,Store Inactive,alexandria,Al Iskandar?yah,0,DEX5,"31.225421282263184,29.952837667395258",AGN4CBZUZNSEC3KH4ZEYG12LN9WTSORSDA2CDSROSTW9NLDPXTQ2EIA2OX2YC6Y3,NA,SATURDAY,SW2,0,425,DISABLED,0,0,DISABLED
9488002681,najm Electric,Store Inactive,alexandria,Al Iskandar?yah,0,DEX5,"31.225421282263184,29.952837667395258",AGN4CBZUZNSEC3KH4ZEYG12LN9WTSORSDA2CDSROSTW9NLDPXTQ2EIA2OX2YC6Y3,NA,SUNDAY,SW1,0,425,ENABLED,0,0,DISABLED
9488002681,najm Electric,Store Inactive,alexandria,Al Iskandar?yah,0,DEX5,"31.225421282263184,29.952837667395258",AGN4CBZUZNSEC3KH4ZEYG12LN9WTSORSDA2CDSROSTW9NLDPXTQ2EIA2OX2YC6Y3,NA,SUNDAY,SW2,0,425,DISABLED,0,0,DISABLED
2960600661,Turkey,Store Inactive,Alexandria,Al Iskandar?yah,0,DEX5,"31.229028120838652,29.951314696172815",KVPRZK2PPPHZG5Z443QMG12LN9WTSORSDA2CDSROSTW9NLDPXTQ2EIA2OXJVTC3E,NA,MONDAY,SW1,0,425,ENABLED,0,0,DISABLED
2960600661,Turkey,Store Inactive,Alexandria,Al Iskandar?yah,0,DEX5,"31.229028120838652,29.951314696172815",KVPRZK2PPPHZG5Z443QMG12LN9WTSORSDA2CDSROSTW9NLDPXTQ2EIA2OXJVTC3E,NA,MONDAY,SW2,0,425,DISABLED,0,0,DISABLED
2960600661,Turkey,Store Inactive,Alexandria,Al Iskandar?yah,0,DEX5,"31.229028120838652,29.951314696172815",KVPRZK2PPPHZG5Z443QMG12LN9WTSORSDA2CDSROSTW9NLDPXTQ2EIA2OXJVTC3E,NA,TUESDAY,SW1,0,425,ENABLED,0,0,DISABLED
2960600661,Turkey,Store Inactive,Alexandria,Al Iskandar?yah,0,DEX5,"31.229028120838652,29.951314696172815",KVPRZK2PPPHZG5Z443QMG12LN9WTSORSDA2CDSROSTW9NLDPXTQ2EIA2OXJVTC3E,NA,TUESDAY,SW2,0,425,DISABLED,0,0,DISABLED
2960600661,Turkey,Store Inactive,Alexandria,Al Iskandar?yah,0,DEX5,"31.229028120838652,29.951314696172815",KVPRZK2PPPHZG5Z443QMG12LN9WTSORSDA2CDSROSTW9NLDPXTQ2EIA2OXJVTC3E,NA,WEDNESDAY,SW1,0,425,ENABLED,0,0,DISABLED
2960600661,Turkey,Store Inactive,Alexandria,Al Iskandar?yah,0,DEX5,"31.229028120838652,29.951314696172815",KVPRZK2PPPHZG5Z443QMG12LN9WTSORSDA2CDSROSTW9NLDPXTQ2EIA2OXJVTC3E,NA,WEDNESDAY,SW2,0,425,DISABLED,0,0,DISABLED
2960600661,Turkey,Store Inactive,Alexandria,Al Iskandar?yah,0,DEX5,"31.229028120838652,29.951314696172815",KVPRZK2PPPHZG5Z443QMG12LN9WTSORSDA2CDSROSTW9NLDPXTQ2EIA2OXJVTC3E,NA,THURSDAY,SW1,0,425,ENABLED,0,0,DISABLED
2960600661,Turkey,Store Inactive,Alexandria,Al Iskandar?yah,0,DEX5,"31.229028120838652,29.951314696172815",KVPRZK2PPPHZG5Z443QMG12LN9WTSORSDA2CDSROSTW9NLDPXTQ2EIA2OXJVTC3E,NA,THURSDAY,SW2,0,425,DISABLED,0,0,DISABLED
2960600661,Turkey,Store Inactive,Alexandria,Al Iskandar?yah,0,DEX5,"31.229028120838652,29.951314696172815",KVPRZK2PPPHZG5Z443QMG12LN9WTSORSDA2CDSROSTW9NLDPXTQ2EIA2OXJVTC3E,NA,FRIDAY,SW1,0,425,ENABLED,0,0,DISABLED
2960600661,Turkey,Store Inactive,Alexandria,Al Iskandar?yah,0,DEX5,"31.229028120838652,29.951314696172815",KVPRZK2PPPHZG5Z443QMG12LN9WTSORSDA2CDSROSTW9NLDPXTQ2EIA2OXJVTC3E,NA,FRIDAY,SW2,0,425,DISABLED,0,0,DISABLED
2960600661,Turkey,Store Inactive,Alexandria,Al Iskandar?yah,0,DEX5,"31.229028120838652,29.951314696172815",KVPRZK2PPPHZG5Z443QMG12LN9WTSORSDA2CDSROSTW9NLDPXTQ2EIA2OXJVTC3E,NA,SATURDAY,SW1,0,425,ENABLED,0,0,DISABLED
2960600661,Turkey,Store Inactive,Alexandria,Al Iskandar?yah,0,DEX5,"31.229028120838652,29.951314696172815",KVPRZK2PPPHZG5Z443QMG12LN9WTSORSDA2CDSROSTW9NLDPXTQ2EIA2OXJVTC3E,NA,SATURDAY,SW2,0,425,DISABLED,0,0,DISABLED
2960600661,Turkey,Store Inactive,Alexandria,Al Iskandar?yah,0,DEX5,"31.229028120838652,29.951314696172815",KVPRZK2PPPHZG5Z443QMG12LN9WTSORSDA2CDSROSTW9NLDPXTQ2EIA2OXJVTC3E,NA,SUNDAY,SW1,0,425,ENABLED,0,0,DISABLED
2960600661,Turkey,Store Inactive,Alexandria,Al Iskandar?yah,0,DEX5,"31.229028120838652,29.951314696172815",KVPRZK2PPPHZG5Z443QMG12LN9WTSORSDA2CDSROSTW9NLDPXTQ2EIA2OXJVTC3E,NA,SUNDAY,SW2,0,425,DISABLED,0,0,DISABLED
3221758880,Pet food,Store Active,Alexandria,Al Iskandar?yah,0,DEX5,"31.20859998599882,29.928863346348383",AI3EWPAVESTWRYLHLGSQG12LN9WTSORSDA2CDSROSTW9NLDPXTQ2EIA2OXY3CGZS,30 Jun 2025 14:42:54 GMT,MONDAY,SW1,50,425,ENABLED,50,425,DISABLED
3221758880,Pet food,Store Active,Alexandria,Al Iskandar?yah,0,DEX5,"31.20859998599882,29.928863346348383",AI3EWPAVESTWRYLHLGSQG12LN9WTSORSDA2CDSROSTW9NLDPXTQ2EIA2OXY3CGZS,30 Jun 2025 14:42:54 GMT,MONDAY,SW2,50,425,DISABLED,50,0,DISABLED
3221758880,Pet food,Store Active,Alexandria,Al Iskandar?yah,0,DEX5,"31.20859998599882,29.928863346348383",AI3EWPAVESTWRYLHLGSQG12LN9WTSORSDA2CDSROSTW9NLDPXTQ2EIA2OXY3CGZS,30 Jun 2025 14:42:54 GMT,TUESDAY,SW1,50,425,ENABLED,50,425,DISABLED
3221758880,Pet food,Store Active,Alexandria,Al Iskandar?yah,0,DEX5,"31.20859998599882,29.928863346348383",AI3EWPAVESTWRYLHLGSQG12LN9WTSORSDA2CDSROSTW9NLDPXTQ2EIA2OXY3CGZS,30 Jun 2025 14:42:54 GMT,TUESDAY,SW2,50,425,DISABLED,50,0,DISABLED
3221758880,Pet food,Store Active,Alexandria,Al Iskandar?yah,0,DEX5,"31.20859998599882,29.928863346348383",AI3EWPAVESTWRYLHLGSQG12LN9WTSORSDA2CDSROSTW9NLDPXTQ2EIA2OXY3CGZS,30 Jun 2025 14:42:54 GMT,WEDNESDAY,SW1,50,425,ENABLED,50,425,DISABLED
3221758880,Pet food,Store Active,Alexandria,Al Iskandar?yah,0,DEX5,"31.20859998599882,29.928863346348383",AI3EWPAVESTWRYLHLGSQG12LN9WTSORSDA2CDSROSTW9NLDPXTQ2EIA2OXY3CGZS,30 Jun 2025 14:42:54 GMT,WEDNESDAY,SW2,50,425,DISABLED,50,0,DISABLED
3221758880,Pet food,Store Active,Alexandria,Al Iskandar?yah,0,DEX5,"31.20859998599882,29.928863346348383",AI3EWPAVESTWRYLHLGSQG12LN9WTSORSDA2CDSROSTW9NLDPXTQ2EIA2OXY3CGZS,30 Jun 2025 14:42:54 GMT,THURSDAY,SW1,50,425,ENABLED,50,425,DISABLED
3221758880,Pet food,Store Active,Alexandria,Al Iskandar?yah,0,DEX5,"31.20859998599882,29.928863346348383",AI3EWPAVESTWRYLHLGSQG12LN9WTSORSDA2CDSROSTW9NLDPXTQ2EIA2OXY3CGZS,30 Jun 2025 14:42:54 GMT,THURSDAY,SW2,50,425,DISABLED,50,0,DISABLED
3221758880,Pet food,Store Active,Alexandria,Al Iskandar?yah,0,DEX5,"31.20859998599882,29.928863346348383",AI3EWPAVESTWRYLHLGSQG12LN9WTSORSDA2CDSROSTW9NLDPXTQ2EIA2OXY3CGZS,30 Jun 2025 14:42:54 GMT,FRIDAY,SW1,50,425,ENABLED,50,425,DISABLED
3221758880,Pet food,Store Active,Alexandria,Al Iskandar?yah,0,DEX5,"31.20859998599882,29.928863346348383",AI3EWPAVESTWRYLHLGSQG12LN9WTSORSDA2CDSROSTW9NLDPXTQ2EIA2OXY3CGZS,30 Jun 2025 14:42:54 GMT,FRIDAY,SW2,50,425,DISABLED,50,0,DISABLED
3221758880,Pet food,Store Active,Alexandria,Al Iskandar?yah,0,DEX5,"31.20859998599882,29.928863346348383",AI3EWPAVESTWRYLHLGSQG12LN9WTSORSDA2CDSROSTW9NLDPXTQ2EIA2OXY3CGZS,30 Jun 2025 14:42:54 GMT,SATURDAY,SW1,50,425,ENABLED,50,425,DISABLED
3221758880,Pet food,Store Active,Alexandria,Al Iskandar?yah,0,DEX5,"31.20859998599882,29.928863346348383",AI3EWPAVESTWRYLHLGSQG12LN9WTSORSDA2CDSROSTW9NLDPXTQ2EIA2OXY3CGZS,30 Jun 2025 14:42:54 GMT,SATURDAY,SW2,50,425,DISABLED,50,0,DISABLED
3221758880,Pet food,Store Active,Alexandria,Al Iskandar?yah,0,DEX5,"31.20859998599882,29.928863346348383",AI3EWPAVESTWRYLHLGSQG12LN9WTSORSDA2CDSROSTW9NLDPXTQ2EIA2OXY3CGZS,30 Jun 2025 14:42:54 GMT,SUNDAY,SW1,50,425,ENABLED,50,425,DISABLED
3221758880,Pet food,Store Active,Alexandria,Al Iskandar?yah,0,DEX5,"31.20859998599882,29.928863346348383",AI3EWPAVESTWRYLHLGSQG12LN9WTSORSDA2CDSROSTW9NLDPXTQ2EIA2OXY3CGZS,30 Jun 2025 14:42:54 GMT,SUNDAY,SW2,50,425,DISABLED,50,0,DISABLED
3182541476,Perfect,Store Active,Alexandria,Al Iskandar?yah,0,DEX5,"31.233114651025588,29.96251108465785",2CVOJOC3VZKKERKLMQV4G12LN9WTSORSDA2CDSROSTW9NLDPXTQ2EIA2OXKITGBV,19 May 2026 09:15:42 GMT,MONDAY,SW1,30,550,ENABLED,25,550,DISABLED
3182541476,Perfect,Store Active,Alexandria,Al Iskandar?yah,0,DEX5,"31.233114651025588,29.96251108465785",2CVOJOC3VZKKERKLMQV4G12LN9WTSORSDA2CDSROSTW9NLDPXTQ2EIA2OXKITGBV,19 May 2026 09:15:42 GMT,MONDAY,SW2,30,550,DISABLED,25,550,DISABLED
3182541476,Perfect,Store Active,Alexandria,Al Iskandar?yah,0,DEX5,"31.233114651025588,29.96251108465785",2CVOJOC3VZKKERKLMQV4G12LN9WTSORSDA2CDSROSTW9NLDPXTQ2EIA2OXKITGBV,19 May 2026 09:15:42 GMT,TUESDAY,SW1,30,550,ENABLED,25,550,DISABLED
3182541476,Perfect,Store Active,Alexandria,Al Iskandar?yah,0,DEX5,"31.233114651025588,29.96251108465785",2CVOJOC3VZKKERKLMQV4G12LN9WTSORSDA2CDSROSTW9NLDPXTQ2EIA2OXKITGBV,19 May 2026 09:15:42 GMT,TUESDAY,SW2,30,550,DISABLED,25,550,DISABLED
3182541476,Perfect,Store Active,Alexandria,Al Iskandar?yah,0,DEX5,"31.233114651025588,29.96251108465785",2CVOJOC3VZKKERKLMQV4G12LN9WTSORSDA2CDSROSTW9NLDPXTQ2EIA2OXKITGBV,19 May 2026 09:15:42 GMT,WEDNESDAY,SW1,30,550,ENABLED,25,550,DISABLED
3182541476,Perfect,Store Active,Alexandria,Al Iskandar?yah,0,DEX5,"31.233114651025588,29.96251108465785",2CVOJOC3VZKKERKLMQV4G12LN9WTSORSDA2CDSROSTW9NLDPXTQ2EIA2OXKITGBV,19 May 2026 09:15:42 GMT,WEDNESDAY,SW2,30,550,DISABLED,25,550,DISABLED
3182541476,Perfect,Store Active,Alexandria,Al Iskandar?yah,0,DEX5,"31.233114651025588,29.96251108465785",2CVOJOC3VZKKERKLMQV4G12LN9WTSORSDA2CDSROSTW9NLDPXTQ2EIA2OXKITGBV,19 May 2026 09:15:42 GMT,THURSDAY,SW1,30,550,ENABLED,25,550,DISABLED
3182541476,Perfect,Store Active,Alexandria,Al Iskandar?yah,0,DEX5,"31.233114651025588,29.96251108465785",2CVOJOC3VZKKERKLMQV4G12LN9WTSORSDA2CDSROSTW9NLDPXTQ2EIA2OXKITGBV,19 May 2026 09:15:42 GMT,THURSDAY,SW2,30,550,DISABLED,25,550,DISABLED
3182541476,Perfect,Store Active,Alexandria,Al Iskandar?yah,0,DEX5,"31.233114651025588,29.96251108465785",2CVOJOC3VZKKERKLMQV4G12LN9WTSORSDA2CDSROSTW9NLDPXTQ2EIA2OXKITGBV,19 May 2026 09:15:42 GMT,FRIDAY,SW1,30,550,ENABLED,25,550,DISABLED
3182541476,Perfect,Store Active,Alexandria,Al Iskandar?yah,0,DEX5,"31.233114651025588,29.96251108465785",2CVOJOC3VZKKERKLMQV4G12LN9WTSORSDA2CDSROSTW9NLDPXTQ2EIA2OXKITGBV,19 May 2026 09:15:42 GMT,FRIDAY,SW2,30,550,DISABLED,25,550,DISABLED
3182541476,Perfect,Store Active,Alexandria,Al Iskandar?yah,0,DEX5,"31.233114651025588,29.96251108465785",2CVOJOC3VZKKERKLMQV4G12LN9WTSORSDA2CDSROSTW9NLDPXTQ2EIA2OXKITGBV,19 May 2026 09:15:42 GMT,SATURDAY,SW1,30,550,ENABLED,25,550,DISABLED
3182541476,Perfect,Store Active,Alexandria,Al Iskandar?yah,0,DEX5,"31.233114651025588,29.96251108465785",2CVOJOC3VZKKERKLMQV4G12LN9WTSORSDA2CDSROSTW9NLDPXTQ2EIA2OXKITGBV,19 May 2026 09:15:42 GMT,SATURDAY,SW2,30,550,DISABLED,25,550,DISABLED
3182541476,Perfect,Store Active,Alexandria,Al Iskandar?yah,0,DEX5,"31.233114651025588,29.96251108465785",2CVOJOC3VZKKERKLMQV4G12LN9WTSORSDA2CDSROSTW9NLDPXTQ2EIA2OXKITGBV,19 May 2026 09:15:42 GMT,SUNDAY,SW1,30,550,ENABLED,25,550,DISABLED
3182541476,Perfect,Store Active,Alexandria,Al Iskandar?yah,0,DEX5,"31.233114651025588,29.96251108465785",2CVOJOC3VZKKERKLMQV4G12LN9WTSORSDA2CDSROSTW9NLDPXTQ2EIA2OXKITGBV,19 May 2026 09:15:42 GMT,SUNDAY,SW2,30,550,DISABLED,25,550,DISABLED
7384025292,فكهانى اانصر,Store Inactive,Alexandria,Al Iskandar?yah,0,DEX5,"31.227350010487022,29.951012915776882",TFVQC77GB4NYJHVGZW4UG12LN9WTSORSDA2CDSROSTW9NLDPXTQ2EIA2OXSTS24E,NA,MONDAY,SW1,0,450,ENABLED,0,0,DISABLED
7384025292,فكهانى اانصر,Store Inactive,Alexandria,Al Iskandar?yah,0,DEX5,"31.227350010487022,29.951012915776882",TFVQC77GB4NYJHVGZW4UG12LN9WTSORSDA2CDSROSTW9NLDPXTQ2EIA2OXSTS24E,NA,MONDAY,SW2,0,450,DISABLED,0,0,DISABLED
7384025292,فكهانى اانصر,Store Inactive,Alexandria,Al Iskandar?yah,0,DEX5,"31.227350010487022,29.951012915776882",TFVQC77GB4NYJHVGZW4UG12LN9WTSORSDA2CDSROSTW9NLDPXTQ2EIA2OXSTS24E,NA,TUESDAY,SW1,0,450,ENABLED,0,0,DISABLED
7384025292,فكهانى اانصر,Store Inactive,Alexandria,Al Iskandar?yah,0,DEX5,"31.227350010487022,29.951012915776882",TFVQC77GB4NYJHVGZW4UG12LN9WTSORSDA2CDSROSTW9NLDPXTQ2EIA2OXSTS24E,NA,TUESDAY,SW2,0,450,DISABLED,0,0,DISABLED
7384025292,فكهانى اانصر,Store Inactive,Alexandria,Al Iskandar?yah,0,DEX5,"31.227350010487022,29.951012915776882",TFVQC77GB4NYJHVGZW4UG12LN9WTSORSDA2CDSROSTW9NLDPXTQ2EIA2OXSTS24E,NA,WEDNESDAY,SW1,0,450,ENABLED,0,0,DISABLED
7384025292,فكهانى اانصر,Store Inactive,Alexandria,Al Iskandar?yah,0,DEX5,"31.227350010487022,29.951012915776882",TFVQC77GB4NYJHVGZW4UG12LN9WTSORSDA2CDSROSTW9NLDPXTQ2EIA2OXSTS24E,NA,WEDNESDAY,SW2,0,450,DISABLED,0,0,DISABLED
7384025292,فكهانى اانصر,Store Inactive,Alexandria,Al Iskandar?yah,0,DEX5,"31.227350010487022,29.951012915776882",TFVQC77GB4NYJHVGZW4UG12LN9WTSORSDA2CDSROSTW9NLDPXTQ2EIA2OXSTS24E,NA,THURSDAY,SW1,0,450,ENABLED,0,0,DISABLED
7384025292,فكهانى اانصر,Store Inactive,Alexandria,Al Iskandar?yah,0,DEX5,"31.227350010487022,29.951012915776882",TFVQC77GB4NYJHVGZW4UG12LN9WTSORSDA2CDSROSTW9NLDPXTQ2EIA2OXSTS24E,NA,THURSDAY,SW2,0,450,DISABLED,0,0,DISABLED
7384025292,فكهانى اانصر,Store Inactive,Alexandria,Al Iskandar?yah,0,DEX5,"31.227350010487022,29.951012915776882",TFVQC77GB4NYJHVGZW4UG12LN9WTSORSDA2CDSROSTW9NLDPXTQ2EIA2OXSTS24E,NA,FRIDAY,SW1,0,450,ENABLED,0,0,DISABLED
7384025292,فكهانى اانصر,Store Inactive,Alexandria,Al Iskandar?yah,0,DEX5,"31.227350010487022,29.951012915776882",TFVQC77GB4NYJHVGZW4UG12LN9WTSORSDA2CDSROSTW9NLDPXTQ2EIA2OXSTS24E,NA,FRIDAY,SW2,0,450,DISABLED,0,0,DISABLED
7384025292,فكهانى اانصر,Store Inactive,Alexandria,Al Iskandar?yah,0,DEX5,"31.227350010487022,29.951012915776882",TFVQC77GB4NYJHVGZW4UG12LN9WTSORSDA2CDSROSTW9NLDPXTQ2EIA2OXSTS24E,NA,SATURDAY,SW1,0,450,ENABLED,0,0,DISABLED
7384025292,فكهانى اانصر,Store Inactive,Alexandria,Al Iskandar?yah,0,DEX5,"31.227350010487022,29.951012915776882",TFVQC77GB4NYJHVGZW4UG12LN9WTSORSDA2CDSROSTW9NLDPXTQ2EIA2OXSTS24E,NA,SATURDAY,SW2,0,450,DISABLED,0,0,DISABLED
7384025292,فكهانى اانصر,Store Inactive,Alexandria,Al Iskandar?yah,0,DEX5,"31.227350010487022,29.951012915776882",TFVQC77GB4NYJHVGZW4UG12LN9WTSORSDA2CDSROSTW9NLDPXTQ2EIA2OXSTS24E,NA,SUNDAY,SW1,0,450,ENABLED,0,0,DISABLED
7384025292,فكهانى اانصر,Store Inactive,Alexandria,Al Iskandar?yah,0,DEX5,"31.227350010487022,29.951012915776882",TFVQC77GB4NYJHVGZW4UG12LN9WTSORSDA2CDSROSTW9NLDPXTQ2EIA2OXSTS24E,NA,SUNDAY,SW2,0,450,DISABLED,0,0,DISABLED
2857572109,طيور حمزه,Store Active,alexandria,Al Iskandar?yah,0,DEX5,"31.2012495,29.9581333",MGYFIXDUWPLLBSMZIBZYG12LN9WTSORSDA2CDSROSTW9NLDPXTQ2EIA2OXJCVKXD,9 Sep 2026 14:02:24 GMT,MONDAY,SW1,80,375,ENABLED,70,420,DISABLED
2857572109,طيور حمزه,Store Active,alexandria,Al Iskandar?yah,0,DEX5,"31.2012495,29.9581333",MGYFIXDUWPLLBSMZIBZYG12LN9WTSORSDA2CDSROSTW9NLDPXTQ2EIA2OXJCVKXD,9 Sep 2026 14:02:24 GMT,MONDAY,SW2,30,4000,DISABLED,1,4000,DISABLED
2857572109,طيور حمزه,Store Active,alexandria,Al Iskandar?yah,0,DEX5,"31.2012495,29.9581333",MGYFIXDUWPLLBSMZIBZYG12LN9WTSORSDA2CDSROSTW9NLDPXTQ2EIA2OXJCVKXD,9 Sep 2026 14:02:24 GMT,TUESDAY,SW1,80,375,ENABLED,70,420,DISABLED
2857572109,طيور حمزه,Store Active,alexandria,Al Iskandar?yah,0,DEX5,"31.2012495,29.9581333",MGYFIXDUWPLLBSMZIBZYG12LN9WTSORSDA2CDSROSTW9NLDPXTQ2EIA2OXJCVKXD,9 Sep 2026 14:02:24 GMT,TUESDAY,SW2,30,4000,DISABLED,1,4000,DISABLED
2857572109,طيور حمزه,Store Active,alexandria,Al Iskandar?yah,0,DEX5,"31.2012495,29.9581333",MGYFIXDUWPLLBSMZIBZYG12LN9WTSORSDA2CDSROSTW9NLDPXTQ2EIA2OXJCVKXD,9 Sep 2026 14:02:24 GMT,WEDNESDAY,SW1,80,375,ENABLED,70,420,DISABLED
2857572109,طيور حمزه,Store Active,alexandria,Al Iskandar?yah,0,DEX5,"31.2012495,29.9581333",MGYFIXDUWPLLBSMZIBZYG12LN9WTSORSDA2CDSROSTW9NLDPXTQ2EIA2OXJCVKXD,9 Sep 2026 14:02:24 GMT,WEDNESDAY,SW2,30,4000,DISABLED,1,4000,DISABLED
2857572109,طيور حمزه,Store Active,alexandria,Al Iskandar?yah,0,DEX5,"31.2012495,29.9581333",MGYFIXDUWPLLBSMZIBZYG12LN9WTSORSDA2CDSROSTW9NLDPXTQ2EIA2OXJCVKXD,9 Sep 2026 14:02:24 GMT,THURSDAY,SW1,80,375,ENABLED,70,420,DISABLED
2857572109,طيور حمزه,Store Active,alexandria,Al Iskandar?yah,0,DEX5,"31.2012495,29.9581333",MGYFIXDUWPLLBSMZIBZYG12LN9WTSORSDA2CDSROSTW9NLDPXTQ2EIA2OXJCVKXD,9 Sep 2026 14:02:24 GMT,THURSDAY,SW2,30,4000,DISABLED,1,4000,DISABLED
2857572109,طيور حمزه,Store Active,alexandria,Al Iskandar?yah,0,DEX5,"31.2012495,29.9581333",MGYFIXDUWPLLBSMZIBZYG12LN9WTSORSDA2CDSROSTW9NLDPXTQ2EIA2OXJCVKXD,9 Sep 2026 14:02:24 GMT,FRIDAY,SW1,80,375,ENABLED,70,420,DISABLED
2857572109,طيور حمزه,Store Active,alexandria,Al Iskandar?yah,0,DEX5,"31.2012495,29.9581333",MGYFIXDUWPLLBSMZIBZYG12LN9WTSORSDA2CDSROSTW9NLDPXTQ2EIA2OXJCVKXD,9 Sep 2026 14:02:24 GMT,FRIDAY,SW2,30,4000,DISABLED,1,4000,DISABLED
2857572109,طيور حمزه,Store Active,alexandria,Al Iskandar?yah,0,DEX5,"31.2012495,29.9581333",MGYFIXDUWPLLBSMZIBZYG12LN9WTSORSDA2CDSROSTW9NLDPXTQ2EIA2OXJCVKXD,9 Sep 2026 14:02:24 GMT,SATURDAY,SW1,80,375,ENABLED,70,420,DISABLED
2857572109,طيور حمزه,Store Active,alexandria,Al Iskandar?yah,0,DEX5,"31.2012495,29.9581333",MGYFIXDUWPLLBSMZIBZYG12LN9WTSORSDA2CDSROSTW9NLDPXTQ2EIA2OXJCVKXD,9 Sep 2026 14:02:24 GMT,SATURDAY,SW2,30,4000,DISABLED,1,4000,DISABLED
2857572109,طيور حمزه,Store Active,alexandria,Al Iskandar?yah,0,DEX5,"31.2012495,29.9581333",MGYFIXDUWPLLBSMZIBZYG12LN9WTSORSDA2CDSROSTW9NLDPXTQ2EIA2OXJCVKXD,9 Sep 2026 14:02:24 GMT,SUNDAY,SW1,80,375,ENABLED,70,420,DISABLED
2857572109,طيور حمزه,Store Active,alexandria,Al Iskandar?yah,0,DEX5,"31.2012495,29.9581333",MGYFIXDUWPLLBSMZIBZYG12LN9WTSORSDA2CDSROSTW9NLDPXTQ2EIA2OXJCVKXD,9 Sep 2026 14:02:24 GMT,SUNDAY,SW2,30,4000,DISABLED,1,4000,DISABLED
9133473426,Misho,Store Active,Alexandria,Al Iskandar?yah,0,DEX5,"31.229778,29.960451",TTYNZ2AKZPK5DR4ZEWFQG12LN9WTSORSDA2CDSROSTW9NLDPXTQ2EIA2OXLTTW2E,25 Apr 2026 11:06:14 GMT,MONDAY,SW1,50,450,ENABLED,50,450,DISABLED
9133473426,Misho,Store Active,Alexandria,Al Iskandar?yah,0,DEX5,"31.229778,29.960451",TTYNZ2AKZPK5DR4ZEWFQG12LN9WTSORSDA2CDSROSTW9NLDPXTQ2EIA2OXLTTW2E,25 Apr 2026 11:06:14 GMT,MONDAY,SW2,50,450,DISABLED,50,0,DISABLED
9133473426,Misho,Store Active,Alexandria,Al Iskandar?yah,0,DEX5,"31.229778,29.960451",TTYNZ2AKZPK5DR4ZEWFQG12LN9WTSORSDA2CDSROSTW9NLDPXTQ2EIA2OXLTTW2E,25 Apr 2026 11:06:14 GMT,TUESDAY,SW1,50,450,ENABLED,50,450,DISABLED
9133473426,Misho,Store Active,Alexandria,Al Iskandar?yah,0,DEX5,"31.229778,29.960451",TTYNZ2AKZPK5DR4ZEWFQG12LN9WTSORSDA2CDSROSTW9NLDPXTQ2EIA2OXLTTW2E,25 Apr 2026 11:06:14 GMT,TUESDAY,SW2,50,450,DISABLED,50,0,DISABLED
9133473426,Misho,Store Active,Alexandria,Al Iskandar?yah,0,DEX5,"31.229778,29.960451",TTYNZ2AKZPK5DR4ZEWFQG12LN9WTSORSDA2CDSROSTW9NLDPXTQ2EIA2OXLTTW2E,25 Apr 2026 11:06:14 GMT,WEDNESDAY,SW1,50,450,ENABLED,50,450,DISABLED
9133473426,Misho,Store Active,Alexandria,Al Iskandar?yah,0,DEX5,"31.229778,29.960451",TTYNZ2AKZPK5DR4ZEWFQG12LN9WTSORSDA2CDSROSTW9NLDPXTQ2EIA2OXLTTW2E,25 Apr 2026 11:06:14 GMT,WEDNESDAY,SW2,50,450,DISABLED,50,0,DISABLED
9133473426,Misho,Store Active,Alexandria,Al Iskandar?yah,0,DEX5,"31.229778,29.960451",TTYNZ2AKZPK5DR4ZEWFQG12LN9WTSORSDA2CDSROSTW9NLDPXTQ2EIA2OXLTTW2E,25 Apr 2026 11:06:14 GMT,THURSDAY,SW1,50,450,ENABLED,50,450,DISABLED
9133473426,Misho,Store Active,Alexandria,Al Iskandar?yah,0,DEX5,"31.229778,29.960451",TTYNZ2AKZPK5DR4ZEWFQG12LN9WTSORSDA2CDSROSTW9NLDPXTQ2EIA2OXLTTW2E,25 Apr 2026 11:06:14 GMT,THURSDAY,SW2,50,450,DISABLED,50,0,DISABLED
9133473426,Misho,Store Active,Alexandria,Al Iskandar?yah,0,DEX5,"31.229778,29.960451",TTYNZ2AKZPK5DR4ZEWFQG12LN9WTSORSDA2CDSROSTW9NLDPXTQ2EIA2OXLTTW2E,25 Apr 2026 11:06:14 GMT,FRIDAY,SW1,50,450,ENABLED,50,450,DISABLED
9133473426,Misho,Store Active,Alexandria,Al Iskandar?yah,0,DEX5,"31.229778,29.960451",TTYNZ2AKZPK5DR4ZEWFQG12LN9WTSORSDA2CDSROSTW9NLDPXTQ2EIA2OXLTTW2E,25 Apr 2026 11:06:14 GMT,FRIDAY,SW2,50,450,DISABLED,50,0,DISABLED
9133473426,Misho,Store Active,Alexandria,Al Iskandar?yah,0,DEX5,"31.229778,29.960451",TTYNZ2AKZPK5DR4ZEWFQG12LN9WTSORSDA2CDSROSTW9NLDPXTQ2EIA2OXLTTW2E,25 Apr 2026 11:06:14 GMT,SATURDAY,SW1,50,450,ENABLED,50,450,DISABLED
9133473426,Misho,Store Active,Alexandria,Al Iskandar?yah,0,DEX5,"31.229778,29.960451",TTYNZ2AKZPK5DR4ZEWFQG12LN9WTSORSDA2CDSROSTW9NLDPXTQ2EIA2OXLTTW2E,25 Apr 2026 11:06:14 GMT,SATURDAY,SW2,50,450,DISABLED,50,0,DISABLED
9133473426,Misho,Store Active,Alexandria,Al Iskandar?yah,0,DEX5,"31.229778,29.960451",TTYNZ2AKZPK5DR4ZEWFQG12LN9WTSORSDA2CDSROSTW9NLDPXTQ2EIA2OXLTTW2E,25 Apr 2026 11:06:14 GMT,SUNDAY,SW1,50,450,ENABLED,50,450,DISABLED
9133473426,Misho,Store Active,Alexandria,Al Iskandar?yah,0,DEX5,"31.229778,29.960451",TTYNZ2AKZPK5DR4ZEWFQG12LN9WTSORSDA2CDSROSTW9NLDPXTQ2EIA2OXLTTW2E,25 Apr 2026 11:06:14 GMT,SUNDAY,SW2,50,450,DISABLED,50,0,DISABLED
5608949960,بلايستيشن فوكس,Store Active,الإسكندرية,Al Iskandar?yah,0,DEX5,"31.237262,29.958724",ZSNXJTA5FPTBEPXMAZRQG12LN9WTSORSDA2CDSROSTW9NLDPXTQ2EIA2OX6IGRQP,12 Aug 2024 07:59:47 GMT,MONDAY,SW1,50,425,ENABLED,50,425,DISABLED
5608949960,بلايستيشن فوكس,Store Active,الإسكندرية,Al Iskandar?yah,0,DEX5,"31.237262,29.958724",ZSNXJTA5FPTBEPXMAZRQG12LN9WTSORSDA2CDSROSTW9NLDPXTQ2EIA2OX6IGRQP,12 Aug 2024 07:59:47 GMT,MONDAY,SW2,50,1,DISABLED,50,1,DISABLED
5608949960,بلايستيشن فوكس,Store Active,الإسكندرية,Al Iskandar?yah,0,DEX5,"31.237262,29.958724",ZSNXJTA5FPTBEPXMAZRQG12LN9WTSORSDA2CDSROSTW9NLDPXTQ2EIA2OX6IGRQP,12 Aug 2024 07:59:47 GMT,TUESDAY,SW1,50,425,ENABLED,50,425,DISABLED
5608949960,بلايستيشن فوكس,Store Active,الإسكندرية,Al Iskandar?yah,0,DEX5,"31.237262,29.958724",ZSNXJTA5FPTBEPXMAZRQG12LN9WTSORSDA2CDSROSTW9NLDPXTQ2EIA2OX6IGRQP,12 Aug 2024 07:59:47 GMT,TUESDAY,SW2,50,1,DISABLED,50,1,DISABLED
5608949960,بلايستيشن فوكس,Store Active,الإسكندرية,Al Iskandar?yah,0,DEX5,"31.237262,29.958724",ZSNXJTA5FPTBEPXMAZRQG12LN9WTSORSDA2CDSROSTW9NLDPXTQ2EIA2OX6IGRQP,12 Aug 2024 07:59:47 GMT,WEDNESDAY,SW1,50,425,ENABLED,50,425,DISABLED
5608949960,بلايستيشن فوكس,Store Active,الإسكندرية,Al Iskandar?yah,0,DEX5,"31.237262,29.958724",ZSNXJTA5FPTBEPXMAZRQG12LN9WTSORSDA2CDSROSTW9NLDPXTQ2EIA2OX6IGRQP,12 Aug 2024 07:59:47 GMT,WEDNESDAY,SW2,50,1,DISABLED,50,1,DISABLED
5608949960,بلايستيشن فوكس,Store Active,الإسكندرية,Al Iskandar?yah,0,DEX5,"31.237262,29.958724",ZSNXJTA5FPTBEPXMAZRQG12LN9WTSORSDA2CDSROSTW9NLDPXTQ2EIA2OX6IGRQP,12 Aug 2024 07:59:47 GMT,THURSDAY,SW1,50,425,ENABLED,50,425,DISABLED
5608949960,بلايستيشن فوكس,Store Active,الإسكندرية,Al Iskandar?yah,0,DEX5,"31.237262,29.958724",ZSNXJTA5FPTBEPXMAZRQG12LN9WTSORSDA2CDSROSTW9NLDPXTQ2EIA2OX6IGRQP,12 Aug 2024 07:59:47 GMT,THURSDAY,SW2,50,1,DISABLED,50,1,DISABLED
5608949960,بلايستيشن فوكس,Store Active,الإسكندرية,Al Iskandar?yah,0,DEX5,"31.237262,29.958724",ZSNXJTA5FPTBEPXMAZRQG12LN9WTSORSDA2CDSROSTW9NLDPXTQ2EIA2OX6IGRQP,12 Aug 2024 07:59:47 GMT,FRIDAY,SW1,50,425,ENABLED,50,425,DISABLED
5608949960,بلايستيشن فوكس,Store Active,الإسكندرية,Al Iskandar?yah,0,DEX5,"31.237262,29.958724",ZSNXJTA5FPTBEPXMAZRQG12LN9WTSORSDA2CDSROSTW9NLDPXTQ2EIA2OX6IGRQP,12 Aug 2024 07:59:47 GMT,FRIDAY,SW2,50,1,DISABLED,50,1,DISABLED
5608949960,بلايستيشن فوكس,Store Active,الإسكندرية,Al Iskandar?yah,0,DEX5,"31.237262,29.958724",ZSNXJTA5FPTBEPXMAZRQG12LN9WTSORSDA2CDSROSTW9NLDPXTQ2EIA2OX6IGRQP,12 Aug 2024 07:59:47 GMT,SATURDAY,SW1,50,425,ENABLED,50,425,DISABLED
5608949960,بلايستيشن فوكس,Store Active,الإسكندرية,Al Iskandar?yah,0,DEX5,"31.237262,29.958724",ZSNXJTA5FPTBEPXMAZRQG12LN9WTSORSDA2CDSROSTW9NLDPXTQ2EIA2OX6IGRQP,12 Aug 2024 07:59:47 GMT,SATURDAY,SW2,50,1,DISABLED,50,1,DISABLED
5608949960,بلايستيشن فوكس,Store Active,الإسكندرية,Al Iskandar?yah,0,DEX5,"31.237262,29.958724",ZSNXJTA5FPTBEPXMAZRQG12LN9WTSORSDA2CDSROSTW9NLDPXTQ2EIA2OX6IGRQP,12 Aug 2024 07:59:47 GMT,SUNDAY,SW1,50,425,ENABLED,50,425,DISABLED
5608949960,بلايستيشن فوكس,Store Active,الإسكندرية,Al Iskandar?yah,0,DEX5,"31.237262,29.958724",ZSNXJTA5FPTBEPXMAZRQG12LN9WTSORSDA2CDSROSTW9NLDPXTQ2EIA2OX6IGRQP,12 Aug 2024 07:59:47 GMT,SUNDAY,SW2,50,1,DISABLED,50,1,DISABLED
4712586433,الدخاخني,Store Active,الاسكندريه,Al Iskandar?yah,0,DEX5,"31.23909525,29.95632496",NGEXLJYD6PRSIYHHUU4AG12LN9WTSORSDA2CDSROSTW9NLDPXTQ2EIA2OX43FPFK,29 May 2024 14:21:01 GMT,MONDAY,SW1,50,425,ENABLED,50,425,DISABLED
4712586433,الدخاخني,Store Active,الاسكندريه,Al Iskandar?yah,0,DEX5,"31.23909525,29.95632496",NGEXLJYD6PRSIYHHUU4AG12LN9WTSORSDA2CDSROSTW9NLDPXTQ2EIA2OX43FPFK,29 May 2024 14:21:01 GMT,MONDAY,SW2,50,425,DISABLED,50,0,DISABLED
4712586433,الدخاخني,Store Active,الاسكندريه,Al Iskandar?yah,0,DEX5,"31.23909525,29.95632496",NGEXLJYD6PRSIYHHUU4AG12LN9WTSORSDA2CDSROSTW9NLDPXTQ2EIA2OX43FPFK,29 May 2024 14:21:01 GMT,TUESDAY,SW1,50,425,ENABLED,50,425,DISABLED
4712586433,الدخاخني,Store Active,الاسكندريه,Al Iskandar?yah,0,DEX5,"31.23909525,29.95632496",NGEXLJYD6PRSIYHHUU4AG12LN9WTSORSDA2CDSROSTW9NLDPXTQ2EIA2OX43FPFK,29 May 2024 14:21:01 GMT,TUESDAY,SW2,50,425,DISABLED,50,0,DISABLED
4712586433,الدخاخني,Store Active,الاسكندريه,Al Iskandar?yah,0,DEX5,"31.23909525,29.95632496",NGEXLJYD6PRSIYHHUU4AG12LN9WTSORSDA2CDSROSTW9NLDPXTQ2EIA2OX43FPFK,29 May 2024 14:21:01 GMT,WEDNESDAY,SW1,50,425,ENABLED,50,425,DISABLED
4712586433,الدخاخني,Store Active,الاسكندريه,Al Iskandar?yah,0,DEX5,"31.23909525,29.95632496",NGEXLJYD6PRSIYHHUU4AG12LN9WTSORSDA2CDSROSTW9NLDPXTQ2EIA2OX43FPFK,29 May 2024 14:21:01 GMT,WEDNESDAY,SW2,50,425,DISABLED,50,0,DISABLED
4712586433,الدخاخني,Store Active,الاسكندريه,Al Iskandar?yah,0,DEX5,"31.23909525,29.95632496",NGEXLJYD6PRSIYHHUU4AG12LN9WTSORSDA2CDSROSTW9NLDPXTQ2EIA2OX43FPFK,29 May 2024 14:21:01 GMT,THURSDAY,SW1,50,425,ENABLED,50,425,DISABLED
4712586433,الدخاخني,Store Active,الاسكندريه,Al Iskandar?yah,0,DEX5,"31.23909525,29.95632496",NGEXLJYD6PRSIYHHUU4AG12LN9WTSORSDA2CDSROSTW9NLDPXTQ2EIA2OX43FPFK,29 May 2024 14:21:01 GMT,THURSDAY,SW2,50,425,DISABLED,50,0,DISABLED
4712586433,الدخاخني,Store Active,الاسكندريه,Al Iskandar?yah,0,DEX5,"31.23909525,29.95632496",NGEXLJYD6PRSIYHHUU4AG12LN9WTSORSDA2CDSROSTW9NLDPXTQ2EIA2OX43FPFK,29 May 2024 14:21:01 GMT,FRIDAY,SW1,50,425,ENABLED,50,425,DISABLED
4712586433,الدخاخني,Store Active,الاسكندريه,Al Iskandar?yah,0,DEX5,"31.23909525,29.95632496",NGEXLJYD6PRSIYHHUU4AG12LN9WTSORSDA2CDSROSTW9NLDPXTQ2EIA2OX43FPFK,29 May 2024 14:21:01 GMT,FRIDAY,SW2,50,425,DISABLED,50,0,DISABLED
4712586433,الدخاخني,Store Active,الاسكندريه,Al Iskandar?yah,0,DEX5,"31.23909525,29.95632496",NGEXLJYD6PRSIYHHUU4AG12LN9WTSORSDA2CDSROSTW9NLDPXTQ2EIA2OX43FPFK,29 May 2024 14:21:01 GMT,SATURDAY,SW1,50,425,ENABLED,50,425,DISABLED
4712586433,الدخاخني,Store Active,الاسكندريه,Al Iskandar?yah,0,DEX5,"31.23909525,29.95632496",NGEXLJYD6PRSIYHHUU4AG12LN9WTSORSDA2CDSROSTW9NLDPXTQ2EIA2OX43FPFK,29 May 2024 14:21:01 GMT,SATURDAY,SW2,50,425,DISABLED,50,0,DISABLED
4712586433,الدخاخني,Store Active,الاسكندريه,Al Iskandar?yah,0,DEX5,"31.23909525,29.95632496",NGEXLJYD6PRSIYHHUU4AG12LN9WTSORSDA2CDSROSTW9NLDPXTQ2EIA2OX43FPFK,29 May 2024 14:21:01 GMT,SUNDAY,SW1,50,425,ENABLED,50,425,DISABLED
4712586433,الدخاخني,Store Active,الاسكندريه,Al Iskandar?yah,0,DEX5,"31.23909525,29.95632496",NGEXLJYD6PRSIYHHUU4AG12LN9WTSORSDA2CDSROSTW9NLDPXTQ2EIA2OX43FPFK,29 May 2024 14:21:01 GMT,SUNDAY,SW2,50,425,DISABLED,50,0,DISABLED
7649403763,طيور النجار,Store Active,alexandria,Al Iskandar?yah,0,DEX5,"31.2012495,29.9581333",W2H7AE7N4GW3ESEN2OYUG12LN9WTSORSDA2CDSROSTW9NLDPXTQ2EIA2OXGWPHGR,18 Feb 2026 15:46:18 GMT,MONDAY,SW1,80,375,ENABLED,70,420,DISABLED
7649403763,طيور النجار,Store Active,alexandria,Al Iskandar?yah,0,DEX5,"31.2012495,29.9581333",W2H7AE7N4GW3ESEN2OYUG12LN9WTSORSDA2CDSROSTW9NLDPXTQ2EIA2OXGWPHGR,18 Feb 2026 15:46:18 GMT,MONDAY,SW2,50,450,DISABLED,50,450,DISABLED
7649403763,طيور النجار,Store Active,alexandria,Al Iskandar?yah,0,DEX5,"31.2012495,29.9581333",W2H7AE7N4GW3ESEN2OYUG12LN9WTSORSDA2CDSROSTW9NLDPXTQ2EIA2OXGWPHGR,18 Feb 2026 15:46:18 GMT,TUESDAY,SW1,80,375,ENABLED,70,420,DISABLED
7649403763,طيور النجار,Store Active,alexandria,Al Iskandar?yah,0,DEX5,"31.2012495,29.9581333",W2H7AE7N4GW3ESEN2OYUG12LN9WTSORSDA2CDSROSTW9NLDPXTQ2EIA2OXGWPHGR,18 Feb 2026 15:46:18 GMT,TUESDAY,SW2,50,450,DISABLED,50,450,DISABLED
7649403763,طيور النجار,Store Active,alexandria,Al Iskandar?yah,0,DEX5,"31.2012495,29.9581333",W2H7AE7N4GW3ESEN2OYUG12LN9WTSORSDA2CDSROSTW9NLDPXTQ2EIA2OXGWPHGR,18 Feb 2026 15:46:18 GMT,WEDNESDAY,SW1,80,375,ENABLED,70,420,DISABLED
7649403763,طيور النجار,Store Active,alexandria,Al Iskandar?yah,0,DEX5,"31.2012495,29.9581333",W2H7AE7N4GW3ESEN2OYUG12LN9WTSORSDA2CDSROSTW9NLDPXTQ2EIA2OXGWPHGR,18 Feb 2026 15:46:18 GMT,WEDNESDAY,SW2,50,450,DISABLED,50,450,DISABLED
7649403763,طيور النجار,Store Active,alexandria,Al Iskandar?yah,0,DEX5,"31.2012495,29.9581333",W2H7AE7N4GW3ESEN2OYUG12LN9WTSORSDA2CDSROSTW9NLDPXTQ2EIA2OXGWPHGR,18 Feb 2026 15:46:18 GMT,THURSDAY,SW1,80,375,ENABLED,70,420,DISABLED
7649403763,طيور النجار,Store Active,alexandria,Al Iskandar?yah,0,DEX5,"31.2012495,29.9581333",W2H7AE7N4GW3ESEN2OYUG12LN9WTSORSDA2CDSROSTW9NLDPXTQ2EIA2OXGWPHGR,18 Feb 2026 15:46:18 GMT,THURSDAY,SW2,50,450,DISABLED,50,450,DISABLED
7649403763,طيور النجار,Store Active,alexandria,Al Iskandar?yah,0,DEX5,"31.2012495,29.9581333",W2H7AE7N4GW3ESEN2OYUG12LN9WTSORSDA2CDSROSTW9NLDPXTQ2EIA2OXGWPHGR,18 Feb 2026 15:46:18 GMT,FRIDAY,SW1,80,375,ENABLED,70,420,DISABLED
7649403763,طيور النجار,Store Active,alexandria,Al Iskandar?yah,0,DEX5,"31.2012495,29.9581333",W2H7AE7N4GW3ESEN2OYUG12LN9WTSORSDA2CDSROSTW9NLDPXTQ2EIA2OXGWPHGR,18 Feb 2026 15:46:18 GMT,FRIDAY,SW2,50,450,DISABLED,50,450,DISABLED
7649403763,طيور النجار,Store Active,alexandria,Al Iskandar?yah,0,DEX5,"31.2012495,29.9581333",W2H7AE7N4GW3ESEN2OYUG12LN9WTSORSDA2CDSROSTW9NLDPXTQ2EIA2OXGWPHGR,18 Feb 2026 15:46:18 GMT,SATURDAY,SW1,80,375,ENABLED,70,420,DISABLED
7649403763,طيور النجار,Store Active,alexandria,Al Iskandar?yah,0,DEX5,"31.2012495,29.9581333",W2H7AE7N4GW3ESEN2OYUG12LN9WTSORSDA2CDSROSTW9NLDPXTQ2EIA2OXGWPHGR,18 Feb 2026 15:46:18 GMT,SATURDAY,SW2,50,450,DISABLED,50,450,DISABLED
7649403763,طيور النجار,Store Active,alexandria,Al Iskandar?yah,0,DEX5,"31.2012495,29.9581333",W2H7AE7N4GW3ESEN2OYUG12LN9WTSORSDA2CDSROSTW9NLDPXTQ2EIA2OXGWPHGR,18 Feb 2026 15:46:18 GMT,SUNDAY,SW1,80,375,ENABLED,70,420,DISABLED
7649403763,طيور النجار,Store Active,alexandria,Al Iskandar?yah,0,DEX5,"31.2012495,29.9581333",W2H7AE7N4GW3ESEN2OYUG12LN9WTSORSDA2CDSROSTW9NLDPXTQ2EIA2OXGWPHGR,18 Feb 2026 15:46:18 GMT,SUNDAY,SW2,50,450,DISABLED,50,450,DISABLED
6962867409,المعلم2,Store Active,الاسكندريه,Al Iskandar?yah,0,DEX5,"31.24069796960291,29.961623096216698",FSHL2FCKLEGREIABQY44G12LN9WTSORSDA2CDSROSTW9NLDPXTQ2EIA2OX22AM5Z,9 Jul 2024 13:04:42 GMT,MONDAY,SW1,20,425,ENABLED,20,425,DISABLED
6962867409,المعلم2,Store Active,الاسكندريه,Al Iskandar?yah,0,DEX5,"31.24069796960291,29.961623096216698",FSHL2FCKLEGREIABQY44G12LN9WTSORSDA2CDSROSTW9NLDPXTQ2EIA2OX22AM5Z,9 Jul 2024 13:04:42 GMT,MONDAY,SW2,20,425,DISABLED,20,425,DISABLED
6962867409,المعلم2,Store Active,الاسكندريه,Al Iskandar?yah,0,DEX5,"31.24069796960291,29.961623096216698",FSHL2FCKLEGREIABQY44G12LN9WTSORSDA2CDSROSTW9NLDPXTQ2EIA2OX22AM5Z,9 Jul 2024 13:04:42 GMT,TUESDAY,SW1,20,425,ENABLED,20,425,DISABLED
6962867409,المعلم2,Store Active,الاسكندريه,Al Iskandar?yah,0,DEX5,"31.24069796960291,29.961623096216698",FSHL2FCKLEGREIABQY44G12LN9WTSORSDA2CDSROSTW9NLDPXTQ2EIA2OX22AM5Z,9 Jul 2024 13:04:42 GMT,TUESDAY,SW2,20,425,DISABLED,20,425,DISABLED
6962867409,المعلم2,Store Active,الاسكندريه,Al Iskandar?yah,0,DEX5,"31.24069796960291,29.961623096216698",FSHL2FCKLEGREIABQY44G12LN9WTSORSDA2CDSROSTW9NLDPXTQ2EIA2OX22AM5Z,9 Jul 2024 13:04:42 GMT,WEDNESDAY,SW1,20,425,ENABLED,20,425,DISABLED
6962867409,المعلم2,Store Active,الاسكندريه,Al Iskandar?yah,0,DEX5,"31.24069796960291,29.961623096216698",FSHL2FCKLEGREIABQY44G12LN9WTSORSDA2CDSROSTW9NLDPXTQ2EIA2OX22AM5Z,9 Jul 2024 13:04:42 GMT,WEDNESDAY,SW2,20,425,DISABLED,20,425,DISABLED
6962867409,المعلم2,Store Active,الاسكندريه,Al Iskandar?yah,0,DEX5,"31.24069796960291,29.961623096216698",FSHL2FCKLEGREIABQY44G12LN9WTSORSDA2CDSROSTW9NLDPXTQ2EIA2OX22AM5Z,9 Jul 2024 13:04:42 GMT,THURSDAY,SW1,20,425,ENABLED,20,425,DISABLED
6962867409,المعلم2,Store Active,الاسكندريه,Al Iskandar?yah,0,DEX5,"31.24069796960291,29.961623096216698",FSHL2FCKLEGREIABQY44G12LN9WTSORSDA2CDSROSTW9NLDPXTQ2EIA2OX22AM5Z,9 Jul 2024 13:04:42 GMT,THURSDAY,SW2,20,425,DISABLED,20,425,DISABLED
6962867409,المعلم2,Store Active,الاسكندريه,Al Iskandar?yah,0,DEX5,"31.24069796960291,29.961623096216698",FSHL2FCKLEGREIABQY44G12LN9WTSORSDA2CDSROSTW9NLDPXTQ2EIA2OX22AM5Z,9 Jul 2024 13:04:42 GMT,FRIDAY,SW1,20,425,ENABLED,20,425,DISABLED
6962867409,المعلم2,Store Active,الاسكندريه,Al Iskandar?yah,0,DEX5,"31.24069796960291,29.961623096216698",FSHL2FCKLEGREIABQY44G12LN9WTSORSDA2CDSROSTW9NLDPXTQ2EIA2OX22AM5Z,9 Jul 2024 13:04:42 GMT,FRIDAY,SW2,20,425,DISABLED,20,425,DISABLED
6962867409,المعلم2,Store Active,الاسكندريه,Al Iskandar?yah,0,DEX5,"31.24069796960291,29.961623096216698",FSHL2FCKLEGREIABQY44G12LN9WTSORSDA2CDSROSTW9NLDPXTQ2EIA2OX22AM5Z,9 Jul 2024 13:04:42 GMT,SATURDAY,SW1,20,425,ENABLED,20,425,DISABLED
6962867409,المعلم2,Store Active,الاسكندريه,Al Iskandar?yah,0,DEX5,"31.24069796960291,29.961623096216698",FSHL2FCKLEGREIABQY44G12LN9WTSORSDA2CDSROSTW9NLDPXTQ2EIA2OX22AM5Z,9 Jul 2024 13:04:42 GMT,SATURDAY,SW2,20,425,DISABLED,20,425,DISABLED
6962867409,المعلم2,Store Active,الاسكندريه,Al Iskandar?yah,0,DEX5,"31.24069796960291,29.961623096216698",FSHL2FCKLEGREIABQY44G12LN9WTSORSDA2CDSROSTW9NLDPXTQ2EIA2OX22AM5Z,9 Jul 2024 13:04:42 GMT,SUNDAY,SW1,20,425,ENABLED,20,425,DISABLED
6962867409,المعلم2,Store Active,الاسكندريه,Al Iskandar?yah,0,DEX5,"31.24069796960291,29.961623096216698",FSHL2FCKLEGREIABQY44G12LN9WTSORSDA2CDSROSTW9NLDPXTQ2EIA2OX22AM5Z,9 Jul 2024 13:04:42 GMT,SUNDAY,SW2,20,425,DISABLED,20,425,DISABLED
9750738173,alakhuh almutahadiyn,Store Active,Alexandria,Al Iskandar?yah,0,DEX5,"31.19856950572716,29.92632312569823",L6CRBX6NDSSBCDKLWDG4G12LN9WTSORSDA2CDSROSTW9NLDPXTQ2EIA2OXWUPP2I,5 Oct 2026 12:45:29 GMT,MONDAY,SW1,17,500,ENABLED,15,750,DISABLED
9750738173,alakhuh almutahadiyn,Store Active,Alexandria,Al Iskandar?yah,0,DEX5,"31.19856950572716,29.92632312569823",L6CRBX6NDSSBCDKLWDG4G12LN9WTSORSDA2CDSROSTW9NLDPXTQ2EIA2OXWUPP2I,5 Oct 2026 12:45:29 GMT,MONDAY,SW2,17,400,DISABLED,15,450,DISABLED
9750738173,alakhuh almutahadiyn,Store Active,Alexandria,Al Iskandar?yah,0,DEX5,"31.19856950572716,29.92632312569823",L6CRBX6NDSSBCDKLWDG4G12LN9WTSORSDA2CDSROSTW9NLDPXTQ2EIA2OXWUPP2I,5 Oct 2026 12:45:29 GMT,TUESDAY,SW1,17,500,ENABLED,15,750,DISABLED
9750738173,alakhuh almutahadiyn,Store Active,Alexandria,Al Iskandar?yah,0,DEX5,"31.19856950572716,29.92632312569823",L6CRBX6NDSSBCDKLWDG4G12LN9WTSORSDA2CDSROSTW9NLDPXTQ2EIA2OXWUPP2I,5 Oct 2026 12:45:29 GMT,TUESDAY,SW2,17,400,DISABLED,15,450,DISABLED
9750738173,alakhuh almutahadiyn,Store Active,Alexandria,Al Iskandar?yah,0,DEX5,"31.19856950572716,29.92632312569823",L6CRBX6NDSSBCDKLWDG4G12LN9WTSORSDA2CDSROSTW9NLDPXTQ2EIA2OXWUPP2I,5 Oct 2026 12:45:29 GMT,WEDNESDAY,SW1,17,500,ENABLED,15,750,DISABLED
9750738173,alakhuh almutahadiyn,Store Active,Alexandria,Al Iskandar?yah,0,DEX5,"31.19856950572716,29.92632312569823",L6CRBX6NDSSBCDKLWDG4G12LN9WTSORSDA2CDSROSTW9NLDPXTQ2EIA2OXWUPP2I,5 Oct 2026 12:45:29 GMT,WEDNESDAY,SW2,17,400,DISABLED,15,450,DISABLED
9750738173,alakhuh almutahadiyn,Store Active,Alexandria,Al Iskandar?yah,0,DEX5,"31.19856950572716,29.92632312569823",L6CRBX6NDSSBCDKLWDG4G12LN9WTSORSDA2CDSROSTW9NLDPXTQ2EIA2OXWUPP2I,5 Oct 2026 12:45:29 GMT,THURSDAY,SW1,17,500,ENABLED,15,750,DISABLED
9750738173,alakhuh almutahadiyn,Store Active,Alexandria,Al Iskandar?yah,0,DEX5,"31.19856950572716,29.92632312569823",L6CRBX6NDSSBCDKLWDG4G12LN9WTSORSDA2CDSROSTW9NLDPXTQ2EIA2OXWUPP2I,5 Oct 2026 12:45:29 GMT,THURSDAY,SW2,17,400,DISABLED,15,450,DISABLED
9750738173,alakhuh almutahadiyn,Store Active,Alexandria,Al Iskandar?yah,0,DEX5,"31.19856950572716,29.92632312569823",L6CRBX6NDSSBCDKLWDG4G12LN9WTSORSDA2CDSROSTW9NLDPXTQ2EIA2OXWUPP2I,5 Oct 2026 12:45:29 GMT,FRIDAY,SW1,17,400,ENABLED,15,2000,DISABLED
9750738173,alakhuh almutahadiyn,Store Active,Alexandria,Al Iskandar?yah,0,DEX5,"31.19856950572716,29.92632312569823",L6CRBX6NDSSBCDKLWDG4G12LN9WTSORSDA2CDSROSTW9NLDPXTQ2EIA2OXWUPP2I,5 Oct 2026 12:45:29 GMT,FRIDAY,SW2,17,400,DISABLED,15,450,DISABLED
9750738173,alakhuh almutahadiyn,Store Active,Alexandria,Al Iskandar?yah,0,DEX5,"31.19856950572716,29.92632312569823",L6CRBX6NDSSBCDKLWDG4G12LN9WTSORSDA2CDSROSTW9NLDPXTQ2EIA2OXWUPP2I,5 Oct 2026 12:45:29 GMT,SATURDAY,SW1,17,500,ENABLED,15,750,DISABLED
9750738173,alakhuh almutahadiyn,Store Active,Alexandria,Al Iskandar?yah,0,DEX5,"31.19856950572716,29.92632312569823",L6CRBX6NDSSBCDKLWDG4G12LN9WTSORSDA2CDSROSTW9NLDPXTQ2EIA2OXWUPP2I,5 Oct 2026 12:45:29 GMT,SATURDAY,SW2,17,400,DISABLED,15,450,DISABLED
9750738173,alakhuh almutahadiyn,Store Active,Alexandria,Al Iskandar?yah,0,DEX5,"31.19856950572716,29.92632312569823",L6CRBX6NDSSBCDKLWDG4G12LN9WTSORSDA2CDSROSTW9NLDPXTQ2EIA2OXWUPP2I,5 Oct 2026 12:45:29 GMT,SUNDAY,SW1,17,500,ENABLED,15,750,DISABLED
9750738173,alakhuh almutahadiyn,Store Active,Alexandria,Al Iskandar?yah,0,DEX5,"31.19856950572716,29.92632312569823",L6CRBX6NDSSBCDKLWDG4G12LN9WTSORSDA2CDSROSTW9NLDPXTQ2EIA2OXWUPP2I,5 Oct 2026 12:45:29 GMT,SUNDAY,SW2,17,400,DISABLED,15,450,DISABLED
1385400645,ORGAERA,Store Inactive,Alexandria,Al Iskandar?yah,0,DEX5,"31.228198925195283,29.950236124959215",JGG6LTD55WEVXT2E3COMG12LN9WTSORSDA2CDSROSTW9NLDPXTQ2EIA2OXQASA2J,NA,MONDAY,SW1,0,425,ENABLED,0,0,DISABLED
1385400645,ORGAERA,Store Inactive,Alexandria,Al Iskandar?yah,0,DEX5,"31.228198925195283,29.950236124959215",JGG6LTD55WEVXT2E3COMG12LN9WTSORSDA2CDSROSTW9NLDPXTQ2EIA2OXQASA2J,NA,MONDAY,SW2,0,425,DISABLED,0,0,DISABLED
1385400645,ORGAERA,Store Inactive,Alexandria,Al Iskandar?yah,0,DEX5,"31.228198925195283,29.950236124959215",JGG6LTD55WEVXT2E3COMG12LN9WTSORSDA2CDSROSTW9NLDPXTQ2EIA2OXQASA2J,NA,TUESDAY,SW1,0,425,ENABLED,0,0,DISABLED
1385400645,ORGAERA,Store Inactive,Alexandria,Al Iskandar?yah,0,DEX5,"31.228198925195283,29.950236124959215",JGG6LTD55WEVXT2E3COMG12LN9WTSORSDA2CDSROSTW9NLDPXTQ2EIA2OXQASA2J,NA,TUESDAY,SW2,0,425,DISABLED,0,0,DISABLED
1385400645,ORGAERA,Store Inactive,Alexandria,Al Iskandar?yah,0,DEX5,"31.228198925195283,29.950236124959215",JGG6LTD55WEVXT2E3COMG12LN9WTSORSDA2CDSROSTW9NLDPXTQ2EIA2OXQASA2J,NA,WEDNESDAY,SW1,0,425,ENABLED,0,0,DISABLED
1385400645,ORGAERA,Store Inactive,Alexandria,Al Iskandar?yah,0,DEX5,"31.228198925195283,29.950236124959215",JGG6LTD55WEVXT2E3COMG12LN9WTSORSDA2CDSROSTW9NLDPXTQ2EIA2OXQASA2J,NA,WEDNESDAY,SW2,0,425,DISABLED,0,0,DISABLED
1385400645,ORGAERA,Store Inactive,Alexandria,Al Iskandar?yah,0,DEX5,"31.228198925195283,29.950236124959215",JGG6LTD55WEVXT2E3COMG12LN9WTSORSDA2CDSROSTW9NLDPXTQ2EIA2OXQASA2J,NA,THURSDAY,SW1,0,425,ENABLED,0,0,DISABLED
1385400645,ORGAERA,Store Inactive,Alexandria,Al Iskandar?yah,0,DEX5,"31.228198925195283,29.950236124959215",JGG6LTD55WEVXT2E3COMG12LN9WTSORSDA2CDSROSTW9NLDPXTQ2EIA2OXQASA2J,NA,THURSDAY,SW2,0,425,DISABLED,0,0,DISABLED
1385400645,ORGAERA,Store Inactive,Alexandria,Al Iskandar?yah,0,DEX5,"31.228198925195283,29.950236124959215",JGG6LTD55WEVXT2E3COMG12LN9WTSORSDA2CDSROSTW9NLDPXTQ2EIA2OXQASA2J,NA,FRIDAY,SW1,0,425,ENABLED,0,0,DISABLED
1385400645,ORGAERA,Store Inactive,Alexandria,Al Iskandar?yah,0,DEX5,"31.228198925195283,29.950236124959215",JGG6LTD55WEVXT2E3COMG12LN9WTSORSDA2CDSROSTW9NLDPXTQ2EIA2OXQASA2J,NA,FRIDAY,SW2,0,425,DISABLED,0,0,DISABLED
1385400645,ORGAERA,Store Inactive,Alexandria,Al Iskandar?yah,0,DEX5,"31.228198925195283,29.950236124959215",JGG6LTD55WEVXT2E3COMG12LN9WTSORSDA2CDSROSTW9NLDPXTQ2EIA2OXQASA2J,NA,SATURDAY,SW1,0,425,ENABLED,0,0,DISABLED
1385400645,ORGAERA,Store Inactive,Alexandria,Al Iskandar?yah,0,DEX5,"31.228198925195283,29.950236124959215",JGG6LTD55WEVXT2E3COMG12LN9WTSORSDA2CDSROSTW9NLDPXTQ2EIA2OXQASA2J,NA,SATURDAY,SW2,0,425,DISABLED,0,0,DISABLED
1385400645,ORGAERA,Store Inactive,Alexandria,Al Iskandar?yah,0,DEX5,"31.228198925195283,29.950236124959215",JGG6LTD55WEVXT2E3COMG12LN9WTSORSDA2CDSROSTW9NLDPXTQ2EIA2OXQASA2J,NA,SUNDAY,SW1,0,425,ENABLED,0,0,DISABLED
1385400645,ORGAERA,Store Inactive,Alexandria,Al Iskandar?yah,0,DEX5,"31.228198925195283,29.950236124959215",JGG6LTD55WEVXT2E3COMG12LN9WTSORSDA2CDSROSTW9NLDPXTQ2EIA2OXQASA2J,NA,SUNDAY,SW2,0,425,DISABLED,0,0,DISABLED
3710022338,mushtal alnasr,Store Inactive,alexandria,Al Iskandar?yah,0,DEX5,"31.225410875477888,29.955111736089805",VQLW2MYG3KSKNMXHONFIG12LN9WTSORSDA2CDSROSTW9NLDPXTQ2EIA2OX6EMP34,NA,MONDAY,SW1,0,425,ENABLED,0,0,DISABLED
3710022338,mushtal alnasr,Store Inactive,alexandria,Al Iskandar?yah,0,DEX5,"31.225410875477888,29.955111736089805",VQLW2MYG3KSKNMXHONFIG12LN9WTSORSDA2CDSROSTW9NLDPXTQ2EIA2OX6EMP34,NA,MONDAY,SW2,0,425,DISABLED,0,0,DISABLED
3710022338,mushtal alnasr,Store Inactive,alexandria,Al Iskandar?yah,0,DEX5,"31.225410875477888,29.955111736089805",VQLW2MYG3KSKNMXHONFIG12LN9WTSORSDA2CDSROSTW9NLDPXTQ2EIA2OX6EMP34,NA,TUESDAY,SW1,0,425,ENABLED,0,0,DISABLED
3710022338,mushtal alnasr,Store Inactive,alexandria,Al Iskandar?yah,0,DEX5,"31.225410875477888,29.955111736089805",VQLW2MYG3KSKNMXHONFIG12LN9WTSORSDA2CDSROSTW9NLDPXTQ2EIA2OX6EMP34,NA,TUESDAY,SW2,0,425,DISABLED,0,0,DISABLED
3710022338,mushtal alnasr,Store Inactive,alexandria,Al Iskandar?yah,0,DEX5,"31.225410875477888,29.955111736089805",VQLW2MYG3KSKNMXHONFIG12LN9WTSORSDA2CDSROSTW9NLDPXTQ2EIA2OX6EMP34,NA,WEDNESDAY,SW1,0,425,ENABLED,0,0,DISABLED
3710022338,mushtal alnasr,Store Inactive,alexandria,Al Iskandar?yah,0,DEX5,"31.225410875477888,29.955111736089805",VQLW2MYG3KSKNMXHONFIG12LN9WTSORSDA2CDSROSTW9NLDPXTQ2EIA2OX6EMP34,NA,WEDNESDAY,SW2,0,425,DISABLED,0,0,DISABLED
3710022338,mushtal alnasr,Store Inactive,alexandria,Al Iskandar?yah,0,DEX5,"31.225410875477888,29.955111736089805",VQLW2MYG3KSKNMXHONFIG12LN9WTSORSDA2CDSROSTW9NLDPXTQ2EIA2OX6EMP34,NA,THURSDAY,SW1,0,425,ENABLED,0,0,DISABLED
3710022338,mushtal alnasr,Store Inactive,alexandria,Al Iskandar?yah,0,DEX5,"31.225410875477888,29.955111736089805",VQLW2MYG3KSKNMXHONFIG12LN9WTSORSDA2CDSROSTW9NLDPXTQ2EIA2OX6EMP34,NA,THURSDAY,SW2,0,425,DISABLED,0,0,DISABLED
3710022338,mushtal alnasr,Store Inactive,alexandria,Al Iskandar?yah,0,DEX5,"31.225410875477888,29.955111736089805",VQLW2MYG3KSKNMXHONFIG12LN9WTSORSDA2CDSROSTW9NLDPXTQ2EIA2OX6EMP34,NA,FRIDAY,SW1,0,425,ENABLED,0,0,DISABLED
3710022338,mushtal alnasr,Store Inactive,alexandria,Al Iskandar?yah,0,DEX5,"31.225410875477888,29.955111736089805",VQLW2MYG3KSKNMXHONFIG12LN9WTSORSDA2CDSROSTW9NLDPXTQ2EIA2OX6EMP34,NA,FRIDAY,SW2,0,425,DISABLED,0,0,DISABLED
3710022338,mushtal alnasr,Store Inactive,alexandria,Al Iskandar?yah,0,DEX5,"31.225410875477888,29.955111736089805",VQLW2MYG3KSKNMXHONFIG12LN9WTSORSDA2CDSROSTW9NLDPXTQ2EIA2OX6EMP34,NA,SATURDAY,SW1,0,425,ENABLED,0,0,DISABLED
3710022338,mushtal alnasr,Store Inactive,alexandria,Al Iskandar?yah,0,DEX5,"31.225410875477888,29.955111736089805",VQLW2MYG3KSKNMXHONFIG12LN9WTSORSDA2CDSROSTW9NLDPXTQ2EIA2OX6EMP34,NA,SATURDAY,SW2,0,425,DISABLED,0,0,DISABLED
3710022338,mushtal alnasr,Store Inactive,alexandria,Al Iskandar?yah,0,DEX5,"31.225410875477888,29.955111736089805",VQLW2MYG3KSKNMXHONFIG12LN9WTSORSDA2CDSROSTW9NLDPXTQ2EIA2OX6EMP34,NA,SUNDAY,SW1,0,425,ENABLED,0,0,DISABLED
3710022338,mushtal alnasr,Store Inactive,alexandria,Al Iskandar?yah,0,DEX5,"31.225410875477888,29.955111736089805",VQLW2MYG3KSKNMXHONFIG12LN9WTSORSDA2CDSROSTW9NLDPXTQ2EIA2OX6EMP34,NA,SUNDAY,SW2,0,425,DISABLED,0,0,DISABLED
9735452235,بازار محمد الزعيم,Store Active,alexandria,Al Iskandar?yah,0,DEX5,"31.241315836611424,29.977764059707205",DX7RATTPSXH4NFQG3GM4G12LN9WTSORSDA2CDSROSTW9NLDPXTQ2EIA2OXOFXRAB,14 Aug 2026 14:00:12 GMT,MONDAY,SW1,54,425,ENABLED,54,425,DISABLED
9735452235,بازار محمد الزعيم,Store Active,alexandria,Al Iskandar?yah,0,DEX5,"31.241315836611424,29.977764059707205",DX7RATTPSXH4NFQG3GM4G12LN9WTSORSDA2CDSROSTW9NLDPXTQ2EIA2OXOFXRAB,14 Aug 2026 14:00:12 GMT,MONDAY,SW2,54,425,DISABLED,54,0,DISABLED
9735452235,بازار محمد الزعيم,Store Active,alexandria,Al Iskandar?yah,0,DEX5,"31.241315836611424,29.977764059707205",DX7RATTPSXH4NFQG3GM4G12LN9WTSORSDA2CDSROSTW9NLDPXTQ2EIA2OXOFXRAB,14 Aug 2026 14:00:12 GMT,TUESDAY,SW1,54,425,ENABLED,54,425,DISABLED
9735452235,بازار محمد الزعيم,Store Active,alexandria,Al Iskandar?yah,0,DEX5,"31.241315836611424,29.977764059707205",DX7RATTPSXH4NFQG3GM4G12LN9WTSORSDA2CDSROSTW9NLDPXTQ2EIA2OXOFXRAB,14 Aug 2026 14:00:12 GMT,TUESDAY,SW2,54,425,DISABLED,54,0,DISABLED
9735452235,بازار محمد الزعيم,Store Active,alexandria,Al Iskandar?yah,0,DEX5,"31.241315836611424,29.977764059707205",DX7RATTPSXH4NFQG3GM4G12LN9WTSORSDA2CDSROSTW9NLDPXTQ2EIA2OXOFXRAB,14 Aug 2026 14:00:12 GMT,WEDNESDAY,SW1,54,425,ENABLED,54,425,DISABLED
9735452235,بازار محمد الزعيم,Store Active,alexandria,Al Iskandar?yah,0,DEX5,"31.241315836611424,29.977764059707205",DX7RATTPSXH4NFQG3GM4G12LN9WTSORSDA2CDSROSTW9NLDPXTQ2EIA2OXOFXRAB,14 Aug 2026 14:00:12 GMT,WEDNESDAY,SW2,54,425,DISABLED,54,0,DISABLED
9735452235,بازار محمد الزعيم,Store Active,alexandria,Al Iskandar?yah,0,DEX5,"31.241315836611424,29.977764059707205",DX7RATTPSXH4NFQG3GM4G12LN9WTSORSDA2CDSROSTW9NLDPXTQ2EIA2OXOFXRAB,14 Aug 2026 14:00:12 GMT,THURSDAY,SW1,54,425,ENABLED,54,425,DISABLED
9735452235,بازار محمد الزعيم,Store Active,alexandria,Al Iskandar?yah,0,DEX5,"31.241315836611424,29.977764059707205",DX7RATTPSXH4NFQG3GM4G12LN9WTSORSDA2CDSROSTW9NLDPXTQ2EIA2OXOFXRAB,14 Aug 2026 14:00:12 GMT,THURSDAY,SW2,54,425,DISABLED,54,0,DISABLED
9735452235,بازار محمد الزعيم,Store Active,alexandria,Al Iskandar?yah,0,DEX5,"31.241315836611424,29.977764059707205",DX7RATTPSXH4NFQG3GM4G12LN9WTSORSDA2CDSROSTW9NLDPXTQ2EIA2OXOFXRAB,14 Aug 2026 14:00:12 GMT,FRIDAY,SW1,54,425,ENABLED,54,425,DISABLED
9735452235,بازار محمد الزعيم,Store Active,alexandria,Al Iskandar?yah,0,DEX5,"31.241315836611424,29.977764059707205",DX7RATTPSXH4NFQG3GM4G12LN9WTSORSDA2CDSROSTW9NLDPXTQ2EIA2OXOFXRAB,14 Aug 2026 14:00:12 GMT,FRIDAY,SW2,54,425,DISABLED,54,0,DISABLED
9735452235,بازار محمد الزعيم,Store Active,alexandria,Al Iskandar?yah,0,DEX5,"31.241315836611424,29.977764059707205",DX7RATTPSXH4NFQG3GM4G12LN9WTSORSDA2CDSROSTW9NLDPXTQ2EIA2OXOFXRAB,14 Aug 2026 14:00:12 GMT,SATURDAY,SW1,54,425,ENABLED,54,425,DISABLED
9735452235,بازار محمد الزعيم,Store Active,alexandria,Al Iskandar?yah,0,DEX5,"31.241315836611424,29.977764059707205",DX7RATTPSXH4NFQG3GM4G12LN9WTSORSDA2CDSROSTW9NLDPXTQ2EIA2OXOFXRAB,14 Aug 2026 14:00:12 GMT,SATURDAY,SW2,54,425,DISABLED,54,0,DISABLED
9735452235,بازار محمد الزعيم,Store Active,alexandria,Al Iskandar?yah,0,DEX5,"31.241315836611424,29.977764059707205",DX7RATTPSXH4NFQG3GM4G12LN9WTSORSDA2CDSROSTW9NLDPXTQ2EIA2OXOFXRAB,14 Aug 2026 14:00:12 GMT,SUNDAY,SW1,54,425,ENABLED,54,425,DISABLED
9735452235,بازار محمد الزعيم,Store Active,alexandria,Al Iskandar?yah,0,DEX5,"31.241315836611424,29.977764059707205",DX7RATTPSXH4NFQG3GM4G12LN9WTSORSDA2CDSROSTW9NLDPXTQ2EIA2OXOFXRAB,14 Aug 2026 14:00:12 GMT,SUNDAY,SW2,54,425,DISABLED,54,0,DISABLED
8437053544,بازار الدخاخني 2,Store Active,الإسكندرية,Al Iskandar?yah,0,DEX5,"31.23717072933729,29.957804967467347",OI6WIJMWNVFBAJVF2XNYG12LN9WTSORSDA2CDSROSTW9NLDPXTQ2EIA2OXXVTQWI,17 Sep 2024 06:03:02 GMT,MONDAY,SW1,50,425,ENABLED,50,425,DISABLED
8437053544,بازار الدخاخني 2,Store Active,الإسكندرية,Al Iskandar?yah,0,DEX5,"31.23717072933729,29.957804967467347",OI6WIJMWNVFBAJVF2XNYG12LN9WTSORSDA2CDSROSTW9NLDPXTQ2EIA2OXXVTQWI,17 Sep 2024 06:03:02 GMT,MONDAY,SW2,50,425,DISABLED,50,0,DISABLED
8437053544,بازار الدخاخني 2,Store Active,الإسكندرية,Al Iskandar?yah,0,DEX5,"31.23717072933729,29.957804967467347",OI6WIJMWNVFBAJVF2XNYG12LN9WTSORSDA2CDSROSTW9NLDPXTQ2EIA2OXXVTQWI,17 Sep 2024 06:03:02 GMT,TUESDAY,SW1,50,425,ENABLED,50,425,DISABLED
8437053544,بازار الدخاخني 2,Store Active,الإسكندرية,Al Iskandar?yah,0,DEX5,"31.23717072933729,29.957804967467347",OI6WIJMWNVFBAJVF2XNYG12LN9WTSORSDA2CDSROSTW9NLDPXTQ2EIA2OXXVTQWI,17 Sep 2024 06:03:02 GMT,TUESDAY,SW2,50,425,DISABLED,50,0,DISABLED
8437053544,بازار الدخاخني 2,Store Active,الإسكندرية,Al Iskandar?yah,0,DEX5,"31.23717072933729,29.957804967467347",OI6WIJMWNVFBAJVF2XNYG12LN9WTSORSDA2CDSROSTW9NLDPXTQ2EIA2OXXVTQWI,17 Sep 2024 06:03:02 GMT,WEDNESDAY,SW1,50,425,ENABLED,50,425,DISABLED
8437053544,بازار الدخاخني 2,Store Active,الإسكندرية,Al Iskandar?yah,0,DEX5,"31.23717072933729,29.957804967467347",OI6WIJMWNVFBAJVF2XNYG12LN9WTSORSDA2CDSROSTW9NLDPXTQ2EIA2OXXVTQWI,17 Sep 2024 06:03:02 GMT,WEDNESDAY,SW2,50,425,DISABLED,50,0,DISABLED
8437053544,بازار الدخاخني 2,Store Active,الإسكندرية,Al Iskandar?yah,0,DEX5,"31.23717072933729,29.957804967467347",OI6WIJMWNVFBAJVF2XNYG12LN9WTSORSDA2CDSROSTW9NLDPXTQ2EIA2OXXVTQWI,17 Sep 2024 06:03:02 GMT,THURSDAY,SW1,50,425,ENABLED,50,425,DISABLED
8437053544,بازار الدخاخني 2,Store Active,الإسكندرية,Al Iskandar?yah,0,DEX5,"31.23717072933729,29.957804967467347",OI6WIJMWNVFBAJVF2XNYG12LN9WTSORSDA2CDSROSTW9NLDPXTQ2EIA2OXXVTQWI,17 Sep 2024 06:03:02 GMT,THURSDAY,SW2,50,425,DISABLED,50,0,DISABLED
8437053544,بازار الدخاخني 2,Store Active,الإسكندرية,Al Iskandar?yah,0,DEX5,"31.23717072933729,29.957804967467347",OI6WIJMWNVFBAJVF2XNYG12LN9WTSORSDA2CDSROSTW9NLDPXTQ2EIA2OXXVTQWI,17 Sep 2024 06:03:02 GMT,FRIDAY,SW1,50,425,ENABLED,50,425,DISABLED
8437053544,بازار الدخاخني 2,Store Active,الإسكندرية,Al Iskandar?yah,0,DEX5,"31.23717072933729,29.957804967467347",OI6WIJMWNVFBAJVF2XNYG12LN9WTSORSDA2CDSROSTW9NLDPXTQ2EIA2OXXVTQWI,17 Sep 2024 06:03:02 GMT,FRIDAY,SW2,50,425,DISABLED,50,0,DISABLED
8437053544,بازار الدخاخني 2,Store Active,الإسكندرية,Al Iskandar?yah,0,DEX5,"31.23717072933729,29.957804967467347",OI6WIJMWNVFBAJVF2XNYG12LN9WTSORSDA2CDSROSTW9NLDPXTQ2EIA2OXXVTQWI,17 Sep 2024 06:03:02 GMT,SATURDAY,SW1,50,425,ENABLED,50,425,DISABLED
8437053544,بازار الدخاخني 2,Store Active,الإسكندرية,Al Iskandar?yah,0,DEX5,"31.23717072933729,29.957804967467347",OI6WIJMWNVFBAJVF2XNYG12LN9WTSORSDA2CDSROSTW9NLDPXTQ2EIA2OXXVTQWI,17 Sep 2024 06:03:02 GMT,SATURDAY,SW2,50,425,DISABLED,50,0,DISABLED
8437053544,بازار الدخاخني 2,Store Active,الإسكندرية,Al Iskandar?yah,0,DEX5,"31.23717072933729,29.957804967467347",OI6WIJMWNVFBAJVF2XNYG12LN9WTSORSDA2CDSROSTW9NLDPXTQ2EIA2OXXVTQWI,17 Sep 2024 06:03:02 GMT,SUNDAY,SW1,50,425,ENABLED,50,425,DISABLED
8437053544,بازار الدخاخني 2,Store Active,الإسكندرية,Al Iskandar?yah,0,DEX5,"31.23717072933729,29.957804967467347",OI6WIJMWNVFBAJVF2XNYG12LN9WTSORSDA2CDSROSTW9NLDPXTQ2EIA2OXXVTQWI,17 Sep 2024 06:03:02 GMT,SUNDAY,SW2,50,425,DISABLED,50,0,DISABLED
7567541152,Engineering for Electrical Works,Store Active,Alexandria,Al Iskandar?yah,0,DEX5,"31.23176,29.962038",UZ6F3SGDY5MRF2CGN37IG12LN9WTSORSDA2CDSROSTW9NLDPXTQ2EIA2OX74BW6N,27 Jul 2025 16:29:21 GMT,MONDAY,SW1,60,375,ENABLED,50,380,DISABLED
7567541152,Engineering for Electrical Works,Store Active,Alexandria,Al Iskandar?yah,0,DEX5,"31.23176,29.962038",UZ6F3SGDY5MRF2CGN37IG12LN9WTSORSDA2CDSROSTW9NLDPXTQ2EIA2OX74BW6N,27 Jul 2025 16:29:21 GMT,MONDAY,SW2,60,375,DISABLED,50,380,DISABLED
7567541152,Engineering for Electrical Works,Store Active,Alexandria,Al Iskandar?yah,0,DEX5,"31.23176,29.962038",UZ6F3SGDY5MRF2CGN37IG12LN9WTSORSDA2CDSROSTW9NLDPXTQ2EIA2OX74BW6N,27 Jul 2025 16:29:21 GMT,TUESDAY,SW1,60,375,ENABLED,50,380,DISABLED
7567541152,Engineering for Electrical Works,Store Active,Alexandria,Al Iskandar?yah,0,DEX5,"31.23176,29.962038",UZ6F3SGDY5MRF2CGN37IG12LN9WTSORSDA2CDSROSTW9NLDPXTQ2EIA2OX74BW6N,27 Jul 2025 16:29:21 GMT,TUESDAY,SW2,60,375,DISABLED,50,380,DISABLED
7567541152,Engineering for Electrical Works,Store Active,Alexandria,Al Iskandar?yah,0,DEX5,"31.23176,29.962038",UZ6F3SGDY5MRF2CGN37IG12LN9WTSORSDA2CDSROSTW9NLDPXTQ2EIA2OX74BW6N,27 Jul 2025 16:29:21 GMT,WEDNESDAY,SW1,60,375,ENABLED,50,380,DISABLED
7567541152,Engineering for Electrical Works,Store Active,Alexandria,Al Iskandar?yah,0,DEX5,"31.23176,29.962038",UZ6F3SGDY5MRF2CGN37IG12LN9WTSORSDA2CDSROSTW9NLDPXTQ2EIA2OX74BW6N,27 Jul 2025 16:29:21 GMT,WEDNESDAY,SW2,60,375,DISABLED,50,380,DISABLED
7567541152,Engineering for Electrical Works,Store Active,Alexandria,Al Iskandar?yah,0,DEX5,"31.23176,29.962038",UZ6F3SGDY5MRF2CGN37IG12LN9WTSORSDA2CDSROSTW9NLDPXTQ2EIA2OX74BW6N,27 Jul 2025 16:29:21 GMT,THURSDAY,SW1,60,375,ENABLED,50,380,DISABLED
7567541152,Engineering for Electrical Works,Store Active,Alexandria,Al Iskandar?yah,0,DEX5,"31.23176,29.962038",UZ6F3SGDY5MRF2CGN37IG12LN9WTSORSDA2CDSROSTW9NLDPXTQ2EIA2OX74BW6N,27 Jul 2025 16:29:21 GMT,THURSDAY,SW2,60,375,DISABLED,50,380,DISABLED
7567541152,Engineering for Electrical Works,Store Active,Alexandria,Al Iskandar?yah,0,DEX5,"31.23176,29.962038",UZ6F3SGDY5MRF2CGN37IG12LN9WTSORSDA2CDSROSTW9NLDPXTQ2EIA2OX74BW6N,27 Jul 2025 16:29:21 GMT,FRIDAY,SW1,60,375,ENABLED,50,380,DISABLED
7567541152,Engineering for Electrical Works,Store Active,Alexandria,Al Iskandar?yah,0,DEX5,"31.23176,29.962038",UZ6F3SGDY5MRF2CGN37IG12LN9WTSORSDA2CDSROSTW9NLDPXTQ2EIA2OX74BW6N,27 Jul 2025 16:29:21 GMT,FRIDAY,SW2,60,375,DISABLED,50,380,DISABLED
7567541152,Engineering for Electrical Works,Store Active,Alexandria,Al Iskandar?yah,0,DEX5,"31.23176,29.962038",UZ6F3SGDY5MRF2CGN37IG12LN9WTSORSDA2CDSROSTW9NLDPXTQ2EIA2OX74BW6N,27 Jul 2025 16:29:21 GMT,SATURDAY,SW1,60,375,ENABLED,50,380,DISABLED
7567541152,Engineering for Electrical Works,Store Active,Alexandria,Al Iskandar?yah,0,DEX5,"31.23176,29.962038",UZ6F3SGDY5MRF2CGN37IG12LN9WTSORSDA2CDSROSTW9NLDPXTQ2EIA2OX74BW6N,27 Jul 2025 16:29:21 GMT,SATURDAY,SW2,60,375,DISABLED,50,380,DISABLED
7567541152,Engineering for Electrical Works,Store Active,Alexandria,Al Iskandar?yah,0,DEX5,"31.23176,29.962038",UZ6F3SGDY5MRF2CGN37IG12LN9WTSORSDA2CDSROSTW9NLDPXTQ2EIA2OX74BW6N,27 Jul 2025 16:29:21 GMT,SUNDAY,SW1,60,375,ENABLED,50,380,DISABLED
7567541152,Engineering for Electrical Works,Store Active,Alexandria,Al Iskandar?yah,0,DEX5,"31.23176,29.962038",UZ6F3SGDY5MRF2CGN37IG12LN9WTSORSDA2CDSROSTW9NLDPXTQ2EIA2OX74BW6N,27 Jul 2025 16:29:21 GMT,SUNDAY,SW2,60,375,DISABLED,50,380,DISABLED
9839600952,MARKET ABO TALEB,Store Inactive,Alexandria,Al Iskandar?yah,0,DEX5,"31.24472148341618,29.975529109664514",C446NFIZARMLJERAANLIG12LN9WTSORSDA2CDSROSTW9NLDPXTQ2EQA2OX2WYD26,NA,MONDAY,SW1,0,425,ENABLED,0,0,DISABLED
9839600952,MARKET ABO TALEB,Store Inactive,Alexandria,Al Iskandar?yah,0,DEX5,"31.24472148341618,29.975529109664514",C446NFIZARMLJERAANLIG12LN9WTSORSDA2CDSROSTW9NLDPXTQ2EQA2OX2WYD26,NA,MONDAY,SW2,0,425,DISABLED,0,0,DISABLED
9839600952,MARKET ABO TALEB,Store Inactive,Alexandria,Al Iskandar?yah,0,DEX5,"31.24472148341618,29.975529109664514",C446NFIZARMLJERAANLIG12LN9WTSORSDA2CDSROSTW9NLDPXTQ2EQA2OX2WYD26,NA,TUESDAY,SW1,0,425,ENABLED,0,0,DISABLED
9839600952,MARKET ABO TALEB,Store Inactive,Alexandria,Al Iskandar?yah,0,DEX5,"31.24472148341618,29.975529109664514",C446NFIZARMLJERAANLIG12LN9WTSORSDA2CDSROSTW9NLDPXTQ2EQA2OX2WYD26,NA,TUESDAY,SW2,0,425,DISABLED,0,0,DISABLED
9839600952,MARKET ABO TALEB,Store Inactive,Alexandria,Al Iskandar?yah,0,DEX5,"31.24472148341618,29.975529109664514",C446NFIZARMLJERAANLIG12LN9WTSORSDA2CDSROSTW9NLDPXTQ2EQA2OX2WYD26,NA,WEDNESDAY,SW1,0,425,ENABLED,0,0,DISABLED
9839600952,MARKET ABO TALEB,Store Inactive,Alexandria,Al Iskandar?yah,0,DEX5,"31.24472148341618,29.975529109664514",C446NFIZARMLJERAANLIG12LN9WTSORSDA2CDSROSTW9NLDPXTQ2EQA2OX2WYD26,NA,WEDNESDAY,SW2,0,425,DISABLED,0,0,DISABLED
9839600952,MARKET ABO TALEB,Store Inactive,Alexandria,Al Iskandar?yah,0,DEX5,"31.24472148341618,29.975529109664514",C446NFIZARMLJERAANLIG12LN9WTSORSDA2CDSROSTW9NLDPXTQ2EQA2OX2WYD26,NA,THURSDAY,SW1,0,425,ENABLED,0,0,DISABLED
9839600952,MARKET ABO TALEB,Store Inactive,Alexandria,Al Iskandar?yah,0,DEX5,"31.24472148341618,29.975529109664514",C446NFIZARMLJERAANLIG12LN9WTSORSDA2CDSROSTW9NLDPXTQ2EQA2OX2WYD26,NA,THURSDAY,SW2,0,425,DISABLED,0,0,DISABLED
9839600952,MARKET ABO TALEB,Store Inactive,Alexandria,Al Iskandar?yah,0,DEX5,"31.24472148341618,29.975529109664514",C446NFIZARMLJERAANLIG12LN9WTSORSDA2CDSROSTW9NLDPXTQ2EQA2OX2WYD26,NA,FRIDAY,SW1,0,425,ENABLED,0,0,DISABLED
9839600952,MARKET ABO TALEB,Store Inactive,Alexandria,Al Iskandar?yah,0,DEX5,"31.24472148341618,29.975529109664514",C446NFIZARMLJERAANLIG12LN9WTSORSDA2CDSROSTW9NLDPXTQ2EQA2OX2WYD26,NA,FRIDAY,SW2,0,425,DISABLED,0,0,DISABLED
9839600952,MARKET ABO TALEB,Store Inactive,Alexandria,Al Iskandar?yah,0,DEX5,"31.24472148341618,29.975529109664514",C446NFIZARMLJERAANLIG12LN9WTSORSDA2CDSROSTW9NLDPXTQ2EQA2OX2WYD26,NA,SATURDAY,SW1,0,425,ENABLED,0,0,DISABLED
9839600952,MARKET ABO TALEB,Store Inactive,Alexandria,Al Iskandar?yah,0,DEX5,"31.24472148341618,29.975529109664514",C446NFIZARMLJERAANLIG12LN9WTSORSDA2CDSROSTW9NLDPXTQ2EQA2OX2WYD26,NA,SATURDAY,SW2,0,425,DISABLED,0,0,DISABLED
9839600952,MARKET ABO TALEB,Store Inactive,Alexandria,Al Iskandar?yah,0,DEX5,"31.24472148341618,29.975529109664514",C446NFIZARMLJERAANLIG12LN9WTSORSDA2CDSROSTW9NLDPXTQ2EQA2OX2WYD26,NA,SUNDAY,SW1,0,425,ENABLED,0,0,DISABLED
9839600952,MARKET ABO TALEB,Store Inactive,Alexandria,Al Iskandar?yah,0,DEX5,"31.24472148341618,29.975529109664514",C446NFIZARMLJERAANLIG12LN9WTSORSDA2CDSROSTW9NLDPXTQ2EQA2OX2WYD26,NA,SUNDAY,SW2,0,425,DISABLED,0,0,DISABLED
5105389640,Bashir vegetables,Store Active,Alexandria,Al Iskandar?yah,0,DEX5,"31.21716795,29.94428864",NIOWRAUVUIUQFFLTZGNEG12LN9WTSORSDA2CDSROSTW9NLDPXTQ2EIA2OXM46IXJ,18 Nov 2024 13:08:58 GMT,MONDAY,SW1,80,375,ENABLED,60,400,DISABLED
5105389640,Bashir vegetables,Store Active,Alexandria,Al Iskandar?yah,0,DEX5,"31.21716795,29.94428864",NIOWRAUVUIUQFFLTZGNEG12LN9WTSORSDA2CDSROSTW9NLDPXTQ2EIA2OXM46IXJ,18 Nov 2024 13:08:58 GMT,MONDAY,SW2,50,425,DISABLED,50,425,DISABLED
5105389640,Bashir vegetables,Store Active,Alexandria,Al Iskandar?yah,0,DEX5,"31.21716795,29.94428864",NIOWRAUVUIUQFFLTZGNEG12LN9WTSORSDA2CDSROSTW9NLDPXTQ2EIA2OXM46IXJ,18 Nov 2024 13:08:58 GMT,TUESDAY,SW1,80,375,ENABLED,60,400,DISABLED
5105389640,Bashir vegetables,Store Active,Alexandria,Al Iskandar?yah,0,DEX5,"31.21716795,29.94428864",NIOWRAUVUIUQFFLTZGNEG12LN9WTSORSDA2CDSROSTW9NLDPXTQ2EIA2OXM46IXJ,18 Nov 2024 13:08:58 GMT,TUESDAY,SW2,50,425,DISABLED,50,425,DISABLED
5105389640,Bashir vegetables,Store Active,Alexandria,Al Iskandar?yah,0,DEX5,"31.21716795,29.94428864",NIOWRAUVUIUQFFLTZGNEG12LN9WTSORSDA2CDSROSTW9NLDPXTQ2EIA2OXM46IXJ,18 Nov 2024 13:08:58 GMT,WEDNESDAY,SW1,80,375,ENABLED,60,400,DISABLED
5105389640,Bashir vegetables,Store Active,Alexandria,Al Iskandar?yah,0,DEX5,"31.21716795,29.94428864",NIOWRAUVUIUQFFLTZGNEG12LN9WTSORSDA2CDSROSTW9NLDPXTQ2EIA2OXM46IXJ,18 Nov 2024 13:08:58 GMT,WEDNESDAY,SW2,50,425,DISABLED,50,425,DISABLED
5105389640,Bashir vegetables,Store Active,Alexandria,Al Iskandar?yah,0,DEX5,"31.21716795,29.94428864",NIOWRAUVUIUQFFLTZGNEG12LN9WTSORSDA2CDSROSTW9NLDPXTQ2EIA2OXM46IXJ,18 Nov 2024 13:08:58 GMT,THURSDAY,SW1,80,375,ENABLED,60,400,DISABLED
5105389640,Bashir vegetables,Store Active,Alexandria,Al Iskandar?yah,0,DEX5,"31.21716795,29.94428864",NIOWRAUVUIUQFFLTZGNEG12LN9WTSORSDA2CDSROSTW9NLDPXTQ2EIA2OXM46IXJ,18 Nov 2024 13:08:58 GMT,THURSDAY,SW2,50,425,DISABLED,50,425,DISABLED
5105389640,Bashir vegetables,Store Active,Alexandria,Al Iskandar?yah,0,DEX5,"31.21716795,29.94428864",NIOWRAUVUIUQFFLTZGNEG12LN9WTSORSDA2CDSROSTW9NLDPXTQ2EIA2OXM46IXJ,18 Nov 2024 13:08:58 GMT,FRIDAY,SW1,80,375,ENABLED,60,400,DISABLED
5105389640,Bashir vegetables,Store Active,Alexandria,Al Iskandar?yah,0,DEX5,"31.21716795,29.94428864",NIOWRAUVUIUQFFLTZGNEG12LN9WTSORSDA2CDSROSTW9NLDPXTQ2EIA2OXM46IXJ,18 Nov 2024 13:08:58 GMT,FRIDAY,SW2,50,425,DISABLED,50,425,DISABLED
5105389640,Bashir vegetables,Store Active,Alexandria,Al Iskandar?yah,0,DEX5,"31.21716795,29.94428864",NIOWRAUVUIUQFFLTZGNEG12LN9WTSORSDA2CDSROSTW9NLDPXTQ2EIA2OXM46IXJ,18 Nov 2024 13:08:58 GMT,SATURDAY,SW1,80,375,ENABLED,60,400,DISABLED
5105389640,Bashir vegetables,Store Active,Alexandria,Al Iskandar?yah,0,DEX5,"31.21716795,29.94428864",NIOWRAUVUIUQFFLTZGNEG12LN9WTSORSDA2CDSROSTW9NLDPXTQ2EIA2OXM46IXJ,18 Nov 2024 13:08:58 GMT,SATURDAY,SW2,50,425,DISABLED,50,425,DISABLED
5105389640,Bashir vegetables,Store Active,Alexandria,Al Iskandar?yah,0,DEX5,"31.21716795,29.94428864",NIOWRAUVUIUQFFLTZGNEG12LN9WTSORSDA2CDSROSTW9NLDPXTQ2EIA2OXM46IXJ,18 Nov 2024 13:08:58 GMT,SUNDAY,SW1,80,375,ENABLED,60,400,DISABLED
5105389640,Bashir vegetables,Store Active,Alexandria,Al Iskandar?yah,0,DEX5,"31.21716795,29.94428864",NIOWRAUVUIUQFFLTZGNEG12LN9WTSORSDA2CDSROSTW9NLDPXTQ2EIA2OXM46IXJ,18 Nov 2024 13:08:58 GMT,SUNDAY,SW2,50,425,DISABLED,50,425,DISABLED
4718866738,مكتبة الوسام,Store Active,Alexandria,Al Iskandar?yah,0,DEX5,"31.212258207628583,29.944514338500706",GTZHSRLFBSKRGVPIUUMQG12LN9WTSORSDA2CDSROSTW9NLDPXTQ2EIA2OX2WCCN7,16 Jul 2025 10:33:12 GMT,MONDAY,SW1,30,425,ENABLED,30,425,DISABLED
4718866738,مكتبة الوسام,Store Active,Alexandria,Al Iskandar?yah,0,DEX5,"31.212258207628583,29.944514338500706",GTZHSRLFBSKRGVPIUUMQG12LN9WTSORSDA2CDSROSTW9NLDPXTQ2EIA2OX2WCCN7,16 Jul 2025 10:33:12 GMT,MONDAY,SW2,30,425,DISABLED,30,0,DISABLED
4718866738,مكتبة الوسام,Store Active,Alexandria,Al Iskandar?yah,0,DEX5,"31.212258207628583,29.944514338500706",GTZHSRLFBSKRGVPIUUMQG12LN9WTSORSDA2CDSROSTW9NLDPXTQ2EIA2OX2WCCN7,16 Jul 2025 10:33:12 GMT,TUESDAY,SW1,30,425,ENABLED,30,425,DISABLED
4718866738,مكتبة الوسام,Store Active,Alexandria,Al Iskandar?yah,0,DEX5,"31.212258207628583,29.944514338500706",GTZHSRLFBSKRGVPIUUMQG12LN9WTSORSDA2CDSROSTW9NLDPXTQ2EIA2OX2WCCN7,16 Jul 2025 10:33:12 GMT,TUESDAY,SW2,30,425,DISABLED,30,0,DISABLED
4718866738,مكتبة الوسام,Store Active,Alexandria,Al Iskandar?yah,0,DEX5,"31.212258207628583,29.944514338500706",GTZHSRLFBSKRGVPIUUMQG12LN9WTSORSDA2CDSROSTW9NLDPXTQ2EIA2OX2WCCN7,16 Jul 2025 10:33:12 GMT,WEDNESDAY,SW1,30,425,ENABLED,30,425,DISABLED
4718866738,مكتبة الوسام,Store Active,Alexandria,Al Iskandar?yah,0,DEX5,"31.212258207628583,29.944514338500706",GTZHSRLFBSKRGVPIUUMQG12LN9WTSORSDA2CDSROSTW9NLDPXTQ2EIA2OX2WCCN7,16 Jul 2025 10:33:12 GMT,WEDNESDAY,SW2,30,425,DISABLED,30,0,DISABLED
4718866738,مكتبة الوسام,Store Active,Alexandria,Al Iskandar?yah,0,DEX5,"31.212258207628583,29.944514338500706",GTZHSRLFBSKRGVPIUUMQG12LN9WTSORSDA2CDSROSTW9NLDPXTQ2EIA2OX2WCCN7,16 Jul 2025 10:33:12 GMT,THURSDAY,SW1,30,425,ENABLED,30,425,DISABLED
4718866738,مكتبة الوسام,Store Active,Alexandria,Al Iskandar?yah,0,DEX5,"31.212258207628583,29.944514338500706",GTZHSRLFBSKRGVPIUUMQG12LN9WTSORSDA2CDSROSTW9NLDPXTQ2EIA2OX2WCCN7,16 Jul 2025 10:33:12 GMT,THURSDAY,SW2,30,425,DISABLED,30,0,DISABLED
4718866738,مكتبة الوسام,Store Active,Alexandria,Al Iskandar?yah,0,DEX5,"31.212258207628583,29.944514338500706",GTZHSRLFBSKRGVPIUUMQG12LN9WTSORSDA2CDSROSTW9NLDPXTQ2EIA2OX2WCCN7,16 Jul 2025 10:33:12 GMT,FRIDAY,SW1,30,425,ENABLED,30,425,DISABLED
4718866738,مكتبة الوسام,Store Active,Alexandria,Al Iskandar?yah,0,DEX5,"31.212258207628583,29.944514338500706",GTZHSRLFBSKRGVPIUUMQG12LN9WTSORSDA2CDSROSTW9NLDPXTQ2EIA2OX2WCCN7,16 Jul 2025 10:33:12 GMT,FRIDAY,SW2,30,425,DISABLED,30,0,DISABLED
4718866738,مكتبة الوسام,Store Active,Alexandria,Al Iskandar?yah,0,DEX5,"31.212258207628583,29.944514338500706",GTZHSRLFBSKRGVPIUUMQG12LN9WTSORSDA2CDSROSTW9NLDPXTQ2EIA2OX2WCCN7,16 Jul 2025 10:33:12 GMT,SATURDAY,SW1,30,425,ENABLED,30,425,DISABLED
4718866738,مكتبة الوسام,Store Active,Alexandria,Al Iskandar?yah,0,DEX5,"31.212258207628583,29.944514338500706",GTZHSRLFBSKRGVPIUUMQG12LN9WTSORSDA2CDSROSTW9NLDPXTQ2EIA2OX2WCCN7,16 Jul 2025 10:33:12 GMT,SATURDAY,SW2,30,425,DISABLED,30,0,DISABLED
4718866738,مكتبة الوسام,Store Active,Alexandria,Al Iskandar?yah,0,DEX5,"31.212258207628583,29.944514338500706",GTZHSRLFBSKRGVPIUUMQG12LN9WTSORSDA2CDSROSTW9NLDPXTQ2EIA2OX2WCCN7,16 Jul 2025 10:33:12 GMT,SUNDAY,SW1,30,425,ENABLED,30,425,DISABLED
4718866738,مكتبة الوسام,Store Active,Alexandria,Al Iskandar?yah,0,DEX5,"31.212258207628583,29.944514338500706",GTZHSRLFBSKRGVPIUUMQG12LN9WTSORSDA2CDSROSTW9NLDPXTQ2EIA2OX2WCCN7,16 Jul 2025 10:33:12 GMT,SUNDAY,SW2,30,425,DISABLED,30,0,DISABLED
3494052535,على العجلاتى,Store Active,alexandria,Al Iskandar?yah,0,DEX5,"31.2408617856691,29.993223999999998",TBKSLJ447NZGA224UAAMG12LN9WTSORSDA2CDSROSTW9NLDPXTQ2EIA2OXRE3Z3K,29 Apr 2026 13:51:24 GMT,MONDAY,SW1,40,425,ENABLED,20,425,DISABLED
3494052535,على العجلاتى,Store Active,alexandria,Al Iskandar?yah,0,DEX5,"31.2408617856691,29.993223999999998",TBKSLJ447NZGA224UAAMG12LN9WTSORSDA2CDSROSTW9NLDPXTQ2EIA2OXRE3Z3K,29 Apr 2026 13:51:24 GMT,MONDAY,SW2,20,425,DISABLED,20,425,DISABLED
3494052535,على العجلاتى,Store Active,alexandria,Al Iskandar?yah,0,DEX5,"31.2408617856691,29.993223999999998",TBKSLJ447NZGA224UAAMG12LN9WTSORSDA2CDSROSTW9NLDPXTQ2EIA2OXRE3Z3K,29 Apr 2026 13:51:24 GMT,TUESDAY,SW1,40,425,ENABLED,20,425,DISABLED
3494052535,على العجلاتى,Store Active,alexandria,Al Iskandar?yah,0,DEX5,"31.2408617856691,29.993223999999998",TBKSLJ447NZGA224UAAMG12LN9WTSORSDA2CDSROSTW9NLDPXTQ2EIA2OXRE3Z3K,29 Apr 2026 13:51:24 GMT,TUESDAY,SW2,20,425,DISABLED,20,425,DISABLED
3494052535,على العجلاتى,Store Active,alexandria,Al Iskandar?yah,0,DEX5,"31.2408617856691,29.993223999999998",TBKSLJ447NZGA224UAAMG12LN9WTSORSDA2CDSROSTW9NLDPXTQ2EIA2OXRE3Z3K,29 Apr 2026 13:51:24 GMT,WEDNESDAY,SW1,40,425,ENABLED,20,425,DISABLED
3494052535,على العجلاتى,Store Active,alexandria,Al Iskandar?yah,0,DEX5,"31.2408617856691,29.993223999999998",TBKSLJ447NZGA224UAAMG12LN9WTSORSDA2CDSROSTW9NLDPXTQ2EIA2OXRE3Z3K,29 Apr 2026 13:51:24 GMT,WEDNESDAY,SW2,20,425,DISABLED,20,425,DISABLED
3494052535,على العجلاتى,Store Active,alexandria,Al Iskandar?yah,0,DEX5,"31.2408617856691,29.993223999999998",TBKSLJ447NZGA224UAAMG12LN9WTSORSDA2CDSROSTW9NLDPXTQ2EIA2OXRE3Z3K,29 Apr 2026 13:51:24 GMT,THURSDAY,SW1,40,425,ENABLED,20,425,DISABLED
3494052535,على العجلاتى,Store Active,alexandria,Al Iskandar?yah,0,DEX5,"31.2408617856691,29.993223999999998",TBKSLJ447NZGA224UAAMG12LN9WTSORSDA2CDSROSTW9NLDPXTQ2EIA2OXRE3Z3K,29 Apr 2026 13:51:24 GMT,THURSDAY,SW2,20,425,DISABLED,20,425,DISABLED
3494052535,على العجلاتى,Store Active,alexandria,Al Iskandar?yah,0,DEX5,"31.2408617856691,29.993223999999998",TBKSLJ447NZGA224UAAMG12LN9WTSORSDA2CDSROSTW9NLDPXTQ2EIA2OXRE3Z3K,29 Apr 2026 13:51:24 GMT,FRIDAY,SW1,40,425,ENABLED,20,425,DISABLED
3494052535,على العجلاتى,Store Active,alexandria,Al Iskandar?yah,0,DEX5,"31.2408617856691,29.993223999999998",TBKSLJ447NZGA224UAAMG12LN9WTSORSDA2CDSROSTW9NLDPXTQ2EIA2OXRE3Z3K,29 Apr 2026 13:51:24 GMT,FRIDAY,SW2,20,425,DISABLED,20,425,DISABLED
3494052535,على العجلاتى,Store Active,alexandria,Al Iskandar?yah,0,DEX5,"31.2408617856691,29.993223999999998",TBKSLJ447NZGA224UAAMG12LN9WTSORSDA2CDSROSTW9NLDPXTQ2EIA2OXRE3Z3K,29 Apr 2026 13:51:24 GMT,SATURDAY,SW1,40,425,ENABLED,20,425,DISABLED
3494052535,على العجلاتى,Store Active,alexandria,Al Iskandar?yah,0,DEX5,"31.2408617856691,29.993223999999998",TBKSLJ447NZGA224UAAMG12LN9WTSORSDA2CDSROSTW9NLDPXTQ2EIA2OXRE3Z3K,29 Apr 2026 13:51:24 GMT,SATURDAY,SW2,20,425,DISABLED,20,425,DISABLED
3494052535,على العجلاتى,Store Active,alexandria,Al Iskandar?yah,0,DEX5,"31.2408617856691,29.993223999999998",TBKSLJ447NZGA224UAAMG12LN9WTSORSDA2CDSROSTW9NLDPXTQ2EIA2OXRE3Z3K,29 Apr 2026 13:51:24 GMT,SUNDAY,SW1,40,425,ENABLED,20,425,DISABLED
3494052535,على العجلاتى,Store Active,alexandria,Al Iskandar?yah,0,DEX5,"31.2408617856691,29.993223999999998",TBKSLJ447NZGA224UAAMG12LN9WTSORSDA2CDSROSTW9NLDPXTQ2EIA2OXRE3Z3K,29 Apr 2026 13:51:24 GMT,SUNDAY,SW2,20,425,DISABLED,20,425,DISABLED
8320226745,الديري2,Store Active,الاسكندريه,Al Iskandar?yah,0,DEX5,"31.2421445394339,29.964490911560322",C57AJCOPGJBMAMDX2JJIG12LN9WTSORSDA2CDSROSTW9NLDPXTQ2EIA2OX43QUBJ,9 Jul 2024 13:05:55 GMT,MONDAY,SW1,50,425,ENABLED,50,425,DISABLED
8320226745,الديري2,Store Active,الاسكندريه,Al Iskandar?yah,0,DEX5,"31.2421445394339,29.964490911560322",C57AJCOPGJBMAMDX2JJIG12LN9WTSORSDA2CDSROSTW9NLDPXTQ2EIA2OX43QUBJ,9 Jul 2024 13:05:55 GMT,MONDAY,SW2,50,425,DISABLED,50,0,DISABLED
8320226745,الديري2,Store Active,الاسكندريه,Al Iskandar?yah,0,DEX5,"31.2421445394339,29.964490911560322",C57AJCOPGJBMAMDX2JJIG12LN9WTSORSDA2CDSROSTW9NLDPXTQ2EIA2OX43QUBJ,9 Jul 2024 13:05:55 GMT,TUESDAY,SW1,50,425,ENABLED,50,425,DISABLED
8320226745,الديري2,Store Active,الاسكندريه,Al Iskandar?yah,0,DEX5,"31.2421445394339,29.964490911560322",C57AJCOPGJBMAMDX2JJIG12LN9WTSORSDA2CDSROSTW9NLDPXTQ2EIA2OX43QUBJ,9 Jul 2024 13:05:55 GMT,TUESDAY,SW2,50,425,DISABLED,50,0,DISABLED
8320226745,الديري2,Store Active,الاسكندريه,Al Iskandar?yah,0,DEX5,"31.2421445394339,29.964490911560322",C57AJCOPGJBMAMDX2JJIG12LN9WTSORSDA2CDSROSTW9NLDPXTQ2EIA2OX43QUBJ,9 Jul 2024 13:05:55 GMT,WEDNESDAY,SW1,50,425,ENABLED,50,425,DISABLED
8320226745,الديري2,Store Active,الاسكندريه,Al Iskandar?yah,0,DEX5,"31.2421445394339,29.964490911560322",C57AJCOPGJBMAMDX2JJIG12LN9WTSORSDA2CDSROSTW9NLDPXTQ2EIA2OX43QUBJ,9 Jul 2024 13:05:55 GMT,WEDNESDAY,SW2,50,425,DISABLED,50,0,DISABLED
8320226745,الديري2,Store Active,الاسكندريه,Al Iskandar?yah,0,DEX5,"31.2421445394339,29.964490911560322",C57AJCOPGJBMAMDX2JJIG12LN9WTSORSDA2CDSROSTW9NLDPXTQ2EIA2OX43QUBJ,9 Jul 2024 13:05:55 GMT,THURSDAY,SW1,50,425,ENABLED,50,425,DISABLED
8320226745,الديري2,Store Active,الاسكندريه,Al Iskandar?yah,0,DEX5,"31.2421445394339,29.964490911560322",C57AJCOPGJBMAMDX2JJIG12LN9WTSORSDA2CDSROSTW9NLDPXTQ2EIA2OX43QUBJ,9 Jul 2024 13:05:55 GMT,THURSDAY,SW2,50,425,DISABLED,50,0,DISABLED
8320226745,الديري2,Store Active,الاسكندريه,Al Iskandar?yah,0,DEX5,"31.2421445394339,29.964490911560322",C57AJCOPGJBMAMDX2JJIG12LN9WTSORSDA2CDSROSTW9NLDPXTQ2EIA2OX43QUBJ,9 Jul 2024 13:05:55 GMT,FRIDAY,SW1,50,425,ENABLED,50,425,DISABLED
8320226745,الديري2,Store Active,الاسكندريه,Al Iskandar?yah,0,DEX5,"31.2421445394339,29.964490911560322",C57AJCOPGJBMAMDX2JJIG12LN9WTSORSDA2CDSROSTW9NLDPXTQ2EIA2OX43QUBJ,9 Jul 2024 13:05:55 GMT,FRIDAY,SW2,50,425,DISABLED,50,0,DISABLED
8320226745,الديري2,Store Active,الاسكندريه,Al Iskandar?yah,0,DEX5,"31.2421445394339,29.964490911560322",C57AJCOPGJBMAMDX2JJIG12LN9WTSORSDA2CDSROSTW9NLDPXTQ2EIA2OX43QUBJ,9 Jul 2024 13:05:55 GMT,SATURDAY,SW1,50,425,ENABLED,50,425,DISABLED
8320226745,الديري2,Store Active,الاسكندريه,Al Iskandar?yah,0,DEX5,"31.2421445394339,29.964490911560322",C57AJCOPGJBMAMDX2JJIG12LN9WTSORSDA2CDSROSTW9NLDPXTQ2EIA2OX43QUBJ,9 Jul 2024 13:05:55 GMT,SATURDAY,SW2,50,425,DISABLED,50,0,DISABLED
8320226745,الديري2,Store Active,الاسكندريه,Al Iskandar?yah,0,DEX5,"31.2421445394339,29.964490911560322",C57AJCOPGJBMAMDX2JJIG12LN9WTSORSDA2CDSROSTW9NLDPXTQ2EIA2OX43QUBJ,9 Jul 2024 13:05:55 GMT,SUNDAY,SW1,50,425,ENABLED,50,425,DISABLED
8320226745,الديري2,Store Active,الاسكندريه,Al Iskandar?yah,0,DEX5,"31.2421445394339,29.964490911560322",C57AJCOPGJBMAMDX2JJIG12LN9WTSORSDA2CDSROSTW9NLDPXTQ2EIA2OX43QUBJ,9 Jul 2024 13:05:55 GMT,SUNDAY,SW2,50,425,DISABLED,50,0,DISABLED
