Store ID,Store Name,Status,City,State,ZipCode,Station Code,Operating Days,Address Id,Geocodes,Active DA Count,Delivery Radius,Activation Date,Day of Week,Supply Window,SW Max Cap,SW Coverage,SW Status,SW Preferred Capacity,SW Relaxed Coverage,SW Preferred Values Status
3207812612,طلعت المصري,Store Active,alexandria,Al Iskandarīyah,00000,DEX5,M T W T _ S S,EFENURDYAAIC2QBPVZXIG12LN9WTSORSDA2CDSROSTW9NLDPXTQ2EIA2OXSHQMYV,"31.209625079435764,29.941271962379965",1,400 METRE,29 Jun 2026 09:06:40 GMT,MONDAY,SW1,21,450,ENABLED,0,0,DISABLED
3207812612,طلعت المصري,Store Active,alexandria,Al Iskandarīyah,00000,DEX5,M T W T _ S S,EFENURDYAAIC2QBPVZXIG12LN9WTSORSDA2CDSROSTW9NLDPXTQ2EIA2OXSHQMYV,"31.209625079435764,29.941271962379965",1,400 METRE,29 Jun 2026 09:06:40 GMT,MONDAY,SW2,21,450,DISABLED,0,0,DISABLED
3207812612,طلعت المصري,Store Active,alexandria,Al Iskandarīyah,00000,DEX5,M T W T _ S S,EFENURDYAAIC2QBPVZXIG12LN9WTSORSDA2CDSROSTW9NLDPXTQ2EIA2OXSHQMYV,"31.209625079435764,29.941271962379965",1,400 METRE,29 Jun 2026 09:06:40 GMT,TUESDAY,SW1,21,450,ENABLED,0,0,DISABLED
3207812612,طلعت المصري,Store Active,alexandria,Al Iskandarīyah,00000,DEX5,M T W T _ S S,EFENURDYAAIC2QBPVZXIG12LN9WTSORSDA2CDSROSTW9NLDPXTQ2EIA2OXSHQMYV,"31.209625079435764,29.941271962379965",1,400 METRE,29 Jun 2026 09:06:40 GMT,TUESDAY,SW2,21,450,DISABLED,0,0,DISABLED
3207812612,طلعت المصري,Store Active,alexandria,Al Iskandarīyah,00000,DEX5,M T W T _ S S,EFENURDYAAIC2QBPVZXIG12LN9WTSORSDA2CDSROSTW9NLDPXTQ2EIA2OXSHQMYV,"31.209625079435764,29.941271962379965",1,400 METRE,29 Jun 2026 09:06:40 GMT,WEDNESDAY,SW1,21,450,ENABLED,0,0,DISABLED
3207812612,طلعت المصري,Store Active,alexandria,Al Iskandarīyah,00000,DEX5,M T W T _ S S,EFENURDYAAIC2QBPVZXIG12LN9WTSORSDA2CDSROSTW9NLDPXTQ2EIA2OXSHQMYV,"31.209625079435764,29.941271962379965",1,400 METRE,29 Jun 2026 09:06:40 GMT,WEDNESDAY,SW2,21,450,DISABLED,0,0,DISABLED
3207812612,طلعت المصري,Store Active,alexandria,Al Iskandarīyah,00000,DEX5,M T W T _ S S,EFENURDYAAIC2QBPVZXIG12LN9WTSORSDA2CDSROSTW9NLDPXTQ2EIA2OXSHQMYV,"31.209625079435764,29.941271962379965",1,400 METRE,29 Jun 2026 09:06:40 GMT,THURSDAY,SW1,21,450,ENABLED,0,0,DISABLED
3207812612,طلعت المصري,Store Active,alexandria,Al Iskandarīyah,00000,DEX5,M T W T _ S S,EFENURDYAAIC2QBPVZXIG12LN9WTSORSDA2CDSROSTW9NLDPXTQ2EIA2OXSHQMYV,"31.209625079435764,29.941271962379965",1,400 METRE,29 Jun 2026 09:06:40 GMT,THURSDAY,SW2,21,450,DISABLED,0,0,DISABLED
3207812612,طلعت المصري,Store Active,alexandria,Al Iskandarīyah,00000,DEX5,M T W T _ S S,EFENURDYAAIC2QBPVZXIG12LN9WTSORSDA2CDSROSTW9NLDPXTQ2EIA2OXSHQMYV,"31.209625079435764,29.941271962379965",1,400 METRE,29 Jun 2026 09:06:40 GMT,FRIDAY,SW1,21,450,ENABLED,0,0,DISABLED
3207812612,طلعت المصري,Store Active,alexandria,Al Iskandarīyah,00000,DEX5,M T W T _ S S,EFENURDYAAIC2QBPVZXIG12LN9WTSORSDA2CDSROSTW9NLDPXTQ2EIA2OXSHQMYV,"31.209625079435764,29.941271962379965",1,400 METRE,29 Jun 2026 09:06:40 GMT,FRIDAY,SW2,21,450,DISABLED,0,0,DISABLED
3207812612,طلعت المصري,Store Active,alexandria,Al Iskandarīyah,00000,DEX5,M T W T _ S S,EFENURDYAAIC2QBPVZXIG12LN9WTSORSDA2CDSROSTW9NLDPXTQ2EIA2OXSHQMYV,"31.209625079435764,29.941271962379965",1,400 METRE,29 Jun 2026 09:06:40 GMT,SATURDAY,SW1,21,450,ENABLED,0,0,DISABLED
3207812612,طلعت المصري,Store Active,alexandria,Al Iskandarīyah,00000,DEX5,M T W T _ S S,EFENURDYAAIC2QBPVZXIG12LN9WTSORSDA2CDSROSTW9NLDPXTQ2EIA2OXSHQMYV,"31.209625079435764,29.941271962379965",1,400 METRE,29 Jun 2026 09:06:40 GMT,SATURDAY,SW2,21,450,DISABLED,0,0,DISABLED
3207812612,طلعت المصري,Store Active,alexandria,Al Iskandarīyah,00000,DEX5,M T W T _ S S,EFENURDYAAIC2QBPVZXIG12LN9WTSORSDA2CDSROSTW9NLDPXTQ2EIA2OXSHQMYV,"31.209625079435764,29.941271962379965",1,400 METRE,29 Jun 2026 09:06:40 GMT,SUNDAY,SW1,21,450,ENABLED,0,0,DISABLED
3207812612,طلعت المصري,Store Active,alexandria,Al Iskandarīyah,00000,DEX5,M T W T _ S S,EFENURDYAAIC2QBPVZXIG12LN9WTSORSDA2CDSROSTW9NLDPXTQ2EIA2OXSHQMYV,"31.209625079435764,29.941271962379965",1,400 METRE,29 Jun 2026 09:06:40 GMT,SUNDAY,SW2,21,450,DISABLED,0,0,DISABLED
3295613877,مكتبة بصمه,Store Active,alexandria,Al Iskandarīyah,00000,DEX5,M T W T _ S S,W7IK2YTPKL4P57QFSXKAG12LN9WTSORSDA2CDSROSTW9NLDPXTQ2EIA2OXHMWCWS,"31.241237264114684,29.976142595476567",1,475 METRE,28 Jul 2026 08:13:58 GMT,MONDAY,SW1,25,450,ENABLED,0,0,DISABLED
3295613877,مكتبة بصمه,Store Active,alexandria,Al Iskandarīyah,00000,DEX5,M T W T _ S S,W7IK2YTPKL4P57QFSXKAG12LN9WTSORSDA2CDSROSTW9NLDPXTQ2EIA2OXHMWCWS,"31.241237264114684,29.976142595476567",1,475 METRE,28 Jul 2026 08:13:58 GMT,MONDAY,SW2,25,4050,DISABLED,0,0,DISABLED
3295613877,مكتبة بصمه,Store Active,alexandria,Al Iskandarīyah,00000,DEX5,M T W T _ S S,W7IK2YTPKL4P57QFSXKAG12LN9WTSORSDA2CDSROSTW9NLDPXTQ2EIA2OXHMWCWS,"31.241237264114684,29.976142595476567",1,475 METRE,28 Jul 2026 08:13:58 GMT,TUESDAY,SW1,25,450,ENABLED,0,0,DISABLED
3295613877,مكتبة بصمه,Store Active,alexandria,Al Iskandarīyah,00000,DEX5,M T W T _ S S,W7IK2YTPKL4P57QFSXKAG12LN9WTSORSDA2CDSROSTW9NLDPXTQ2EIA2OXHMWCWS,"31.241237264114684,29.976142595476567",1,475 METRE,28 Jul 2026 08:13:58 GMT,TUESDAY,SW2,25,4050,DISABLED,0,0,DISABLED
3295613877,مكتبة بصمه,Store Active,alexandria,Al Iskandarīyah,00000,DEX5,M T W T _ S S,W7IK2YTPKL4P57QFSXKAG12LN9WTSORSDA2CDSROSTW9NLDPXTQ2EIA2OXHMWCWS,"31.241237264114684,29.976142595476567",1,475 METRE,28 Jul 2026 08:13:58 GMT,WEDNESDAY,SW1,25,450,ENABLED,0,0,DISABLED
3295613877,مكتبة بصمه,Store Active,alexandria,Al Iskandarīyah,00000,DEX5,M T W T _ S S,W7IK2YTPKL4P57QFSXKAG12LN9WTSORSDA2CDSROSTW9NLDPXTQ2EIA2OXHMWCWS,"31.241237264114684,29.976142595476567",1,475 METRE,28 Jul 2026 08:13:58 GMT,WEDNESDAY,SW2,25,4050,DISABLED,0,0,DISABLED
3295613877,مكتبة بصمه,Store Active,alexandria,Al Iskandarīyah,00000,DEX5,M T W T _ S S,W7IK2YTPKL4P57QFSXKAG12LN9WTSORSDA2CDSROSTW9NLDPXTQ2EIA2OXHMWCWS,"31.241237264114684,29.976142595476567",1,475 METRE,28 Jul 2026 08:13:58 GMT,THURSDAY,SW1,25,450,ENABLED,0,0,DISABLED
3295613877,مكتبة بصمه,Store Active,alexandria,Al Iskandarīyah,00000,DEX5,M T W T _ S S,W7IK2YTPKL4P57QFSXKAG12LN9WTSORSDA2CDSROSTW9NLDPXTQ2EIA2OXHMWCWS,"31.241237264114684,29.976142595476567",1,475 METRE,28 Jul 2026 08:13:58 GMT,THURSDAY,SW2,25,4050,DISABLED,0,0,DISABLED
3295613877,مكتبة بصمه,Store Active,alexandria,Al Iskandarīyah,00000,DEX5,M T W T _ S S,W7IK2YTPKL4P57QFSXKAG12LN9WTSORSDA2CDSROSTW9NLDPXTQ2EIA2OXHMWCWS,"31.241237264114684,29.976142595476567",1,475 METRE,28 Jul 2026 08:13:58 GMT,FRIDAY,SW1,25,2050,ENABLED,0,0,DISABLED
3295613877,مكتبة بصمه,Store Active,alexandria,Al Iskandarīyah,00000,DEX5,M T W T _ S S,W7IK2YTPKL4P57QFSXKAG12LN9WTSORSDA2CDSROSTW9NLDPXTQ2EIA2OXHMWCWS,"31.241237264114684,29.976142595476567",1,475 METRE,28 Jul 2026 08:13:58 GMT,FRIDAY,SW2,25,4050,DISABLED,0,0,DISABLED
3295613877,مكتبة بصمه,Store Active,alexandria,Al Iskandarīyah,00000,DEX5,M T W T _ S S,W7IK2YTPKL4P57QFSXKAG12LN9WTSORSDA2CDSROSTW9NLDPXTQ2EIA2OXHMWCWS,"31.241237264114684,29.976142595476567",1,475 METRE,28 Jul 2026 08:13:58 GMT,SATURDAY,SW1,25,450,ENABLED,0,0,DISABLED
3295613877,مكتبة بصمه,Store Active,alexandria,Al Iskandarīyah,00000,DEX5,M T W T _ S S,W7IK2YTPKL4P57QFSXKAG12LN9WTSORSDA2CDSROSTW9NLDPXTQ2EIA2OXHMWCWS,"31.241237264114684,29.976142595476567",1,475 METRE,28 Jul 2026 08:13:58 GMT,SATURDAY,SW2,25,4050,DISABLED,0,0,DISABLED
3295613877,مكتبة بصمه,Store Active,alexandria,Al Iskandarīyah,00000,DEX5,M T W T _ S S,W7IK2YTPKL4P57QFSXKAG12LN9WTSORSDA2CDSROSTW9NLDPXTQ2EIA2OXHMWCWS,"31.241237264114684,29.976142595476567",1,475 METRE,28 Jul 2026 08:13:58 GMT,SUNDAY,SW1,25,450,ENABLED,0,0,DISABLED
3295613877,مكتبة بصمه,Store Active,alexandria,Al Iskandarīyah,00000,DEX5,M T W T _ S S,W7IK2YTPKL4P57QFSXKAG12LN9WTSORSDA2CDSROSTW9NLDPXTQ2EIA2OXHMWCWS,"31.241237264114684,29.976142595476567",1,475 METRE,28 Jul 2026 08:13:58 GMT,SUNDAY,SW2,25,4050,DISABLED,0,0,DISABLED
7987143556,محروس للأدوات المنزليه,Store Active,alexandria,Al Iskandarīyah,00000,DEX5,M T W T _ S S,65WSQ236AWNPVPWHQTGAG12LN9WTSORSDA2CDSROSTW9NLDPXTQ2EIA2OXB5MN65,"31.22103735991693,29.939891007103352",1,500 METRE,26 Jul 2026 08:47:33 GMT,MONDAY,SW1,25,550,ENABLED,0,0,DISABLED
7987143556,محروس للأدوات المنزليه,Store Active,alexandria,Al Iskandarīyah,00000,DEX5,M T W T _ S S,65WSQ236AWNPVPWHQTGAG12LN9WTSORSDA2CDSROSTW9NLDPXTQ2EIA2OXB5MN65,"31.22103735991693,29.939891007103352",1,500 METRE,26 Jul 2026 08:47:33 GMT,MONDAY,SW2,25,4050,DISABLED,0,0,DISABLED
7987143556,محروس للأدوات المنزليه,Store Active,alexandria,Al Iskandarīyah,00000,DEX5,M T W T _ S S,65WSQ236AWNPVPWHQTGAG12LN9WTSORSDA2CDSROSTW9NLDPXTQ2EIA2OXB5MN65,"31.22103735991693,29.939891007103352",1,500 METRE,26 Jul 2026 08:47:33 GMT,TUESDAY,SW1,25,550,ENABLED,0,0,DISABLED
7987143556,محروس للأدوات المنزليه,Store Active,alexandria,Al Iskandarīyah,00000,DEX5,M T W T _ S S,65WSQ236AWNPVPWHQTGAG12LN9WTSORSDA2CDSROSTW9NLDPXTQ2EIA2OXB5MN65,"31.22103735991693,29.939891007103352",1,500 METRE,26 Jul 2026 08:47:33 GMT,TUESDAY,SW2,25,4050,DISABLED,0,0,DISABLED
7987143556,محروس للأدوات المنزليه,Store Active,alexandria,Al Iskandarīyah,00000,DEX5,M T W T _ S S,65WSQ236AWNPVPWHQTGAG12LN9WTSORSDA2CDSROSTW9NLDPXTQ2EIA2OXB5MN65,"31.22103735991693,29.939891007103352",1,500 METRE,26 Jul 2026 08:47:33 GMT,WEDNESDAY,SW1,25,550,ENABLED,0,0,DISABLED
7987143556,محروس للأدوات المنزليه,Store Active,alexandria,Al Iskandarīyah,00000,DEX5,M T W T _ S S,65WSQ236AWNPVPWHQTGAG12LN9WTSORSDA2CDSROSTW9NLDPXTQ2EIA2OXB5MN65,"31.22103735991693,29.939891007103352",1,500 METRE,26 Jul 2026 08:47:33 GMT,WEDNESDAY,SW2,25,4050,DISABLED,0,0,DISABLED
7987143556,محروس للأدوات المنزليه,Store Active,alexandria,Al Iskandarīyah,00000,DEX5,M T W T _ S S,65WSQ236AWNPVPWHQTGAG12LN9WTSORSDA2CDSROSTW9NLDPXTQ2EIA2OXB5MN65,"31.22103735991693,29.939891007103352",1,500 METRE,26 Jul 2026 08:47:33 GMT,THURSDAY,SW1,25,550,ENABLED,0,0,DISABLED
7987143556,محروس للأدوات المنزليه,Store Active,alexandria,Al Iskandarīyah,00000,DEX5,M T W T _ S S,65WSQ236AWNPVPWHQTGAG12LN9WTSORSDA2CDSROSTW9NLDPXTQ2EIA2OXB5MN65,"31.22103735991693,29.939891007103352",1,500 METRE,26 Jul 2026 08:47:33 GMT,THURSDAY,SW2,25,4050,DISABLED,0,0,DISABLED
7987143556,محروس للأدوات المنزليه,Store Active,alexandria,Al Iskandarīyah,00000,DEX5,M T W T _ S S,65WSQ236AWNPVPWHQTGAG12LN9WTSORSDA2CDSROSTW9NLDPXTQ2EIA2OXB5MN65,"31.22103735991693,29.939891007103352",1,500 METRE,26 Jul 2026 08:47:33 GMT,FRIDAY,SW1,25,550,ENABLED,0,0,DISABLED
7987143556,محروس للأدوات المنزليه,Store Active,alexandria,Al Iskandarīyah,00000,DEX5,M T W T _ S S,65WSQ236AWNPVPWHQTGAG12LN9WTSORSDA2CDSROSTW9NLDPXTQ2EIA2OXB5MN65,"31.22103735991693,29.939891007103352",1,500 METRE,26 Jul 2026 08:47:33 GMT,FRIDAY,SW2,25,4050,DISABLED,0,0,DISABLED
7987143556,محروس للأدوات المنزليه,Store Active,alexandria,Al Iskandarīyah,00000,DEX5,M T W T _ S S,65WSQ236AWNPVPWHQTGAG12LN9WTSORSDA2CDSROSTW9NLDPXTQ2EIA2OXB5MN65,"31.22103735991693,29.939891007103352",1,500 METRE,26 Jul 2026 08:47:33 GMT,SATURDAY,SW1,25,550,ENABLED,0,0,DISABLED
7987143556,محروس للأدوات المنزليه,Store Active,alexandria,Al Iskandarīyah,00000,DEX5,M T W T _ S S,65WSQ236AWNPVPWHQTGAG12LN9WTSORSDA2CDSROSTW9NLDPXTQ2EIA2OXB5MN65,"31.22103735991693,29.939891007103352",1,500 METRE,26 Jul 2026 08:47:33 GMT,SATURDAY,SW2,25,4050,DISABLED,0,0,DISABLED
7987143556,محروس للأدوات المنزليه,Store Active,alexandria,Al Iskandarīyah,00000,DEX5,M T W T _ S S,65WSQ236AWNPVPWHQTGAG12LN9WTSORSDA2CDSROSTW9NLDPXTQ2EIA2OXB5MN65,"31.22103735991693,29.939891007103352",1,500 METRE,26 Jul 2026 08:47:33 GMT,SUNDAY,SW1,25,550,ENABLED,0,0,DISABLED
7987143556,محروس للأدوات المنزليه,Store Active,alexandria,Al Iskandarīyah,00000,DEX5,M T W T _ S S,65WSQ236AWNPVPWHQTGAG12LN9WTSORSDA2CDSROSTW9NLDPXTQ2EIA2OXB5MN65,"31.22103735991693,29.939891007103352",1,500 METRE,26 Jul 2026 08:47:33 GMT,SUNDAY,SW2,25,4050,DISABLED,0,0,DISABLED
9123848905,ALEX TECHNO,Store Active,Alexandria,Al Iskandarīyah,00000,DEX5,M T W T _ S S,UF3B23H6HKH6FFQQ22XEG12LN9WTSORSDA2CDSROSTW9NLDPXTQ2EIA2OX7EVLMB,"31.214885625996764,29.942248225007983",1,375 METRE,14 Sep 2025 07:10:18 GMT,MONDAY,SW1,45,425,ENABLED,0,0,DISABLED
9123848905,ALEX TECHNO,Store Active,Alexandria,Al Iskandarīyah,00000,DEX5,M T W T _ S S,UF3B23H6HKH6FFQQ22XEG12LN9WTSORSDA2CDSROSTW9NLDPXTQ2EIA2OX7EVLMB,"31.214885625996764,29.942248225007983",1,375 METRE,14 Sep 2025 07:10:18 GMT,MONDAY,SW2,45,425,DISABLED,0,0,DISABLED
9123848905,ALEX TECHNO,Store Active,Alexandria,Al Iskandarīyah,00000,DEX5,M T W T _ S S,UF3B23H6HKH6FFQQ22XEG12LN9WTSORSDA2CDSROSTW9NLDPXTQ2EIA2OX7EVLMB,"31.214885625996764,29.942248225007983",1,375 METRE,14 Sep 2025 07:10:18 GMT,TUESDAY,SW1,45,425,ENABLED,0,0,DISABLED
9123848905,ALEX TECHNO,Store Active,Alexandria,Al Iskandarīyah,00000,DEX5,M T W T _ S S,UF3B23H6HKH6FFQQ22XEG12LN9WTSORSDA2CDSROSTW9NLDPXTQ2EIA2OX7EVLMB,"31.214885625996764,29.942248225007983",1,375 METRE,14 Sep 2025 07:10:18 GMT,TUESDAY,SW2,45,425,DISABLED,0,0,DISABLED
9123848905,ALEX TECHNO,Store Active,Alexandria,Al Iskandarīyah,00000,DEX5,M T W T _ S S,UF3B23H6HKH6FFQQ22XEG12LN9WTSORSDA2CDSROSTW9NLDPXTQ2EIA2OX7EVLMB,"31.214885625996764,29.942248225007983",1,375 METRE,14 Sep 2025 07:10:18 GMT,WEDNESDAY,SW1,45,425,ENABLED,0,0,DISABLED
9123848905,ALEX TECHNO,Store Active,Alexandria,Al Iskandarīyah,00000,DEX5,M T W T _ S S,UF3B23H6HKH6FFQQ22XEG12LN9WTSORSDA2CDSROSTW9NLDPXTQ2EIA2OX7EVLMB,"31.214885625996764,29.942248225007983",1,375 METRE,14 Sep 2025 07:10:18 GMT,WEDNESDAY,SW2,45,425,DISABLED,0,0,DISABLED
9123848905,ALEX TECHNO,Store Active,Alexandria,Al Iskandarīyah,00000,DEX5,M T W T _ S S,UF3B23H6HKH6FFQQ22XEG12LN9WTSORSDA2CDSROSTW9NLDPXTQ2EIA2OX7EVLMB,"31.214885625996764,29.942248225007983",1,375 METRE,14 Sep 2025 07:10:18 GMT,THURSDAY,SW1,45,425,ENABLED,0,0,DISABLED
9123848905,ALEX TECHNO,Store Active,Alexandria,Al Iskandarīyah,00000,DEX5,M T W T _ S S,UF3B23H6HKH6FFQQ22XEG12LN9WTSORSDA2CDSROSTW9NLDPXTQ2EIA2OX7EVLMB,"31.214885625996764,29.942248225007983",1,375 METRE,14 Sep 2025 07:10:18 GMT,THURSDAY,SW2,45,425,DISABLED,0,0,DISABLED
9123848905,ALEX TECHNO,Store Active,Alexandria,Al Iskandarīyah,00000,DEX5,M T W T _ S S,UF3B23H6HKH6FFQQ22XEG12LN9WTSORSDA2CDSROSTW9NLDPXTQ2EIA2OX7EVLMB,"31.214885625996764,29.942248225007983",1,375 METRE,14 Sep 2025 07:10:18 GMT,FRIDAY,SW1,45,425,ENABLED,0,0,DISABLED
9123848905,ALEX TECHNO,Store Active,Alexandria,Al Iskandarīyah,00000,DEX5,M T W T _ S S,UF3B23H6HKH6FFQQ22XEG12LN9WTSORSDA2CDSROSTW9NLDPXTQ2EIA2OX7EVLMB,"31.214885625996764,29.942248225007983",1,375 METRE,14 Sep 2025 07:10:18 GMT,FRIDAY,SW2,45,425,DISABLED,0,0,DISABLED
9123848905,ALEX TECHNO,Store Active,Alexandria,Al Iskandarīyah,00000,DEX5,M T W T _ S S,UF3B23H6HKH6FFQQ22XEG12LN9WTSORSDA2CDSROSTW9NLDPXTQ2EIA2OX7EVLMB,"31.214885625996764,29.942248225007983",1,375 METRE,14 Sep 2025 07:10:18 GMT,SATURDAY,SW1,45,425,ENABLED,0,0,DISABLED
9123848905,ALEX TECHNO,Store Active,Alexandria,Al Iskandarīyah,00000,DEX5,M T W T _ S S,UF3B23H6HKH6FFQQ22XEG12LN9WTSORSDA2CDSROSTW9NLDPXTQ2EIA2OX7EVLMB,"31.214885625996764,29.942248225007983",1,375 METRE,14 Sep 2025 07:10:18 GMT,SATURDAY,SW2,45,425,DISABLED,0,0,DISABLED
9123848905,ALEX TECHNO,Store Active,Alexandria,Al Iskandarīyah,00000,DEX5,M T W T _ S S,UF3B23H6HKH6FFQQ22XEG12LN9WTSORSDA2CDSROSTW9NLDPXTQ2EIA2OX7EVLMB,"31.214885625996764,29.942248225007983",1,375 METRE,14 Sep 2025 07:10:18 GMT,SUNDAY,SW1,45,425,ENABLED,0,0,DISABLED
9123848905,ALEX TECHNO,Store Active,Alexandria,Al Iskandarīyah,00000,DEX5,M T W T _ S S,UF3B23H6HKH6FFQQ22XEG12LN9WTSORSDA2CDSROSTW9NLDPXTQ2EIA2OX7EVLMB,"31.214885625996764,29.942248225007983",1,375 METRE,14 Sep 2025 07:10:18 GMT,SUNDAY,SW2,45,425,DISABLED,0,0,DISABLED
4126454127,toffy,Store Inactive,Alexandria,Al Iskandarīyah,00000,DEX5,M T W T F S S,JBXMX6D5VZOA2LPHQHHMG12LN9WTSORSDA2CDSROSTW9NLDPXTQ2EIA2OXM4JZJZ,"31.21689820755543,29.943878596170514",1,400 METRE,NA,MONDAY,SW1,0,450,ENABLED,0,0,DISABLED
4126454127,toffy,Store Inactive,Alexandria,Al Iskandarīyah,00000,DEX5,M T W T F S S,JBXMX6D5VZOA2LPHQHHMG12LN9WTSORSDA2CDSROSTW9NLDPXTQ2EIA2OXM4JZJZ,"31.21689820755543,29.943878596170514",1,400 METRE,NA,MONDAY,SW2,0,450,DISABLED,0,0,DISABLED
4126454127,toffy,Store Inactive,Alexandria,Al Iskandarīyah,00000,DEX5,M T W T F S S,JBXMX6D5VZOA2LPHQHHMG12LN9WTSORSDA2CDSROSTW9NLDPXTQ2EIA2OXM4JZJZ,"31.21689820755543,29.943878596170514",1,400 METRE,NA,TUESDAY,SW1,0,450,ENABLED,0,0,DISABLED
4126454127,toffy,Store Inactive,Alexandria,Al Iskandarīyah,00000,DEX5,M T W T F S S,JBXMX6D5VZOA2LPHQHHMG12LN9WTSORSDA2CDSROSTW9NLDPXTQ2EIA2OXM4JZJZ,"31.21689820755543,29.943878596170514",1,400 METRE,NA,TUESDAY,SW2,0,450,DISABLED,0,0,DISABLED
4126454127,toffy,Store Inactive,Alexandria,Al Iskandarīyah,00000,DEX5,M T W T F S S,JBXMX6D5VZOA2LPHQHHMG12LN9WTSORSDA2CDSROSTW9NLDPXTQ2EIA2OXM4JZJZ,"31.21689820755543,29.943878596170514",1,400 METRE,NA,WEDNESDAY,SW1,0,450,ENABLED,0,0,DISABLED
4126454127,toffy,Store Inactive,Alexandria,Al Iskandarīyah,00000,DEX5,M T W T F S S,JBXMX6D5VZOA2LPHQHHMG12LN9WTSORSDA2CDSROSTW9NLDPXTQ2EIA2OXM4JZJZ,"31.21689820755543,29.943878596170514",1,400 METRE,NA,WEDNESDAY,SW2,0,450,DISABLED,0,0,DISABLED
4126454127,toffy,Store Inactive,Alexandria,Al Iskandarīyah,00000,DEX5,M T W T F S S,JBXMX6D5VZOA2LPHQHHMG12LN9WTSORSDA2CDSROSTW9NLDPXTQ2EIA2OXM4JZJZ,"31.21689820755543,29.943878596170514",1,400 METRE,NA,THURSDAY,SW1,0,450,ENABLED,0,0,DISABLED
4126454127,toffy,Store Inactive,Alexandria,Al Iskandarīyah,00000,DEX5,M T W T F S S,JBXMX6D5VZOA2LPHQHHMG12LN9WTSORSDA2CDSROSTW9NLDPXTQ2EIA2OXM4JZJZ,"31.21689820755543,29.943878596170514",1,400 METRE,NA,THURSDAY,SW2,0,450,DISABLED,0,0,DISABLED
4126454127,toffy,Store Inactive,Alexandria,Al Iskandarīyah,00000,DEX5,M T W T F S S,JBXMX6D5VZOA2LPHQHHMG12LN9WTSORSDA2CDSROSTW9NLDPXTQ2EIA2OXM4JZJZ,"31.21689820755543,29.943878596170514",1,400 METRE,NA,FRIDAY,SW1,0,450,ENABLED,0,0,DISABLED
4126454127,toffy,Store Inactive,Alexandria,Al Iskandarīyah,00000,DEX5,M T W T F S S,JBXMX6D5VZOA2LPHQHHMG12LN9WTSORSDA2CDSROSTW9NLDPXTQ2EIA2OXM4JZJZ,"31.21689820755543,29.943878596170514",1,400 METRE,NA,FRIDAY,SW2,0,450,DISABLED,0,0,DISABLED
4126454127,toffy,Store Inactive,Alexandria,Al Iskandarīyah,00000,DEX5,M T W T F S S,JBXMX6D5VZOA2LPHQHHMG12LN9WTSORSDA2CDSROSTW9NLDPXTQ2EIA2OXM4JZJZ,"31.21689820755543,29.943878596170514",1,400 METRE,NA,SATURDAY,SW1,0,450,ENABLED,0,0,DISABLED
4126454127,toffy,Store Inactive,Alexandria,Al Iskandarīyah,00000,DEX5,M T W T F S S,JBXMX6D5VZOA2LPHQHHMG12LN9WTSORSDA2CDSROSTW9NLDPXTQ2EIA2OXM4JZJZ,"31.21689820755543,29.943878596170514",1,400 METRE,NA,SATURDAY,SW2,0,450,DISABLED,0,0,DISABLED
4126454127,toffy,Store Inactive,Alexandria,Al Iskandarīyah,00000,DEX5,M T W T F S S,JBXMX6D5VZOA2LPHQHHMG12LN9WTSORSDA2CDSROSTW9NLDPXTQ2EIA2OXM4JZJZ,"31.21689820755543,29.943878596170514",1,400 METRE,NA,SUNDAY,SW1,0,450,ENABLED,0,0,DISABLED
4126454127,toffy,Store Inactive,Alexandria,Al Iskandarīyah,00000,DEX5,M T W T F S S,JBXMX6D5VZOA2LPHQHHMG12LN9WTSORSDA2CDSROSTW9NLDPXTQ2EIA2OXM4JZJZ,"31.21689820755543,29.943878596170514",1,400 METRE,NA,SUNDAY,SW2,0,450,DISABLED,0,0,DISABLED
3999385818,fathat khayr,Store Active,Alexandria,Al Iskandarīyah,00000,DEX5,M T W T _ S S,XNJ3VPAG7IK3U5IUQAEAG12LN9WTSORSDA2CDSROSTW9NLDPXTQ2EIA2OXT63NSZ,"31.24530316379833,29.97079977744069",1,400 METRE,9 Jul 2026 08:21:38 GMT,MONDAY,SW1,15,450,ENABLED,0,0,DISABLED
3999385818,fathat khayr,Store Active,Alexandria,Al Iskandarīyah,00000,DEX5,M T W T _ S S,XNJ3VPAG7IK3U5IUQAEAG12LN9WTSORSDA2CDSROSTW9NLDPXTQ2EIA2OXT63NSZ,"31.24530316379833,29.97079977744069",1,400 METRE,9 Jul 2026 08:21:38 GMT,MONDAY,SW2,15,450,DISABLED,0,0,DISABLED
3999385818,fathat khayr,Store Active,Alexandria,Al Iskandarīyah,00000,DEX5,M T W T _ S S,XNJ3VPAG7IK3U5IUQAEAG12LN9WTSORSDA2CDSROSTW9NLDPXTQ2EIA2OXT63NSZ,"31.24530316379833,29.97079977744069",1,400 METRE,9 Jul 2026 08:21:38 GMT,TUESDAY,SW1,15,450,ENABLED,0,0,DISABLED
3999385818,fathat khayr,Store Active,Alexandria,Al Iskandarīyah,00000,DEX5,M T W T _ S S,XNJ3VPAG7IK3U5IUQAEAG12LN9WTSORSDA2CDSROSTW9NLDPXTQ2EIA2OXT63NSZ,"31.24530316379833,29.97079977744069",1,400 METRE,9 Jul 2026 08:21:38 GMT,TUESDAY,SW2,15,450,DISABLED,0,0,DISABLED
3999385818,fathat khayr,Store Active,Alexandria,Al Iskandarīyah,00000,DEX5,M T W T _ S S,XNJ3VPAG7IK3U5IUQAEAG12LN9WTSORSDA2CDSROSTW9NLDPXTQ2EIA2OXT63NSZ,"31.24530316379833,29.97079977744069",1,400 METRE,9 Jul 2026 08:21:38 GMT,WEDNESDAY,SW1,15,450,ENABLED,0,0,DISABLED
3999385818,fathat khayr,Store Active,Alexandria,Al Iskandarīyah,00000,DEX5,M T W T _ S S,XNJ3VPAG7IK3U5IUQAEAG12LN9WTSORSDA2CDSROSTW9NLDPXTQ2EIA2OXT63NSZ,"31.24530316379833,29.97079977744069",1,400 METRE,9 Jul 2026 08:21:38 GMT,WEDNESDAY,SW2,15,450,DISABLED,0,0,DISABLED
3999385818,fathat khayr,Store Active,Alexandria,Al Iskandarīyah,00000,DEX5,M T W T _ S S,XNJ3VPAG7IK3U5IUQAEAG12LN9WTSORSDA2CDSROSTW9NLDPXTQ2EIA2OXT63NSZ,"31.24530316379833,29.97079977744069",1,400 METRE,9 Jul 2026 08:21:38 GMT,THURSDAY,SW1,15,450,ENABLED,0,0,DISABLED
3999385818,fathat khayr,Store Active,Alexandria,Al Iskandarīyah,00000,DEX5,M T W T _ S S,XNJ3VPAG7IK3U5IUQAEAG12LN9WTSORSDA2CDSROSTW9NLDPXTQ2EIA2OXT63NSZ,"31.24530316379833,29.97079977744069",1,400 METRE,9 Jul 2026 08:21:38 GMT,THURSDAY,SW2,15,450,DISABLED,0,0,DISABLED
3999385818,fathat khayr,Store Active,Alexandria,Al Iskandarīyah,00000,DEX5,M T W T _ S S,XNJ3VPAG7IK3U5IUQAEAG12LN9WTSORSDA2CDSROSTW9NLDPXTQ2EIA2OXT63NSZ,"31.24530316379833,29.97079977744069",1,400 METRE,9 Jul 2026 08:21:38 GMT,FRIDAY,SW1,15,450,ENABLED,0,0,DISABLED
3999385818,fathat khayr,Store Active,Alexandria,Al Iskandarīyah,00000,DEX5,M T W T _ S S,XNJ3VPAG7IK3U5IUQAEAG12LN9WTSORSDA2CDSROSTW9NLDPXTQ2EIA2OXT63NSZ,"31.24530316379833,29.97079977744069",1,400 METRE,9 Jul 2026 08:21:38 GMT,FRIDAY,SW2,15,450,DISABLED,0,0,DISABLED
3999385818,fathat khayr,Store Active,Alexandria,Al Iskandarīyah,00000,DEX5,M T W T _ S S,XNJ3VPAG7IK3U5IUQAEAG12LN9WTSORSDA2CDSROSTW9NLDPXTQ2EIA2OXT63NSZ,"31.24530316379833,29.97079977744069",1,400 METRE,9 Jul 2026 08:21:38 GMT,SATURDAY,SW1,15,450,ENABLED,0,0,DISABLED
3999385818,fathat khayr,Store Active,Alexandria,Al Iskandarīyah,00000,DEX5,M T W T _ S S,XNJ3VPAG7IK3U5IUQAEAG12LN9WTSORSDA2CDSROSTW9NLDPXTQ2EIA2OXT63NSZ,"31.24530316379833,29.97079977744069",1,400 METRE,9 Jul 2026 08:21:38 GMT,SATURDAY,SW2,15,450,DISABLED,0,0,DISABLED
3999385818,fathat khayr,Store Active,Alexandria,Al Iskandarīyah,00000,DEX5,M T W T _ S S,XNJ3VPAG7IK3U5IUQAEAG12LN9WTSORSDA2CDSROSTW9NLDPXTQ2EIA2OXT63NSZ,"31.24530316379833,29.97079977744069",1,400 METRE,9 Jul 2026 08:21:38 GMT,SUNDAY,SW1,15,450,ENABLED,0,0,DISABLED
3999385818,fathat khayr,Store Active,Alexandria,Al Iskandarīyah,00000,DEX5,M T W T _ S S,XNJ3VPAG7IK3U5IUQAEAG12LN9WTSORSDA2CDSROSTW9NLDPXTQ2EIA2OXT63NSZ,"31.24530316379833,29.97079977744069",1,400 METRE,9 Jul 2026 08:21:38 GMT,SUNDAY,SW2,15,450,DISABLED,0,0,DISABLED
3976106944,Republic Dry Clean ,Store Active,Alexandria,Al Iskandarīyah,00000,DEX5,_ T W T F S S,TQ2375AKO3N5ZQALWG7IG12LN9WTSORSDA2CDSROSTW9NLDPXTQ2EIA2OXC7PPGA,"31.242710626532322,29.96948893268781",2,375 METRE,14 Jan 2026 06:47:17 GMT,MONDAY,SW1,50,425,ENABLED,0,0,DISABLED
3976106944,Republic Dry Clean ,Store Active,Alexandria,Al Iskandarīyah,00000,DEX5,_ T W T F S S,TQ2375AKO3N5ZQALWG7IG12LN9WTSORSDA2CDSROSTW9NLDPXTQ2EIA2OXC7PPGA,"31.242710626532322,29.96948893268781",2,375 METRE,14 Jan 2026 06:47:17 GMT,MONDAY,SW2,50,425,DISABLED,0,0,DISABLED
3976106944,Republic Dry Clean ,Store Active,Alexandria,Al Iskandarīyah,00000,DEX5,_ T W T F S S,TQ2375AKO3N5ZQALWG7IG12LN9WTSORSDA2CDSROSTW9NLDPXTQ2EIA2OXC7PPGA,"31.242710626532322,29.96948893268781",2,375 METRE,14 Jan 2026 06:47:17 GMT,TUESDAY,SW1,50,425,ENABLED,0,0,DISABLED
3976106944,Republic Dry Clean ,Store Active,Alexandria,Al Iskandarīyah,00000,DEX5,_ T W T F S S,TQ2375AKO3N5ZQALWG7IG12LN9WTSORSDA2CDSROSTW9NLDPXTQ2EIA2OXC7PPGA,"31.242710626532322,29.96948893268781",2,375 METRE,14 Jan 2026 06:47:17 GMT,TUESDAY,SW2,50,425,DISABLED,0,0,DISABLED
3976106944,Republic Dry Clean ,Store Active,Alexandria,Al Iskandarīyah,00000,DEX5,_ T W T F S S,TQ2375AKO3N5ZQALWG7IG12LN9WTSORSDA2CDSROSTW9NLDPXTQ2EIA2OXC7PPGA,"31.242710626532322,29.96948893268781",2,375 METRE,14 Jan 2026 06:47:17 GMT,WEDNESDAY,SW1,50,425,ENABLED,0,0,DISABLED
3976106944,Republic Dry Clean ,Store Active,Alexandria,Al Iskandarīyah,00000,DEX5,_ T W T F S S,TQ2375AKO3N5ZQALWG7IG12LN9WTSORSDA2CDSROSTW9NLDPXTQ2EIA2OXC7PPGA,"31.242710626532322,29.96948893268781",2,375 METRE,14 Jan 2026 06:47:17 GMT,WEDNESDAY,SW2,50,425,DISABLED,0,0,DISABLED
3976106944,Republic Dry Clean ,Store Active,Alexandria,Al Iskandarīyah,00000,DEX5,_ T W T F S S,TQ2375AKO3N5ZQALWG7IG12LN9WTSORSDA2CDSROSTW9NLDPXTQ2EIA2OXC7PPGA,"31.242710626532322,29.96948893268781",2,375 METRE,14 Jan 2026 06:47:17 GMT,THURSDAY,SW1,50,425,ENABLED,0,0,DISABLED
3976106944,Republic Dry Clean ,Store Active,Alexandria,Al Iskandarīyah,00000,DEX5,_ T W T F S S,TQ2375AKO3N5ZQALWG7IG12LN9WTSORSDA2CDSROSTW9NLDPXTQ2EIA2OXC7PPGA,"31.242710626532322,29.96948893268781",2,375 METRE,14 Jan 2026 06:47:17 GMT,THURSDAY,SW2,50,425,DISABLED,0,0,DISABLED
3976106944,Republic Dry Clean ,Store Active,Alexandria,Al Iskandarīyah,00000,DEX5,_ T W T F S S,TQ2375AKO3N5ZQALWG7IG12LN9WTSORSDA2CDSROSTW9NLDPXTQ2EIA2OXC7PPGA,"31.242710626532322,29.96948893268781",2,375 METRE,14 Jan 2026 06:47:17 GMT,FRIDAY,SW1,50,425,ENABLED,0,0,DISABLED
3976106944,Republic Dry Clean ,Store Active,Alexandria,Al Iskandarīyah,00000,DEX5,_ T W T F S S,TQ2375AKO3N5ZQALWG7IG12LN9WTSORSDA2CDSROSTW9NLDPXTQ2EIA2OXC7PPGA,"31.242710626532322,29.96948893268781",2,375 METRE,14 Jan 2026 06:47:17 GMT,FRIDAY,SW2,50,425,DISABLED,0,0,DISABLED
3976106944,Republic Dry Clean ,Store Active,Alexandria,Al Iskandarīyah,00000,DEX5,_ T W T F S S,TQ2375AKO3N5ZQALWG7IG12LN9WTSORSDA2CDSROSTW9NLDPXTQ2EIA2OXC7PPGA,"31.242710626532322,29.96948893268781",2,375 METRE,14 Jan 2026 06:47:17 GMT,SATURDAY,SW1,50,425,ENABLED,0,0,DISABLED
3976106944,Republic Dry Clean ,Store Active,Alexandria,Al Iskandarīyah,00000,DEX5,_ T W T F S S,TQ2375AKO3N5ZQALWG7IG12LN9WTSORSDA2CDSROSTW9NLDPXTQ2EIA2OXC7PPGA,"31.242710626532322,29.96948893268781",2,375 METRE,14 Jan 2026 06:47:17 GMT,SATURDAY,SW2,50,425,DISABLED,0,0,DISABLED
3976106944,Republic Dry Clean ,Store Active,Alexandria,Al Iskandarīyah,00000,DEX5,_ T W T F S S,TQ2375AKO3N5ZQALWG7IG12LN9WTSORSDA2CDSROSTW9NLDPXTQ2EIA2OXC7PPGA,"31.242710626532322,29.96948893268781",2,375 METRE,14 Jan 2026 06:47:17 GMT,SUNDAY,SW1,50,425,ENABLED,0,0,DISABLED
3976106944,Republic Dry Clean ,Store Active,Alexandria,Al Iskandarīyah,00000,DEX5,_ T W T F S S,TQ2375AKO3N5ZQALWG7IG12LN9WTSORSDA2CDSROSTW9NLDPXTQ2EIA2OXC7PPGA,"31.242710626532322,29.96948893268781",2,375 METRE,14 Jan 2026 06:47:17 GMT,SUNDAY,SW2,50,425,DISABLED,0,0,DISABLED
6376233374,Noor Phone,Store Active,alexandria,Al Iskandarīyah,00000,DEX5,M T W T F _ S,ETFPVYTYATTTDDQALOOIG12LN9WTSORSDA2CDSROSTW9NLDPXTQ2EIA2OXG3WNGV,"31.20953399180318,29.913310728836116",1,375 METRE,26 Jan 2026 11:55:53 GMT,MONDAY,SW1,35,425,ENABLED,0,0,DISABLED
6376233374,Noor Phone,Store Active,alexandria,Al Iskandarīyah,00000,DEX5,M T W T F _ S,ETFPVYTYATTTDDQALOOIG12LN9WTSORSDA2CDSROSTW9NLDPXTQ2EIA2OXG3WNGV,"31.20953399180318,29.913310728836116",1,375 METRE,26 Jan 2026 11:55:53 GMT,MONDAY,SW2,35,425,DISABLED,0,0,DISABLED
6376233374,Noor Phone,Store Active,alexandria,Al Iskandarīyah,00000,DEX5,M T W T F _ S,ETFPVYTYATTTDDQALOOIG12LN9WTSORSDA2CDSROSTW9NLDPXTQ2EIA2OXG3WNGV,"31.20953399180318,29.913310728836116",1,375 METRE,26 Jan 2026 11:55:53 GMT,TUESDAY,SW1,35,425,ENABLED,0,0,DISABLED
6376233374,Noor Phone,Store Active,alexandria,Al Iskandarīyah,00000,DEX5,M T W T F _ S,ETFPVYTYATTTDDQALOOIG12LN9WTSORSDA2CDSROSTW9NLDPXTQ2EIA2OXG3WNGV,"31.20953399180318,29.913310728836116",1,375 METRE,26 Jan 2026 11:55:53 GMT,TUESDAY,SW2,35,425,DISABLED,0,0,DISABLED
6376233374,Noor Phone,Store Active,alexandria,Al Iskandarīyah,00000,DEX5,M T W T F _ S,ETFPVYTYATTTDDQALOOIG12LN9WTSORSDA2CDSROSTW9NLDPXTQ2EIA2OXG3WNGV,"31.20953399180318,29.913310728836116",1,375 METRE,26 Jan 2026 11:55:53 GMT,WEDNESDAY,SW1,35,425,ENABLED,0,0,DISABLED
6376233374,Noor Phone,Store Active,alexandria,Al Iskandarīyah,00000,DEX5,M T W T F _ S,ETFPVYTYATTTDDQALOOIG12LN9WTSORSDA2CDSROSTW9NLDPXTQ2EIA2OXG3WNGV,"31.20953399180318,29.913310728836116",1,375 METRE,26 Jan 2026 11:55:53 GMT,WEDNESDAY,SW2,35,425,DISABLED,0,0,DISABLED
6376233374,Noor Phone,Store Active,alexandria,Al Iskandarīyah,00000,DEX5,M T W T F _ S,ETFPVYTYATTTDDQALOOIG12LN9WTSORSDA2CDSROSTW9NLDPXTQ2EIA2OXG3WNGV,"31.20953399180318,29.913310728836116",1,375 METRE,26 Jan 2026 11:55:53 GMT,THURSDAY,SW1,35,425,ENABLED,0,0,DISABLED
6376233374,Noor Phone,Store Active,alexandria,Al Iskandarīyah,00000,DEX5,M T W T F _ S,ETFPVYTYATTTDDQALOOIG12LN9WTSORSDA2CDSROSTW9NLDPXTQ2EIA2OXG3WNGV,"31.20953399180318,29.913310728836116",1,375 METRE,26 Jan 2026 11:55:53 GMT,THURSDAY,SW2,35,425,DISABLED,0,0,DISABLED
6376233374,Noor Phone,Store Active,alexandria,Al Iskandarīyah,00000,DEX5,M T W T F _ S,ETFPVYTYATTTDDQALOOIG12LN9WTSORSDA2CDSROSTW9NLDPXTQ2EIA2OXG3WNGV,"31.20953399180318,29.913310728836116",1,375 METRE,26 Jan 2026 11:55:53 GMT,FRIDAY,SW1,35,425,ENABLED,0,0,DISABLED
6376233374,Noor Phone,Store Active,alexandria,Al Iskandarīyah,00000,DEX5,M T W T F _ S,ETFPVYTYATTTDDQALOOIG12LN9WTSORSDA2CDSROSTW9NLDPXTQ2EIA2OXG3WNGV,"31.20953399180318,29.913310728836116",1,375 METRE,26 Jan 2026 11:55:53 GMT,FRIDAY,SW2,35,425,DISABLED,0,0,DISABLED
6376233374,Noor Phone,Store Active,alexandria,Al Iskandarīyah,00000,DEX5,M T W T F _ S,ETFPVYTYATTTDDQALOOIG12LN9WTSORSDA2CDSROSTW9NLDPXTQ2EIA2OXG3WNGV,"31.20953399180318,29.913310728836116",1,375 METRE,26 Jan 2026 11:55:53 GMT,SATURDAY,SW1,35,425,ENABLED,0,0,DISABLED
6376233374,Noor Phone,Store Active,alexandria,Al Iskandarīyah,00000,DEX5,M T W T F _ S,ETFPVYTYATTTDDQALOOIG12LN9WTSORSDA2CDSROSTW9NLDPXTQ2EIA2OXG3WNGV,"31.20953399180318,29.913310728836116",1,375 METRE,26 Jan 2026 11:55:53 GMT,SATURDAY,SW2,35,425,DISABLED,0,0,DISABLED
6376233374,Noor Phone,Store Active,alexandria,Al Iskandarīyah,00000,DEX5,M T W T F _ S,ETFPVYTYATTTDDQALOOIG12LN9WTSORSDA2CDSROSTW9NLDPXTQ2EIA2OXG3WNGV,"31.20953399180318,29.913310728836116",1,375 METRE,26 Jan 2026 11:55:53 GMT,SUNDAY,SW1,35,425,ENABLED,0,0,DISABLED
6376233374,Noor Phone,Store Active,alexandria,Al Iskandarīyah,00000,DEX5,M T W T F _ S,ETFPVYTYATTTDDQALOOIG12LN9WTSORSDA2CDSROSTW9NLDPXTQ2EIA2OXG3WNGV,"31.20953399180318,29.913310728836116",1,375 METRE,26 Jan 2026 11:55:53 GMT,SUNDAY,SW2,35,425,DISABLED,0,0,DISABLED
2417925574,alakhua,Store Active,Alexandria,Al Iskandarīyah,00000,DEX5,M T W T F S _,BCBXXJE3V5PP6TOPT25IG12LN9WTSORSDA2CDSROSTW9NLDPXTQ2EIA2OX3IEHTC,"31.234168623222903,29.96796599618336",1,500 METRE,27 Apr 2026 09:19:07 GMT,MONDAY,SW1,35,550,ENABLED,0,0,DISABLED
2417925574,alakhua,Store Active,Alexandria,Al Iskandarīyah,00000,DEX5,M T W T F S _,BCBXXJE3V5PP6TOPT25IG12LN9WTSORSDA2CDSROSTW9NLDPXTQ2EIA2OX3IEHTC,"31.234168623222903,29.96796599618336",1,500 METRE,27 Apr 2026 09:19:07 GMT,MONDAY,SW2,34,550,DISABLED,0,0,DISABLED
2417925574,alakhua,Store Active,Alexandria,Al Iskandarīyah,00000,DEX5,M T W T F S _,BCBXXJE3V5PP6TOPT25IG12LN9WTSORSDA2CDSROSTW9NLDPXTQ2EIA2OX3IEHTC,"31.234168623222903,29.96796599618336",1,500 METRE,27 Apr 2026 09:19:07 GMT,TUESDAY,SW1,35,550,ENABLED,0,0,DISABLED
2417925574,alakhua,Store Active,Alexandria,Al Iskandarīyah,00000,DEX5,M T W T F S _,BCBXXJE3V5PP6TOPT25IG12LN9WTSORSDA2CDSROSTW9NLDPXTQ2EIA2OX3IEHTC,"31.234168623222903,29.96796599618336",1,500 METRE,27 Apr 2026 09:19:07 GMT,TUESDAY,SW2,34,550,DISABLED,0,0,DISABLED
2417925574,alakhua,Store Active,Alexandria,Al Iskandarīyah,00000,DEX5,M T W T F S _,BCBXXJE3V5PP6TOPT25IG12LN9WTSORSDA2CDSROSTW9NLDPXTQ2EIA2OX3IEHTC,"31.234168623222903,29.96796599618336",1,500 METRE,27 Apr 2026 09:19:07 GMT,WEDNESDAY,SW1,35,550,ENABLED,0,0,DISABLED
2417925574,alakhua,Store Active,Alexandria,Al Iskandarīyah,00000,DEX5,M T W T F S _,BCBXXJE3V5PP6TOPT25IG12LN9WTSORSDA2CDSROSTW9NLDPXTQ2EIA2OX3IEHTC,"31.234168623222903,29.96796599618336",1,500 METRE,27 Apr 2026 09:19:07 GMT,WEDNESDAY,SW2,35,550,DISABLED,0,0,DISABLED
2417925574,alakhua,Store Active,Alexandria,Al Iskandarīyah,00000,DEX5,M T W T F S _,BCBXXJE3V5PP6TOPT25IG12LN9WTSORSDA2CDSROSTW9NLDPXTQ2EIA2OX3IEHTC,"31.234168623222903,29.96796599618336",1,500 METRE,27 Apr 2026 09:19:07 GMT,THURSDAY,SW1,35,550,ENABLED,0,0,DISABLED
2417925574,alakhua,Store Active,Alexandria,Al Iskandarīyah,00000,DEX5,M T W T F S _,BCBXXJE3V5PP6TOPT25IG12LN9WTSORSDA2CDSROSTW9NLDPXTQ2EIA2OX3IEHTC,"31.234168623222903,29.96796599618336",1,500 METRE,27 Apr 2026 09:19:07 GMT,THURSDAY,SW2,35,550,DISABLED,0,0,DISABLED
2417925574,alakhua,Store Active,Alexandria,Al Iskandarīyah,00000,DEX5,M T W T F S _,BCBXXJE3V5PP6TOPT25IG12LN9WTSORSDA2CDSROSTW9NLDPXTQ2EIA2OX3IEHTC,"31.234168623222903,29.96796599618336",1,500 METRE,27 Apr 2026 09:19:07 GMT,FRIDAY,SW1,35,550,ENABLED,0,0,DISABLED
2417925574,alakhua,Store Active,Alexandria,Al Iskandarīyah,00000,DEX5,M T W T F S _,BCBXXJE3V5PP6TOPT25IG12LN9WTSORSDA2CDSROSTW9NLDPXTQ2EIA2OX3IEHTC,"31.234168623222903,29.96796599618336",1,500 METRE,27 Apr 2026 09:19:07 GMT,FRIDAY,SW2,35,550,DISABLED,0,0,DISABLED
2417925574,alakhua,Store Active,Alexandria,Al Iskandarīyah,00000,DEX5,M T W T F S _,BCBXXJE3V5PP6TOPT25IG12LN9WTSORSDA2CDSROSTW9NLDPXTQ2EIA2OX3IEHTC,"31.234168623222903,29.96796599618336",1,500 METRE,27 Apr 2026 09:19:07 GMT,SATURDAY,SW1,35,550,ENABLED,0,0,DISABLED
2417925574,alakhua,Store Active,Alexandria,Al Iskandarīyah,00000,DEX5,M T W T F S _,BCBXXJE3V5PP6TOPT25IG12LN9WTSORSDA2CDSROSTW9NLDPXTQ2EIA2OX3IEHTC,"31.234168623222903,29.96796599618336",1,500 METRE,27 Apr 2026 09:19:07 GMT,SATURDAY,SW2,35,550,DISABLED,0,0,DISABLED
2417925574,alakhua,Store Active,Alexandria,Al Iskandarīyah,00000,DEX5,M T W T F S _,BCBXXJE3V5PP6TOPT25IG12LN9WTSORSDA2CDSROSTW9NLDPXTQ2EIA2OX3IEHTC,"31.234168623222903,29.96796599618336",1,500 METRE,27 Apr 2026 09:19:07 GMT,SUNDAY,SW1,35,550,ENABLED,0,0,DISABLED
2417925574,alakhua,Store Active,Alexandria,Al Iskandarīyah,00000,DEX5,M T W T F S _,BCBXXJE3V5PP6TOPT25IG12LN9WTSORSDA2CDSROSTW9NLDPXTQ2EIA2OX3IEHTC,"31.234168623222903,29.96796599618336",1,500 METRE,27 Apr 2026 09:19:07 GMT,SUNDAY,SW2,35,550,DISABLED,0,0,DISABLED
8836674828,Tota's Barber Shop ,Store Active,Alexandria,Al Iskandarīyah,00000,DEX5,M T W T _ S S,CWPDHVVSKWOZA4G3YFGQG12LN9WTSORSDA2CDSROSTW9NLDPXTQ2EIA2OX5IKMRS,"31.22949307129999,29.960168084655525",1,375 METRE,30 Jul 2026 13:17:55 GMT,MONDAY,SW1,50,425,ENABLED,0,0,DISABLED
8836674828,Tota's Barber Shop ,Store Active,Alexandria,Al Iskandarīyah,00000,DEX5,M T W T _ S S,CWPDHVVSKWOZA4G3YFGQG12LN9WTSORSDA2CDSROSTW9NLDPXTQ2EIA2OX5IKMRS,"31.22949307129999,29.960168084655525",1,375 METRE,30 Jul 2026 13:17:55 GMT,MONDAY,SW2,50,425,ENABLED,0,0,DISABLED
8836674828,Tota's Barber Shop ,Store Active,Alexandria,Al Iskandarīyah,00000,DEX5,M T W T _ S S,CWPDHVVSKWOZA4G3YFGQG12LN9WTSORSDA2CDSROSTW9NLDPXTQ2EIA2OX5IKMRS,"31.22949307129999,29.960168084655525",1,375 METRE,30 Jul 2026 13:17:55 GMT,TUESDAY,SW1,50,425,ENABLED,0,0,DISABLED
8836674828,Tota's Barber Shop ,Store Active,Alexandria,Al Iskandarīyah,00000,DEX5,M T W T _ S S,CWPDHVVSKWOZA4G3YFGQG12LN9WTSORSDA2CDSROSTW9NLDPXTQ2EIA2OX5IKMRS,"31.22949307129999,29.960168084655525",1,375 METRE,30 Jul 2026 13:17:55 GMT,TUESDAY,SW2,50,425,ENABLED,0,0,DISABLED
8836674828,Tota's Barber Shop ,Store Active,Alexandria,Al Iskandarīyah,00000,DEX5,M T W T _ S S,CWPDHVVSKWOZA4G3YFGQG12LN9WTSORSDA2CDSROSTW9NLDPXTQ2EIA2OX5IKMRS,"31.22949307129999,29.960168084655525",1,375 METRE,30 Jul 2026 13:17:55 GMT,WEDNESDAY,SW1,50,425,ENABLED,0,0,DISABLED
8836674828,Tota's Barber Shop ,Store Active,Alexandria,Al Iskandarīyah,00000,DEX5,M T W T _ S S,CWPDHVVSKWOZA4G3YFGQG12LN9WTSORSDA2CDSROSTW9NLDPXTQ2EIA2OX5IKMRS,"31.22949307129999,29.960168084655525",1,375 METRE,30 Jul 2026 13:17:55 GMT,WEDNESDAY,SW2,50,425,ENABLED,0,0,DISABLED
8836674828,Tota's Barber Shop ,Store Active,Alexandria,Al Iskandarīyah,00000,DEX5,M T W T _ S S,CWPDHVVSKWOZA4G3YFGQG12LN9WTSORSDA2CDSROSTW9NLDPXTQ2EIA2OX5IKMRS,"31.22949307129999,29.960168084655525",1,375 METRE,30 Jul 2026 13:17:55 GMT,THURSDAY,SW1,50,425,ENABLED,0,0,DISABLED
8836674828,Tota's Barber Shop ,Store Active,Alexandria,Al Iskandarīyah,00000,DEX5,M T W T _ S S,CWPDHVVSKWOZA4G3YFGQG12LN9WTSORSDA2CDSROSTW9NLDPXTQ2EIA2OX5IKMRS,"31.22949307129999,29.960168084655525",1,375 METRE,30 Jul 2026 13:17:55 GMT,THURSDAY,SW2,50,425,ENABLED,0,0,DISABLED
8836674828,Tota's Barber Shop ,Store Active,Alexandria,Al Iskandarīyah,00000,DEX5,M T W T _ S S,CWPDHVVSKWOZA4G3YFGQG12LN9WTSORSDA2CDSROSTW9NLDPXTQ2EIA2OX5IKMRS,"31.22949307129999,29.960168084655525",1,375 METRE,30 Jul 2026 13:17:55 GMT,FRIDAY,SW1,50,425,ENABLED,0,0,DISABLED
8836674828,Tota's Barber Shop ,Store Active,Alexandria,Al Iskandarīyah,00000,DEX5,M T W T _ S S,CWPDHVVSKWOZA4G3YFGQG12LN9WTSORSDA2CDSROSTW9NLDPXTQ2EIA2OX5IKMRS,"31.22949307129999,29.960168084655525",1,375 METRE,30 Jul 2026 13:17:55 GMT,FRIDAY,SW2,50,425,ENABLED,0,0,DISABLED
8836674828,Tota's Barber Shop ,Store Active,Alexandria,Al Iskandarīyah,00000,DEX5,M T W T _ S S,CWPDHVVSKWOZA4G3YFGQG12LN9WTSORSDA2CDSROSTW9NLDPXTQ2EIA2OX5IKMRS,"31.22949307129999,29.960168084655525",1,375 METRE,30 Jul 2026 13:17:55 GMT,SATURDAY,SW1,50,425,ENABLED,0,0,DISABLED
8836674828,Tota's Barber Shop ,Store Active,Alexandria,Al Iskandarīyah,00000,DEX5,M T W T _ S S,CWPDHVVSKWOZA4G3YFGQG12LN9WTSORSDA2CDSROSTW9NLDPXTQ2EIA2OX5IKMRS,"31.22949307129999,29.960168084655525",1,375 METRE,30 Jul 2026 13:17:55 GMT,SATURDAY,SW2,50,425,ENABLED,0,0,DISABLED
8836674828,Tota's Barber Shop ,Store Active,Alexandria,Al Iskandarīyah,00000,DEX5,M T W T _ S S,CWPDHVVSKWOZA4G3YFGQG12LN9WTSORSDA2CDSROSTW9NLDPXTQ2EIA2OX5IKMRS,"31.22949307129999,29.960168084655525",1,375 METRE,30 Jul 2026 13:17:55 GMT,SUNDAY,SW1,50,425,ENABLED,0,0,DISABLED
8836674828,Tota's Barber Shop ,Store Active,Alexandria,Al Iskandarīyah,00000,DEX5,M T W T _ S S,CWPDHVVSKWOZA4G3YFGQG12LN9WTSORSDA2CDSROSTW9NLDPXTQ2EIA2OX5IKMRS,"31.22949307129999,29.960168084655525",1,375 METRE,30 Jul 2026 13:17:55 GMT,SUNDAY,SW2,50,425,ENABLED,0,0,DISABLED
8549083594,Two m,Store Active,Alexandria,Al Iskandarīyah,00000,DEX5,M T W T _ S S,KYJJFVJUIYXSOUX4ORL4G12LN9WTSORSDA2CDSROSTW9NLDPXTQ2EIA2OXTCXJ5Z,"31.208948538961995,29.928902709616455",1,375 METRE,24 Feb 2025 14:49:15 GMT,MONDAY,SW1,50,425,ENABLED,0,0,DISABLED
8549083594,Two m,Store Active,Alexandria,Al Iskandarīyah,00000,DEX5,M T W T _ S S,KYJJFVJUIYXSOUX4ORL4G12LN9WTSORSDA2CDSROSTW9NLDPXTQ2EIA2OXTCXJ5Z,"31.208948538961995,29.928902709616455",1,375 METRE,24 Feb 2025 14:49:15 GMT,MONDAY,SW2,50,425,DISABLED,0,0,DISABLED
8549083594,Two m,Store Active,Alexandria,Al Iskandarīyah,00000,DEX5,M T W T _ S S,KYJJFVJUIYXSOUX4ORL4G12LN9WTSORSDA2CDSROSTW9NLDPXTQ2EIA2OXTCXJ5Z,"31.208948538961995,29.928902709616455",1,375 METRE,24 Feb 2025 14:49:15 GMT,TUESDAY,SW1,50,425,ENABLED,0,0,DISABLED
8549083594,Two m,Store Active,Alexandria,Al Iskandarīyah,00000,DEX5,M T W T _ S S,KYJJFVJUIYXSOUX4ORL4G12LN9WTSORSDA2CDSROSTW9NLDPXTQ2EIA2OXTCXJ5Z,"31.208948538961995,29.928902709616455",1,375 METRE,24 Feb 2025 14:49:15 GMT,TUESDAY,SW2,50,425,DISABLED,0,0,DISABLED
8549083594,Two m,Store Active,Alexandria,Al Iskandarīyah,00000,DEX5,M T W T _ S S,KYJJFVJUIYXSOUX4ORL4G12LN9WTSORSDA2CDSROSTW9NLDPXTQ2EIA2OXTCXJ5Z,"31.208948538961995,29.928902709616455",1,375 METRE,24 Feb 2025 14:49:15 GMT,WEDNESDAY,SW1,50,425,ENABLED,0,0,DISABLED
8549083594,Two m,Store Active,Alexandria,Al Iskandarīyah,00000,DEX5,M T W T _ S S,KYJJFVJUIYXSOUX4ORL4G12LN9WTSORSDA2CDSROSTW9NLDPXTQ2EIA2OXTCXJ5Z,"31.208948538961995,29.928902709616455",1,375 METRE,24 Feb 2025 14:49:15 GMT,WEDNESDAY,SW2,50,425,DISABLED,0,0,DISABLED
8549083594,Two m,Store Active,Alexandria,Al Iskandarīyah,00000,DEX5,M T W T _ S S,KYJJFVJUIYXSOUX4ORL4G12LN9WTSORSDA2CDSROSTW9NLDPXTQ2EIA2OXTCXJ5Z,"31.208948538961995,29.928902709616455",1,375 METRE,24 Feb 2025 14:49:15 GMT,THURSDAY,SW1,50,425,ENABLED,0,0,DISABLED
8549083594,Two m,Store Active,Alexandria,Al Iskandarīyah,00000,DEX5,M T W T _ S S,KYJJFVJUIYXSOUX4ORL4G12LN9WTSORSDA2CDSROSTW9NLDPXTQ2EIA2OXTCXJ5Z,"31.208948538961995,29.928902709616455",1,375 METRE,24 Feb 2025 14:49:15 GMT,THURSDAY,SW2,50,425,DISABLED,0,0,DISABLED
8549083594,Two m,Store Active,Alexandria,Al Iskandarīyah,00000,DEX5,M T W T _ S S,KYJJFVJUIYXSOUX4ORL4G12LN9WTSORSDA2CDSROSTW9NLDPXTQ2EIA2OXTCXJ5Z,"31.208948538961995,29.928902709616455",1,375 METRE,24 Feb 2025 14:49:15 GMT,FRIDAY,SW1,50,425,ENABLED,0,0,DISABLED
8549083594,Two m,Store Active,Alexandria,Al Iskandarīyah,00000,DEX5,M T W T _ S S,KYJJFVJUIYXSOUX4ORL4G12LN9WTSORSDA2CDSROSTW9NLDPXTQ2EIA2OXTCXJ5Z,"31.208948538961995,29.928902709616455",1,375 METRE,24 Feb 2025 14:49:15 GMT,FRIDAY,SW2,50,425,DISABLED,0,0,DISABLED
8549083594,Two m,Store Active,Alexandria,Al Iskandarīyah,00000,DEX5,M T W T _ S S,KYJJFVJUIYXSOUX4ORL4G12LN9WTSORSDA2CDSROSTW9NLDPXTQ2EIA2OXTCXJ5Z,"31.208948538961995,29.928902709616455",1,375 METRE,24 Feb 2025 14:49:15 GMT,SATURDAY,SW1,50,425,ENABLED,0,0,DISABLED
8549083594,Two m,Store Active,Alexandria,Al Iskandarīyah,00000,DEX5,M T W T _ S S,KYJJFVJUIYXSOUX4ORL4G12LN9WTSORSDA2CDSROSTW9NLDPXTQ2EIA2OXTCXJ5Z,"31.208948538961995,29.928902709616455",1,375 METRE,24 Feb 2025 14:49:15 GMT,SATURDAY,SW2,50,425,DISABLED,0,0,DISABLED
8549083594,Two m,Store Active,Alexandria,Al Iskandarīyah,00000,DEX5,M T W T _ S S,KYJJFVJUIYXSOUX4ORL4G12LN9WTSORSDA2CDSROSTW9NLDPXTQ2EIA2OXTCXJ5Z,"31.208948538961995,29.928902709616455",1,375 METRE,24 Feb 2025 14:49:15 GMT,SUNDAY,SW1,50,425,ENABLED,0,0,DISABLED
8549083594,Two m,Store Active,Alexandria,Al Iskandarīyah,00000,DEX5,M T W T _ S S,KYJJFVJUIYXSOUX4ORL4G12LN9WTSORSDA2CDSROSTW9NLDPXTQ2EIA2OXTCXJ5Z,"31.208948538961995,29.928902709616455",1,375 METRE,24 Feb 2025 14:49:15 GMT,SUNDAY,SW2,50,425,DISABLED,0,0,DISABLED
9421433420,DRy clean elkoptan,Store Active,Smouha,Al Iskandarīyah,00000,DEX5,M T W T _ S S,ZCIGX5BB65UMEYWXI55MG12LN9WTSORSDA2CDSROSTW9NLDPXTQ2EIA2OX4CQ2UP,"31.214725748174573,29.939952410433804",2,375 METRE,9 Oct 2024 09:31:48 GMT,MONDAY,SW1,50,425,ENABLED,0,0,DISABLED
9421433420,DRy clean elkoptan,Store Active,Smouha,Al Iskandarīyah,00000,DEX5,M T W T _ S S,ZCIGX5BB65UMEYWXI55MG12LN9WTSORSDA2CDSROSTW9NLDPXTQ2EIA2OX4CQ2UP,"31.214725748174573,29.939952410433804",2,375 METRE,9 Oct 2024 09:31:48 GMT,MONDAY,SW2,50,425,DISABLED,0,0,DISABLED
9421433420,DRy clean elkoptan,Store Active,Smouha,Al Iskandarīyah,00000,DEX5,M T W T _ S S,ZCIGX5BB65UMEYWXI55MG12LN9WTSORSDA2CDSROSTW9NLDPXTQ2EIA2OX4CQ2UP,"31.214725748174573,29.939952410433804",2,375 METRE,9 Oct 2024 09:31:48 GMT,TUESDAY,SW1,50,425,ENABLED,0,0,DISABLED
9421433420,DRy clean elkoptan,Store Active,Smouha,Al Iskandarīyah,00000,DEX5,M T W T _ S S,ZCIGX5BB65UMEYWXI55MG12LN9WTSORSDA2CDSROSTW9NLDPXTQ2EIA2OX4CQ2UP,"31.214725748174573,29.939952410433804",2,375 METRE,9 Oct 2024 09:31:48 GMT,TUESDAY,SW2,50,425,DISABLED,0,0,DISABLED
9421433420,DRy clean elkoptan,Store Active,Smouha,Al Iskandarīyah,00000,DEX5,M T W T _ S S,ZCIGX5BB65UMEYWXI55MG12LN9WTSORSDA2CDSROSTW9NLDPXTQ2EIA2OX4CQ2UP,"31.214725748174573,29.939952410433804",2,375 METRE,9 Oct 2024 09:31:48 GMT,WEDNESDAY,SW1,50,425,ENABLED,0,0,DISABLED
9421433420,DRy clean elkoptan,Store Active,Smouha,Al Iskandarīyah,00000,DEX5,M T W T _ S S,ZCIGX5BB65UMEYWXI55MG12LN9WTSORSDA2CDSROSTW9NLDPXTQ2EIA2OX4CQ2UP,"31.214725748174573,29.939952410433804",2,375 METRE,9 Oct 2024 09:31:48 GMT,WEDNESDAY,SW2,50,425,DISABLED,0,0,DISABLED
9421433420,DRy clean elkoptan,Store Active,Smouha,Al Iskandarīyah,00000,DEX5,M T W T _ S S,ZCIGX5BB65UMEYWXI55MG12LN9WTSORSDA2CDSROSTW9NLDPXTQ2EIA2OX4CQ2UP,"31.214725748174573,29.939952410433804",2,375 METRE,9 Oct 2024 09:31:48 GMT,THURSDAY,SW1,50,425,ENABLED,0,0,DISABLED
9421433420,DRy clean elkoptan,Store Active,Smouha,Al Iskandarīyah,00000,DEX5,M T W T _ S S,ZCIGX5BB65UMEYWXI55MG12LN9WTSORSDA2CDSROSTW9NLDPXTQ2EIA2OX4CQ2UP,"31.214725748174573,29.939952410433804",2,375 METRE,9 Oct 2024 09:31:48 GMT,THURSDAY,SW2,50,425,DISABLED,0,0,DISABLED
9421433420,DRy clean elkoptan,Store Active,Smouha,Al Iskandarīyah,00000,DEX5,M T W T _ S S,ZCIGX5BB65UMEYWXI55MG12LN9WTSORSDA2CDSROSTW9NLDPXTQ2EIA2OX4CQ2UP,"31.214725748174573,29.939952410433804",2,375 METRE,9 Oct 2024 09:31:48 GMT,FRIDAY,SW1,50,425,ENABLED,0,0,DISABLED
9421433420,DRy clean elkoptan,Store Active,Smouha,Al Iskandarīyah,00000,DEX5,M T W T _ S S,ZCIGX5BB65UMEYWXI55MG12LN9WTSORSDA2CDSROSTW9NLDPXTQ2EIA2OX4CQ2UP,"31.214725748174573,29.939952410433804",2,375 METRE,9 Oct 2024 09:31:48 GMT,FRIDAY,SW2,50,425,DISABLED,0,0,DISABLED
9421433420,DRy clean elkoptan,Store Active,Smouha,Al Iskandarīyah,00000,DEX5,M T W T _ S S,ZCIGX5BB65UMEYWXI55MG12LN9WTSORSDA2CDSROSTW9NLDPXTQ2EIA2OX4CQ2UP,"31.214725748174573,29.939952410433804",2,375 METRE,9 Oct 2024 09:31:48 GMT,SATURDAY,SW1,50,425,ENABLED,0,0,DISABLED
9421433420,DRy clean elkoptan,Store Active,Smouha,Al Iskandarīyah,00000,DEX5,M T W T _ S S,ZCIGX5BB65UMEYWXI55MG12LN9WTSORSDA2CDSROSTW9NLDPXTQ2EIA2OX4CQ2UP,"31.214725748174573,29.939952410433804",2,375 METRE,9 Oct 2024 09:31:48 GMT,SATURDAY,SW2,50,425,DISABLED,0,0,DISABLED
9421433420,DRy clean elkoptan,Store Active,Smouha,Al Iskandarīyah,00000,DEX5,M T W T _ S S,ZCIGX5BB65UMEYWXI55MG12LN9WTSORSDA2CDSROSTW9NLDPXTQ2EIA2OX4CQ2UP,"31.214725748174573,29.939952410433804",2,375 METRE,9 Oct 2024 09:31:48 GMT,SUNDAY,SW1,50,425,ENABLED,0,0,DISABLED
9421433420,DRy clean elkoptan,Store Active,Smouha,Al Iskandarīyah,00000,DEX5,M T W T _ S S,ZCIGX5BB65UMEYWXI55MG12LN9WTSORSDA2CDSROSTW9NLDPXTQ2EIA2OX4CQ2UP,"31.214725748174573,29.939952410433804",2,375 METRE,9 Oct 2024 09:31:48 GMT,SUNDAY,SW2,50,425,DISABLED,0,0,DISABLED
8408983777,صابركو للأدوات الصحيه,Store Inactive,alexandria,Al Iskandarīyah,00000,DEX5,M T W T _ S S,HLQDBSOXPBYDUXRXXWRIG12LN9WTSORSDA2CDSROSTW9NLDPXTQ2EIA2OXZTLY3P,"31.223133533144054,29.937863596207404",1,400 METRE,NA,MONDAY,SW1,0,450,ENABLED,0,0,DISABLED
8408983777,صابركو للأدوات الصحيه,Store Inactive,alexandria,Al Iskandarīyah,00000,DEX5,M T W T _ S S,HLQDBSOXPBYDUXRXXWRIG12LN9WTSORSDA2CDSROSTW9NLDPXTQ2EIA2OXZTLY3P,"31.223133533144054,29.937863596207404",1,400 METRE,NA,MONDAY,SW2,0,450,DISABLED,0,0,DISABLED
8408983777,صابركو للأدوات الصحيه,Store Inactive,alexandria,Al Iskandarīyah,00000,DEX5,M T W T _ S S,HLQDBSOXPBYDUXRXXWRIG12LN9WTSORSDA2CDSROSTW9NLDPXTQ2EIA2OXZTLY3P,"31.223133533144054,29.937863596207404",1,400 METRE,NA,TUESDAY,SW1,0,450,ENABLED,0,0,DISABLED
8408983777,صابركو للأدوات الصحيه,Store Inactive,alexandria,Al Iskandarīyah,00000,DEX5,M T W T _ S S,HLQDBSOXPBYDUXRXXWRIG12LN9WTSORSDA2CDSROSTW9NLDPXTQ2EIA2OXZTLY3P,"31.223133533144054,29.937863596207404",1,400 METRE,NA,TUESDAY,SW2,0,450,DISABLED,0,0,DISABLED
8408983777,صابركو للأدوات الصحيه,Store Inactive,alexandria,Al Iskandarīyah,00000,DEX5,M T W T _ S S,HLQDBSOXPBYDUXRXXWRIG12LN9WTSORSDA2CDSROSTW9NLDPXTQ2EIA2OXZTLY3P,"31.223133533144054,29.937863596207404",1,400 METRE,NA,WEDNESDAY,SW1,0,450,ENABLED,0,0,DISABLED
8408983777,صابركو للأدوات الصحيه,Store Inactive,alexandria,Al Iskandarīyah,00000,DEX5,M T W T _ S S,HLQDBSOXPBYDUXRXXWRIG12LN9WTSORSDA2CDSROSTW9NLDPXTQ2EIA2OXZTLY3P,"31.223133533144054,29.937863596207404",1,400 METRE,NA,WEDNESDAY,SW2,0,450,DISABLED,0,0,DISABLED
8408983777,صابركو للأدوات الصحيه,Store Inactive,alexandria,Al Iskandarīyah,00000,DEX5,M T W T _ S S,HLQDBSOXPBYDUXRXXWRIG12LN9WTSORSDA2CDSROSTW9NLDPXTQ2EIA2OXZTLY3P,"31.223133533144054,29.937863596207404",1,400 METRE,NA,THURSDAY,SW1,0,450,ENABLED,0,0,DISABLED
8408983777,صابركو للأدوات الصحيه,Store Inactive,alexandria,Al Iskandarīyah,00000,DEX5,M T W T _ S S,HLQDBSOXPBYDUXRXXWRIG12LN9WTSORSDA2CDSROSTW9NLDPXTQ2EIA2OXZTLY3P,"31.223133533144054,29.937863596207404",1,400 METRE,NA,THURSDAY,SW2,0,450,DISABLED,0,0,DISABLED
8408983777,صابركو للأدوات الصحيه,Store Inactive,alexandria,Al Iskandarīyah,00000,DEX5,M T W T _ S S,HLQDBSOXPBYDUXRXXWRIG12LN9WTSORSDA2CDSROSTW9NLDPXTQ2EIA2OXZTLY3P,"31.223133533144054,29.937863596207404",1,400 METRE,NA,FRIDAY,SW1,0,450,ENABLED,0,0,DISABLED
8408983777,صابركو للأدوات الصحيه,Store Inactive,alexandria,Al Iskandarīyah,00000,DEX5,M T W T _ S S,HLQDBSOXPBYDUXRXXWRIG12LN9WTSORSDA2CDSROSTW9NLDPXTQ2EIA2OXZTLY3P,"31.223133533144054,29.937863596207404",1,400 METRE,NA,FRIDAY,SW2,0,450,DISABLED,0,0,DISABLED
8408983777,صابركو للأدوات الصحيه,Store Inactive,alexandria,Al Iskandarīyah,00000,DEX5,M T W T _ S S,HLQDBSOXPBYDUXRXXWRIG12LN9WTSORSDA2CDSROSTW9NLDPXTQ2EIA2OXZTLY3P,"31.223133533144054,29.937863596207404",1,400 METRE,NA,SATURDAY,SW1,0,450,ENABLED,0,0,DISABLED
8408983777,صابركو للأدوات الصحيه,Store Inactive,alexandria,Al Iskandarīyah,00000,DEX5,M T W T _ S S,HLQDBSOXPBYDUXRXXWRIG12LN9WTSORSDA2CDSROSTW9NLDPXTQ2EIA2OXZTLY3P,"31.223133533144054,29.937863596207404",1,400 METRE,NA,SATURDAY,SW2,0,450,DISABLED,0,0,DISABLED
8408983777,صابركو للأدوات الصحيه,Store Inactive,alexandria,Al Iskandarīyah,00000,DEX5,M T W T _ S S,HLQDBSOXPBYDUXRXXWRIG12LN9WTSORSDA2CDSROSTW9NLDPXTQ2EIA2OXZTLY3P,"31.223133533144054,29.937863596207404",1,400 METRE,NA,SUNDAY,SW1,0,450,ENABLED,0,0,DISABLED
8408983777,صابركو للأدوات الصحيه,Store Inactive,alexandria,Al Iskandarīyah,00000,DEX5,M T W T _ S S,HLQDBSOXPBYDUXRXXWRIG12LN9WTSORSDA2CDSROSTW9NLDPXTQ2EIA2OXZTLY3P,"31.223133533144054,29.937863596207404",1,400 METRE,NA,SUNDAY,SW2,0,450,DISABLED,0,0,DISABLED
4438668684,Tweety,Store Inactive,مصطفى كامل,Al Iskandarīyah,00000,DEX5,M T W T _ S S,D2ZYIFN3UMPA6DP4IQBIG12LN9WTSORSDA2CDSROSTW9NLDPXTQ2EIA2OXA7W32Y,"31.22894873,29.9488736",2,375 METRE,NA,MONDAY,SW1,0,425,ENABLED,0,0,DISABLED
4438668684,Tweety,Store Inactive,مصطفى كامل,Al Iskandarīyah,00000,DEX5,M T W T _ S S,D2ZYIFN3UMPA6DP4IQBIG12LN9WTSORSDA2CDSROSTW9NLDPXTQ2EIA2OXA7W32Y,"31.22894873,29.9488736",2,375 METRE,NA,MONDAY,SW2,0,425,DISABLED,0,0,DISABLED
4438668684,Tweety,Store Inactive,مصطفى كامل,Al Iskandarīyah,00000,DEX5,M T W T _ S S,D2ZYIFN3UMPA6DP4IQBIG12LN9WTSORSDA2CDSROSTW9NLDPXTQ2EIA2OXA7W32Y,"31.22894873,29.9488736",2,375 METRE,NA,TUESDAY,SW1,0,425,ENABLED,0,0,DISABLED
4438668684,Tweety,Store Inactive,مصطفى كامل,Al Iskandarīyah,00000,DEX5,M T W T _ S S,D2ZYIFN3UMPA6DP4IQBIG12LN9WTSORSDA2CDSROSTW9NLDPXTQ2EIA2OXA7W32Y,"31.22894873,29.9488736",2,375 METRE,NA,TUESDAY,SW2,0,425,DISABLED,0,0,DISABLED
4438668684,Tweety,Store Inactive,مصطفى كامل,Al Iskandarīyah,00000,DEX5,M T W T _ S S,D2ZYIFN3UMPA6DP4IQBIG12LN9WTSORSDA2CDSROSTW9NLDPXTQ2EIA2OXA7W32Y,"31.22894873,29.9488736",2,375 METRE,NA,WEDNESDAY,SW1,0,425,ENABLED,0,0,DISABLED
4438668684,Tweety,Store Inactive,مصطفى كامل,Al Iskandarīyah,00000,DEX5,M T W T _ S S,D2ZYIFN3UMPA6DP4IQBIG12LN9WTSORSDA2CDSROSTW9NLDPXTQ2EIA2OXA7W32Y,"31.22894873,29.9488736",2,375 METRE,NA,WEDNESDAY,SW2,0,425,DISABLED,0,0,DISABLED
4438668684,Tweety,Store Inactive,مصطفى كامل,Al Iskandarīyah,00000,DEX5,M T W T _ S S,D2ZYIFN3UMPA6DP4IQBIG12LN9WTSORSDA2CDSROSTW9NLDPXTQ2EIA2OXA7W32Y,"31.22894873,29.9488736",2,375 METRE,NA,THURSDAY,SW1,0,425,ENABLED,0,0,DISABLED
4438668684,Tweety,Store Inactive,مصطفى كامل,Al Iskandarīyah,00000,DEX5,M T W T _ S S,D2ZYIFN3UMPA6DP4IQBIG12LN9WTSORSDA2CDSROSTW9NLDPXTQ2EIA2OXA7W32Y,"31.22894873,29.9488736",2,375 METRE,NA,THURSDAY,SW2,0,425,DISABLED,0,0,DISABLED
4438668684,Tweety,Store Inactive,مصطفى كامل,Al Iskandarīyah,00000,DEX5,M T W T _ S S,D2ZYIFN3UMPA6DP4IQBIG12LN9WTSORSDA2CDSROSTW9NLDPXTQ2EIA2OXA7W32Y,"31.22894873,29.9488736",2,375 METRE,NA,FRIDAY,SW1,0,425,ENABLED,0,0,DISABLED
4438668684,Tweety,Store Inactive,مصطفى كامل,Al Iskandarīyah,00000,DEX5,M T W T _ S S,D2ZYIFN3UMPA6DP4IQBIG12LN9WTSORSDA2CDSROSTW9NLDPXTQ2EIA2OXA7W32Y,"31.22894873,29.9488736",2,375 METRE,NA,FRIDAY,SW2,0,425,DISABLED,0,0,DISABLED
4438668684,Tweety,Store Inactive,مصطفى كامل,Al Iskandarīyah,00000,DEX5,M T W T _ S S,D2ZYIFN3UMPA6DP4IQBIG12LN9WTSORSDA2CDSROSTW9NLDPXTQ2EIA2OXA7W32Y,"31.22894873,29.9488736",2,375 METRE,NA,SATURDAY,SW1,0,425,ENABLED,0,0,DISABLED
4438668684,Tweety,Store Inactive,مصطفى كامل,Al Iskandarīyah,00000,DEX5,M T W T _ S S,D2ZYIFN3UMPA6DP4IQBIG12LN9WTSORSDA2CDSROSTW9NLDPXTQ2EIA2OXA7W32Y,"31.22894873,29.9488736",2,375 METRE,NA,SATURDAY,SW2,0,425,DISABLED,0,0,DISABLED
4438668684,Tweety,Store Inactive,مصطفى كامل,Al Iskandarīyah,00000,DEX5,M T W T _ S S,D2ZYIFN3UMPA6DP4IQBIG12LN9WTSORSDA2CDSROSTW9NLDPXTQ2EIA2OXA7W32Y,"31.22894873,29.9488736",2,375 METRE,NA,SUNDAY,SW1,0,425,ENABLED,0,0,DISABLED
4438668684,Tweety,Store Inactive,مصطفى كامل,Al Iskandarīyah,00000,DEX5,M T W T _ S S,D2ZYIFN3UMPA6DP4IQBIG12LN9WTSORSDA2CDSROSTW9NLDPXTQ2EIA2OXA7W32Y,"31.22894873,29.9488736",2,375 METRE,NA,SUNDAY,SW2,0,425,DISABLED,0,0,DISABLED
8911352391,Megaa Phone,Store Inactive,Alexandria,Al Iskandarīyah,00000,DEX5,M T W T _ S S,XUS2YP2PNP5OXEKP35M4G12LN9WTSORSDA2CDSROSTW9NLDPXTQ2EIA2OXLX6NYS,"31.22161173,29.97178873",1,375 METRE,NA,MONDAY,SW1,0,425,ENABLED,0,0,DISABLED
8911352391,Megaa Phone,Store Inactive,Alexandria,Al Iskandarīyah,00000,DEX5,M T W T _ S S,XUS2YP2PNP5OXEKP35M4G12LN9WTSORSDA2CDSROSTW9NLDPXTQ2EIA2OXLX6NYS,"31.22161173,29.97178873",1,375 METRE,NA,MONDAY,SW2,0,425,DISABLED,0,0,DISABLED
8911352391,Megaa Phone,Store Inactive,Alexandria,Al Iskandarīyah,00000,DEX5,M T W T _ S S,XUS2YP2PNP5OXEKP35M4G12LN9WTSORSDA2CDSROSTW9NLDPXTQ2EIA2OXLX6NYS,"31.22161173,29.97178873",1,375 METRE,NA,TUESDAY,SW1,0,425,ENABLED,0,0,DISABLED
8911352391,Megaa Phone,Store Inactive,Alexandria,Al Iskandarīyah,00000,DEX5,M T W T _ S S,XUS2YP2PNP5OXEKP35M4G12LN9WTSORSDA2CDSROSTW9NLDPXTQ2EIA2OXLX6NYS,"31.22161173,29.97178873",1,375 METRE,NA,TUESDAY,SW2,0,425,DISABLED,0,0,DISABLED
8911352391,Megaa Phone,Store Inactive,Alexandria,Al Iskandarīyah,00000,DEX5,M T W T _ S S,XUS2YP2PNP5OXEKP35M4G12LN9WTSORSDA2CDSROSTW9NLDPXTQ2EIA2OXLX6NYS,"31.22161173,29.97178873",1,375 METRE,NA,WEDNESDAY,SW1,0,425,ENABLED,0,0,DISABLED
8911352391,Megaa Phone,Store Inactive,Alexandria,Al Iskandarīyah,00000,DEX5,M T W T _ S S,XUS2YP2PNP5OXEKP35M4G12LN9WTSORSDA2CDSROSTW9NLDPXTQ2EIA2OXLX6NYS,"31.22161173,29.97178873",1,375 METRE,NA,WEDNESDAY,SW2,0,425,DISABLED,0,0,DISABLED
8911352391,Megaa Phone,Store Inactive,Alexandria,Al Iskandarīyah,00000,DEX5,M T W T _ S S,XUS2YP2PNP5OXEKP35M4G12LN9WTSORSDA2CDSROSTW9NLDPXTQ2EIA2OXLX6NYS,"31.22161173,29.97178873",1,375 METRE,NA,THURSDAY,SW1,0,425,ENABLED,0,0,DISABLED
8911352391,Megaa Phone,Store Inactive,Alexandria,Al Iskandarīyah,00000,DEX5,M T W T _ S S,XUS2YP2PNP5OXEKP35M4G12LN9WTSORSDA2CDSROSTW9NLDPXTQ2EIA2OXLX6NYS,"31.22161173,29.97178873",1,375 METRE,NA,THURSDAY,SW2,0,425,DISABLED,0,0,DISABLED
8911352391,Megaa Phone,Store Inactive,Alexandria,Al Iskandarīyah,00000,DEX5,M T W T _ S S,XUS2YP2PNP5OXEKP35M4G12LN9WTSORSDA2CDSROSTW9NLDPXTQ2EIA2OXLX6NYS,"31.22161173,29.97178873",1,375 METRE,NA,FRIDAY,SW1,0,425,ENABLED,0,0,DISABLED
8911352391,Megaa Phone,Store Inactive,Alexandria,Al Iskandarīyah,00000,DEX5,M T W T _ S S,XUS2YP2PNP5OXEKP35M4G12LN9WTSORSDA2CDSROSTW9NLDPXTQ2EIA2OXLX6NYS,"31.22161173,29.97178873",1,375 METRE,NA,FRIDAY,SW2,0,425,DISABLED,0,0,DISABLED
8911352391,Megaa Phone,Store Inactive,Alexandria,Al Iskandarīyah,00000,DEX5,M T W T _ S S,XUS2YP2PNP5OXEKP35M4G12LN9WTSORSDA2CDSROSTW9NLDPXTQ2EIA2OXLX6NYS,"31.22161173,29.97178873",1,375 METRE,NA,SATURDAY,SW1,0,425,ENABLED,0,0,DISABLED
8911352391,Megaa Phone,Store Inactive,Alexandria,Al Iskandarīyah,00000,DEX5,M T W T _ S S,XUS2YP2PNP5OXEKP35M4G12LN9WTSORSDA2CDSROSTW9NLDPXTQ2EIA2OXLX6NYS,"31.22161173,29.97178873",1,375 METRE,NA,SATURDAY,SW2,0,425,DISABLED,0,0,DISABLED
8911352391,Megaa Phone,Store Inactive,Alexandria,Al Iskandarīyah,00000,DEX5,M T W T _ S S,XUS2YP2PNP5OXEKP35M4G12LN9WTSORSDA2CDSROSTW9NLDPXTQ2EIA2OXLX6NYS,"31.22161173,29.97178873",1,375 METRE,NA,SUNDAY,SW1,0,425,ENABLED,0,0,DISABLED
8911352391,Megaa Phone,Store Inactive,Alexandria,Al Iskandarīyah,00000,DEX5,M T W T _ S S,XUS2YP2PNP5OXEKP35M4G12LN9WTSORSDA2CDSROSTW9NLDPXTQ2EIA2OXLX6NYS,"31.22161173,29.97178873",1,375 METRE,NA,SUNDAY,SW2,0,425,DISABLED,0,0,DISABLED
8711180110,ماركت الخديوي,Store Active,alexandria,Al Iskandarīyah,00000,DEX5,M T W T _ S S,7BFWUA2I57VQKKQ3ADDMG12LN9WTSORSDA2CDSROSTW9NLDPXTQ2EIA2OXXLJBB4,"31.252434860166456,29.97630483696627",1,400 METRE,19 Jul 2026 12:43:26 GMT,MONDAY,SW1,40,450,ENABLED,0,0,DISABLED
8711180110,ماركت الخديوي,Store Active,alexandria,Al Iskandarīyah,00000,DEX5,M T W T _ S S,7BFWUA2I57VQKKQ3ADDMG12LN9WTSORSDA2CDSROSTW9NLDPXTQ2EIA2OXXLJBB4,"31.252434860166456,29.97630483696627",1,400 METRE,19 Jul 2026 12:43:26 GMT,MONDAY,SW2,40,450,DISABLED,0,0,DISABLED
8711180110,ماركت الخديوي,Store Active,alexandria,Al Iskandarīyah,00000,DEX5,M T W T _ S S,7BFWUA2I57VQKKQ3ADDMG12LN9WTSORSDA2CDSROSTW9NLDPXTQ2EIA2OXXLJBB4,"31.252434860166456,29.97630483696627",1,400 METRE,19 Jul 2026 12:43:26 GMT,TUESDAY,SW1,40,450,ENABLED,0,0,DISABLED
8711180110,ماركت الخديوي,Store Active,alexandria,Al Iskandarīyah,00000,DEX5,M T W T _ S S,7BFWUA2I57VQKKQ3ADDMG12LN9WTSORSDA2CDSROSTW9NLDPXTQ2EIA2OXXLJBB4,"31.252434860166456,29.97630483696627",1,400 METRE,19 Jul 2026 12:43:26 GMT,TUESDAY,SW2,40,450,DISABLED,0,0,DISABLED
8711180110,ماركت الخديوي,Store Active,alexandria,Al Iskandarīyah,00000,DEX5,M T W T _ S S,7BFWUA2I57VQKKQ3ADDMG12LN9WTSORSDA2CDSROSTW9NLDPXTQ2EIA2OXXLJBB4,"31.252434860166456,29.97630483696627",1,400 METRE,19 Jul 2026 12:43:26 GMT,WEDNESDAY,SW1,40,450,ENABLED,0,0,DISABLED
8711180110,ماركت الخديوي,Store Active,alexandria,Al Iskandarīyah,00000,DEX5,M T W T _ S S,7BFWUA2I57VQKKQ3ADDMG12LN9WTSORSDA2CDSROSTW9NLDPXTQ2EIA2OXXLJBB4,"31.252434860166456,29.97630483696627",1,400 METRE,19 Jul 2026 12:43:26 GMT,WEDNESDAY,SW2,40,450,DISABLED,0,0,DISABLED
8711180110,ماركت الخديوي,Store Active,alexandria,Al Iskandarīyah,00000,DEX5,M T W T _ S S,7BFWUA2I57VQKKQ3ADDMG12LN9WTSORSDA2CDSROSTW9NLDPXTQ2EIA2OXXLJBB4,"31.252434860166456,29.97630483696627",1,400 METRE,19 Jul 2026 12:43:26 GMT,THURSDAY,SW1,40,450,ENABLED,0,0,DISABLED
8711180110,ماركت الخديوي,Store Active,alexandria,Al Iskandarīyah,00000,DEX5,M T W T _ S S,7BFWUA2I57VQKKQ3ADDMG12LN9WTSORSDA2CDSROSTW9NLDPXTQ2EIA2OXXLJBB4,"31.252434860166456,29.97630483696627",1,400 METRE,19 Jul 2026 12:43:26 GMT,THURSDAY,SW2,40,450,DISABLED,0,0,DISABLED
8711180110,ماركت الخديوي,Store Active,alexandria,Al Iskandarīyah,00000,DEX5,M T W T _ S S,7BFWUA2I57VQKKQ3ADDMG12LN9WTSORSDA2CDSROSTW9NLDPXTQ2EIA2OXXLJBB4,"31.252434860166456,29.97630483696627",1,400 METRE,19 Jul 2026 12:43:26 GMT,FRIDAY,SW1,40,450,ENABLED,0,0,DISABLED
8711180110,ماركت الخديوي,Store Active,alexandria,Al Iskandarīyah,00000,DEX5,M T W T _ S S,7BFWUA2I57VQKKQ3ADDMG12LN9WTSORSDA2CDSROSTW9NLDPXTQ2EIA2OXXLJBB4,"31.252434860166456,29.97630483696627",1,400 METRE,19 Jul 2026 12:43:26 GMT,FRIDAY,SW2,40,450,DISABLED,0,0,DISABLED
8711180110,ماركت الخديوي,Store Active,alexandria,Al Iskandarīyah,00000,DEX5,M T W T _ S S,7BFWUA2I57VQKKQ3ADDMG12LN9WTSORSDA2CDSROSTW9NLDPXTQ2EIA2OXXLJBB4,"31.252434860166456,29.97630483696627",1,400 METRE,19 Jul 2026 12:43:26 GMT,SATURDAY,SW1,40,450,ENABLED,0,0,DISABLED
8711180110,ماركت الخديوي,Store Active,alexandria,Al Iskandarīyah,00000,DEX5,M T W T _ S S,7BFWUA2I57VQKKQ3ADDMG12LN9WTSORSDA2CDSROSTW9NLDPXTQ2EIA2OXXLJBB4,"31.252434860166456,29.97630483696627",1,400 METRE,19 Jul 2026 12:43:26 GMT,SATURDAY,SW2,40,450,DISABLED,0,0,DISABLED
8711180110,ماركت الخديوي,Store Active,alexandria,Al Iskandarīyah,00000,DEX5,M T W T _ S S,7BFWUA2I57VQKKQ3ADDMG12LN9WTSORSDA2CDSROSTW9NLDPXTQ2EIA2OXXLJBB4,"31.252434860166456,29.97630483696627",1,400 METRE,19 Jul 2026 12:43:26 GMT,SUNDAY,SW1,40,450,ENABLED,0,0,DISABLED
8711180110,ماركت الخديوي,Store Active,alexandria,Al Iskandarīyah,00000,DEX5,M T W T _ S S,7BFWUA2I57VQKKQ3ADDMG12LN9WTSORSDA2CDSROSTW9NLDPXTQ2EIA2OXXLJBB4,"31.252434860166456,29.97630483696627",1,400 METRE,19 Jul 2026 12:43:26 GMT,SUNDAY,SW2,40,450,DISABLED,0,0,DISABLED
5033808212,Down,Store Active,Loran,Al Iskandarīyah,00000,DEX5,M T W T _ S S,OIQADN7UO7GWV3QJRIL4G12LN9WTSORSDA2CDSROSTW9NLDPXTQ2EIA2OXXJM6CO,"31.24809644,29.97322717",1,375 METRE,31 Oct 2024 12:19:37 GMT,MONDAY,SW1,40,425,ENABLED,0,0,DISABLED
5033808212,Down,Store Active,Loran,Al Iskandarīyah,00000,DEX5,M T W T _ S S,OIQADN7UO7GWV3QJRIL4G12LN9WTSORSDA2CDSROSTW9NLDPXTQ2EIA2OXXJM6CO,"31.24809644,29.97322717",1,375 METRE,31 Oct 2024 12:19:37 GMT,MONDAY,SW2,40,425,DISABLED,0,0,DISABLED
5033808212,Down,Store Active,Loran,Al Iskandarīyah,00000,DEX5,M T W T _ S S,OIQADN7UO7GWV3QJRIL4G12LN9WTSORSDA2CDSROSTW9NLDPXTQ2EIA2OXXJM6CO,"31.24809644,29.97322717",1,375 METRE,31 Oct 2024 12:19:37 GMT,TUESDAY,SW1,40,425,ENABLED,0,0,DISABLED
5033808212,Down,Store Active,Loran,Al Iskandarīyah,00000,DEX5,M T W T _ S S,OIQADN7UO7GWV3QJRIL4G12LN9WTSORSDA2CDSROSTW9NLDPXTQ2EIA2OXXJM6CO,"31.24809644,29.97322717",1,375 METRE,31 Oct 2024 12:19:37 GMT,TUESDAY,SW2,50,425,DISABLED,0,0,DISABLED
5033808212,Down,Store Active,Loran,Al Iskandarīyah,00000,DEX5,M T W T _ S S,OIQADN7UO7GWV3QJRIL4G12LN9WTSORSDA2CDSROSTW9NLDPXTQ2EIA2OXXJM6CO,"31.24809644,29.97322717",1,375 METRE,31 Oct 2024 12:19:37 GMT,WEDNESDAY,SW1,50,425,ENABLED,0,0,DISABLED
5033808212,Down,Store Active,Loran,Al Iskandarīyah,00000,DEX5,M T W T _ S S,OIQADN7UO7GWV3QJRIL4G12LN9WTSORSDA2CDSROSTW9NLDPXTQ2EIA2OXXJM6CO,"31.24809644,29.97322717",1,375 METRE,31 Oct 2024 12:19:37 GMT,WEDNESDAY,SW2,50,425,DISABLED,0,0,DISABLED
5033808212,Down,Store Active,Loran,Al Iskandarīyah,00000,DEX5,M T W T _ S S,OIQADN7UO7GWV3QJRIL4G12LN9WTSORSDA2CDSROSTW9NLDPXTQ2EIA2OXXJM6CO,"31.24809644,29.97322717",1,375 METRE,31 Oct 2024 12:19:37 GMT,THURSDAY,SW1,50,425,ENABLED,0,0,DISABLED
5033808212,Down,Store Active,Loran,Al Iskandarīyah,00000,DEX5,M T W T _ S S,OIQADN7UO7GWV3QJRIL4G12LN9WTSORSDA2CDSROSTW9NLDPXTQ2EIA2OXXJM6CO,"31.24809644,29.97322717",1,375 METRE,31 Oct 2024 12:19:37 GMT,THURSDAY,SW2,50,425,DISABLED,0,0,DISABLED
5033808212,Down,Store Active,Loran,Al Iskandarīyah,00000,DEX5,M T W T _ S S,OIQADN7UO7GWV3QJRIL4G12LN9WTSORSDA2CDSROSTW9NLDPXTQ2EIA2OXXJM6CO,"31.24809644,29.97322717",1,375 METRE,31 Oct 2024 12:19:37 GMT,FRIDAY,SW1,50,425,ENABLED,0,0,DISABLED
5033808212,Down,Store Active,Loran,Al Iskandarīyah,00000,DEX5,M T W T _ S S,OIQADN7UO7GWV3QJRIL4G12LN9WTSORSDA2CDSROSTW9NLDPXTQ2EIA2OXXJM6CO,"31.24809644,29.97322717",1,375 METRE,31 Oct 2024 12:19:37 GMT,FRIDAY,SW2,50,425,DISABLED,0,0,DISABLED
5033808212,Down,Store Active,Loran,Al Iskandarīyah,00000,DEX5,M T W T _ S S,OIQADN7UO7GWV3QJRIL4G12LN9WTSORSDA2CDSROSTW9NLDPXTQ2EIA2OXXJM6CO,"31.24809644,29.97322717",1,375 METRE,31 Oct 2024 12:19:37 GMT,SATURDAY,SW1,50,425,ENABLED,0,0,DISABLED
5033808212,Down,Store Active,Loran,Al Iskandarīyah,00000,DEX5,M T W T _ S S,OIQADN7UO7GWV3QJRIL4G12LN9WTSORSDA2CDSROSTW9NLDPXTQ2EIA2OXXJM6CO,"31.24809644,29.97322717",1,375 METRE,31 Oct 2024 12:19:37 GMT,SATURDAY,SW2,50,425,DISABLED,0,0,DISABLED
5033808212,Down,Store Active,Loran,Al Iskandarīyah,00000,DEX5,M T W T _ S S,OIQADN7UO7GWV3QJRIL4G12LN9WTSORSDA2CDSROSTW9NLDPXTQ2EIA2OXXJM6CO,"31.24809644,29.97322717",1,375 METRE,31 Oct 2024 12:19:37 GMT,SUNDAY,SW1,50,425,ENABLED,0,0,DISABLED
5033808212,Down,Store Active,Loran,Al Iskandarīyah,00000,DEX5,M T W T _ S S,OIQADN7UO7GWV3QJRIL4G12LN9WTSORSDA2CDSROSTW9NLDPXTQ2EIA2OXXJM6CO,"31.24809644,29.97322717",1,375 METRE,31 Oct 2024 12:19:37 GMT,SUNDAY,SW2,50,425,DISABLED,0,0,DISABLED
7177217236,OSO ALEX,Store Inactive,alexandria,Al Iskandarīyah,00000,DEX5,M T W T F S _,J2LDAZFVIZQFKUU2RJNIG12LN9WTSORSDA2CDSROSTW9NLDPXTQ2EIA2OXQUKGKY,"31.22384477219751,29.940413692461696",1,400 METRE,NA,MONDAY,SW1,0,450,ENABLED,0,0,DISABLED
7177217236,OSO ALEX,Store Inactive,alexandria,Al Iskandarīyah,00000,DEX5,M T W T F S _,J2LDAZFVIZQFKUU2RJNIG12LN9WTSORSDA2CDSROSTW9NLDPXTQ2EIA2OXQUKGKY,"31.22384477219751,29.940413692461696",1,400 METRE,NA,MONDAY,SW2,0,450,DISABLED,0,0,DISABLED
7177217236,OSO ALEX,Store Inactive,alexandria,Al Iskandarīyah,00000,DEX5,M T W T F S _,J2LDAZFVIZQFKUU2RJNIG12LN9WTSORSDA2CDSROSTW9NLDPXTQ2EIA2OXQUKGKY,"31.22384477219751,29.940413692461696",1,400 METRE,NA,TUESDAY,SW1,0,450,ENABLED,0,0,DISABLED
7177217236,OSO ALEX,Store Inactive,alexandria,Al Iskandarīyah,00000,DEX5,M T W T F S _,J2LDAZFVIZQFKUU2RJNIG12LN9WTSORSDA2CDSROSTW9NLDPXTQ2EIA2OXQUKGKY,"31.22384477219751,29.940413692461696",1,400 METRE,NA,TUESDAY,SW2,0,450,DISABLED,0,0,DISABLED
7177217236,OSO ALEX,Store Inactive,alexandria,Al Iskandarīyah,00000,DEX5,M T W T F S _,J2LDAZFVIZQFKUU2RJNIG12LN9WTSORSDA2CDSROSTW9NLDPXTQ2EIA2OXQUKGKY,"31.22384477219751,29.940413692461696",1,400 METRE,NA,WEDNESDAY,SW1,0,450,ENABLED,0,0,DISABLED
7177217236,OSO ALEX,Store Inactive,alexandria,Al Iskandarīyah,00000,DEX5,M T W T F S _,J2LDAZFVIZQFKUU2RJNIG12LN9WTSORSDA2CDSROSTW9NLDPXTQ2EIA2OXQUKGKY,"31.22384477219751,29.940413692461696",1,400 METRE,NA,WEDNESDAY,SW2,0,450,DISABLED,0,0,DISABLED
7177217236,OSO ALEX,Store Inactive,alexandria,Al Iskandarīyah,00000,DEX5,M T W T F S _,J2LDAZFVIZQFKUU2RJNIG12LN9WTSORSDA2CDSROSTW9NLDPXTQ2EIA2OXQUKGKY,"31.22384477219751,29.940413692461696",1,400 METRE,NA,THURSDAY,SW1,0,450,ENABLED,0,0,DISABLED
7177217236,OSO ALEX,Store Inactive,alexandria,Al Iskandarīyah,00000,DEX5,M T W T F S _,J2LDAZFVIZQFKUU2RJNIG12LN9WTSORSDA2CDSROSTW9NLDPXTQ2EIA2OXQUKGKY,"31.22384477219751,29.940413692461696",1,400 METRE,NA,THURSDAY,SW2,0,450,DISABLED,0,0,DISABLED
7177217236,OSO ALEX,Store Inactive,alexandria,Al Iskandarīyah,00000,DEX5,M T W T F S _,J2LDAZFVIZQFKUU2RJNIG12LN9WTSORSDA2CDSROSTW9NLDPXTQ2EIA2OXQUKGKY,"31.22384477219751,29.940413692461696",1,400 METRE,NA,FRIDAY,SW1,0,450,ENABLED,0,0,DISABLED
7177217236,OSO ALEX,Store Inactive,alexandria,Al Iskandarīyah,00000,DEX5,M T W T F S _,J2LDAZFVIZQFKUU2RJNIG12LN9WTSORSDA2CDSROSTW9NLDPXTQ2EIA2OXQUKGKY,"31.22384477219751,29.940413692461696",1,400 METRE,NA,FRIDAY,SW2,0,450,DISABLED,0,0,DISABLED
7177217236,OSO ALEX,Store Inactive,alexandria,Al Iskandarīyah,00000,DEX5,M T W T F S _,J2LDAZFVIZQFKUU2RJNIG12LN9WTSORSDA2CDSROSTW9NLDPXTQ2EIA2OXQUKGKY,"31.22384477219751,29.940413692461696",1,400 METRE,NA,SATURDAY,SW1,0,450,ENABLED,0,0,DISABLED
7177217236,OSO ALEX,Store Inactive,alexandria,Al Iskandarīyah,00000,DEX5,M T W T F S _,J2LDAZFVIZQFKUU2RJNIG12LN9WTSORSDA2CDSROSTW9NLDPXTQ2EIA2OXQUKGKY,"31.22384477219751,29.940413692461696",1,400 METRE,NA,SATURDAY,SW2,0,450,DISABLED,0,0,DISABLED
7177217236,OSO ALEX,Store Inactive,alexandria,Al Iskandarīyah,00000,DEX5,M T W T F S _,J2LDAZFVIZQFKUU2RJNIG12LN9WTSORSDA2CDSROSTW9NLDPXTQ2EIA2OXQUKGKY,"31.22384477219751,29.940413692461696",1,400 METRE,NA,SUNDAY,SW1,0,450,ENABLED,0,0,DISABLED
7177217236,OSO ALEX,Store Inactive,alexandria,Al Iskandarīyah,00000,DEX5,M T W T F S _,J2LDAZFVIZQFKUU2RJNIG12LN9WTSORSDA2CDSROSTW9NLDPXTQ2EIA2OXQUKGKY,"31.22384477219751,29.940413692461696",1,400 METRE,NA,SUNDAY,SW2,0,450,DISABLED,0,0,DISABLED
5353831907,المعلم,Store Active,الاسكندريه,Al Iskandarīyah,00000,DEX5,_ T W T F S S,WIG5JITXL5MF476YQ5RIG12LN9WTSORSDA2CDSROSTW9NLDPXTQ2EIA2OX7FLZGB,"31.23965571,29.96050523",3,375 METRE,25 Apr 2024 10:08:39 GMT,MONDAY,SW1,50,425,ENABLED,0,0,DISABLED
5353831907,المعلم,Store Active,الاسكندريه,Al Iskandarīyah,00000,DEX5,_ T W T F S S,WIG5JITXL5MF476YQ5RIG12LN9WTSORSDA2CDSROSTW9NLDPXTQ2EIA2OX7FLZGB,"31.23965571,29.96050523",3,375 METRE,25 Apr 2024 10:08:39 GMT,MONDAY,SW2,50,425,DISABLED,0,0,DISABLED
5353831907,المعلم,Store Active,الاسكندريه,Al Iskandarīyah,00000,DEX5,_ T W T F S S,WIG5JITXL5MF476YQ5RIG12LN9WTSORSDA2CDSROSTW9NLDPXTQ2EIA2OX7FLZGB,"31.23965571,29.96050523",3,375 METRE,25 Apr 2024 10:08:39 GMT,TUESDAY,SW1,50,425,ENABLED,0,0,DISABLED
5353831907,المعلم,Store Active,الاسكندريه,Al Iskandarīyah,00000,DEX5,_ T W T F S S,WIG5JITXL5MF476YQ5RIG12LN9WTSORSDA2CDSROSTW9NLDPXTQ2EIA2OX7FLZGB,"31.23965571,29.96050523",3,375 METRE,25 Apr 2024 10:08:39 GMT,TUESDAY,SW2,50,425,DISABLED,0,0,DISABLED
5353831907,المعلم,Store Active,الاسكندريه,Al Iskandarīyah,00000,DEX5,_ T W T F S S,WIG5JITXL5MF476YQ5RIG12LN9WTSORSDA2CDSROSTW9NLDPXTQ2EIA2OX7FLZGB,"31.23965571,29.96050523",3,375 METRE,25 Apr 2024 10:08:39 GMT,WEDNESDAY,SW1,50,425,ENABLED,0,0,DISABLED
5353831907,المعلم,Store Active,الاسكندريه,Al Iskandarīyah,00000,DEX5,_ T W T F S S,WIG5JITXL5MF476YQ5RIG12LN9WTSORSDA2CDSROSTW9NLDPXTQ2EIA2OX7FLZGB,"31.23965571,29.96050523",3,375 METRE,25 Apr 2024 10:08:39 GMT,WEDNESDAY,SW2,50,425,DISABLED,0,0,DISABLED
5353831907,المعلم,Store Active,الاسكندريه,Al Iskandarīyah,00000,DEX5,_ T W T F S S,WIG5JITXL5MF476YQ5RIG12LN9WTSORSDA2CDSROSTW9NLDPXTQ2EIA2OX7FLZGB,"31.23965571,29.96050523",3,375 METRE,25 Apr 2024 10:08:39 GMT,THURSDAY,SW1,50,425,ENABLED,0,0,DISABLED
5353831907,المعلم,Store Active,الاسكندريه,Al Iskandarīyah,00000,DEX5,_ T W T F S S,WIG5JITXL5MF476YQ5RIG12LN9WTSORSDA2CDSROSTW9NLDPXTQ2EIA2OX7FLZGB,"31.23965571,29.96050523",3,375 METRE,25 Apr 2024 10:08:39 GMT,THURSDAY,SW2,50,425,DISABLED,0,0,DISABLED
5353831907,المعلم,Store Active,الاسكندريه,Al Iskandarīyah,00000,DEX5,_ T W T F S S,WIG5JITXL5MF476YQ5RIG12LN9WTSORSDA2CDSROSTW9NLDPXTQ2EIA2OX7FLZGB,"31.23965571,29.96050523",3,375 METRE,25 Apr 2024 10:08:39 GMT,FRIDAY,SW1,50,425,ENABLED,0,0,DISABLED
5353831907,المعلم,Store Active,الاسكندريه,Al Iskandarīyah,00000,DEX5,_ T W T F S S,WIG5JITXL5MF476YQ5RIG12LN9WTSORSDA2CDSROSTW9NLDPXTQ2EIA2OX7FLZGB,"31.23965571,29.96050523",3,375 METRE,25 Apr 2024 10:08:39 GMT,FRIDAY,SW2,50,425,DISABLED,0,0,DISABLED
5353831907,المعلم,Store Active,الاسكندريه,Al Iskandarīyah,00000,DEX5,_ T W T F S S,WIG5JITXL5MF476YQ5RIG12LN9WTSORSDA2CDSROSTW9NLDPXTQ2EIA2OX7FLZGB,"31.23965571,29.96050523",3,375 METRE,25 Apr 2024 10:08:39 GMT,SATURDAY,SW1,50,425,ENABLED,0,0,DISABLED
5353831907,المعلم,Store Active,الاسكندريه,Al Iskandarīyah,00000,DEX5,_ T W T F S S,WIG5JITXL5MF476YQ5RIG12LN9WTSORSDA2CDSROSTW9NLDPXTQ2EIA2OX7FLZGB,"31.23965571,29.96050523",3,375 METRE,25 Apr 2024 10:08:39 GMT,SATURDAY,SW2,50,425,DISABLED,0,0,DISABLED
5353831907,المعلم,Store Active,الاسكندريه,Al Iskandarīyah,00000,DEX5,_ T W T F S S,WIG5JITXL5MF476YQ5RIG12LN9WTSORSDA2CDSROSTW9NLDPXTQ2EIA2OX7FLZGB,"31.23965571,29.96050523",3,375 METRE,25 Apr 2024 10:08:39 GMT,SUNDAY,SW1,50,425,ENABLED,0,0,DISABLED
5353831907,المعلم,Store Active,الاسكندريه,Al Iskandarīyah,00000,DEX5,_ T W T F S S,WIG5JITXL5MF476YQ5RIG12LN9WTSORSDA2CDSROSTW9NLDPXTQ2EIA2OX7FLZGB,"31.23965571,29.96050523",3,375 METRE,25 Apr 2024 10:08:39 GMT,SUNDAY,SW2,50,425,DISABLED,0,0,DISABLED
7667879622,awlad alshaykh,Store Active,Alexandria,Al Iskandarīyah,00000,DEX5,M T W T _ S S,C6EW5CAKPHEYQVHLSG74G12LN9WTSORSDA2CDSROSTW9NLDPXTQ2EIA2OXOTGDZY,"31.225026016058386,29.96457565514877",1,500 METRE,25 Jun 2026 11:00:41 GMT,MONDAY,SW1,0,550,ENABLED,0,0,DISABLED
7667879622,awlad alshaykh,Store Active,Alexandria,Al Iskandarīyah,00000,DEX5,M T W T _ S S,C6EW5CAKPHEYQVHLSG74G12LN9WTSORSDA2CDSROSTW9NLDPXTQ2EIA2OXOTGDZY,"31.225026016058386,29.96457565514877",1,500 METRE,25 Jun 2026 11:00:41 GMT,MONDAY,SW2,0,550,DISABLED,0,0,DISABLED
7667879622,awlad alshaykh,Store Active,Alexandria,Al Iskandarīyah,00000,DEX5,M T W T _ S S,C6EW5CAKPHEYQVHLSG74G12LN9WTSORSDA2CDSROSTW9NLDPXTQ2EIA2OXOTGDZY,"31.225026016058386,29.96457565514877",1,500 METRE,25 Jun 2026 11:00:41 GMT,TUESDAY,SW1,0,550,ENABLED,0,0,DISABLED
7667879622,awlad alshaykh,Store Active,Alexandria,Al Iskandarīyah,00000,DEX5,M T W T _ S S,C6EW5CAKPHEYQVHLSG74G12LN9WTSORSDA2CDSROSTW9NLDPXTQ2EIA2OXOTGDZY,"31.225026016058386,29.96457565514877",1,500 METRE,25 Jun 2026 11:00:41 GMT,TUESDAY,SW2,0,550,DISABLED,0,0,DISABLED
7667879622,awlad alshaykh,Store Active,Alexandria,Al Iskandarīyah,00000,DEX5,M T W T _ S S,C6EW5CAKPHEYQVHLSG74G12LN9WTSORSDA2CDSROSTW9NLDPXTQ2EIA2OXOTGDZY,"31.225026016058386,29.96457565514877",1,500 METRE,25 Jun 2026 11:00:41 GMT,WEDNESDAY,SW1,0,550,ENABLED,0,0,DISABLED
7667879622,awlad alshaykh,Store Active,Alexandria,Al Iskandarīyah,00000,DEX5,M T W T _ S S,C6EW5CAKPHEYQVHLSG74G12LN9WTSORSDA2CDSROSTW9NLDPXTQ2EIA2OXOTGDZY,"31.225026016058386,29.96457565514877",1,500 METRE,25 Jun 2026 11:00:41 GMT,WEDNESDAY,SW2,0,550,DISABLED,0,0,DISABLED
7667879622,awlad alshaykh,Store Active,Alexandria,Al Iskandarīyah,00000,DEX5,M T W T _ S S,C6EW5CAKPHEYQVHLSG74G12LN9WTSORSDA2CDSROSTW9NLDPXTQ2EIA2OXOTGDZY,"31.225026016058386,29.96457565514877",1,500 METRE,25 Jun 2026 11:00:41 GMT,THURSDAY,SW1,0,550,ENABLED,0,0,DISABLED
7667879622,awlad alshaykh,Store Active,Alexandria,Al Iskandarīyah,00000,DEX5,M T W T _ S S,C6EW5CAKPHEYQVHLSG74G12LN9WTSORSDA2CDSROSTW9NLDPXTQ2EIA2OXOTGDZY,"31.225026016058386,29.96457565514877",1,500 METRE,25 Jun 2026 11:00:41 GMT,THURSDAY,SW2,0,550,DISABLED,0,0,DISABLED
7667879622,awlad alshaykh,Store Active,Alexandria,Al Iskandarīyah,00000,DEX5,M T W T _ S S,C6EW5CAKPHEYQVHLSG74G12LN9WTSORSDA2CDSROSTW9NLDPXTQ2EIA2OXOTGDZY,"31.225026016058386,29.96457565514877",1,500 METRE,25 Jun 2026 11:00:41 GMT,FRIDAY,SW1,0,550,ENABLED,0,0,DISABLED
7667879622,awlad alshaykh,Store Active,Alexandria,Al Iskandarīyah,00000,DEX5,M T W T _ S S,C6EW5CAKPHEYQVHLSG74G12LN9WTSORSDA2CDSROSTW9NLDPXTQ2EIA2OXOTGDZY,"31.225026016058386,29.96457565514877",1,500 METRE,25 Jun 2026 11:00:41 GMT,FRIDAY,SW2,0,550,DISABLED,0,0,DISABLED
7667879622,awlad alshaykh,Store Active,Alexandria,Al Iskandarīyah,00000,DEX5,M T W T _ S S,C6EW5CAKPHEYQVHLSG74G12LN9WTSORSDA2CDSROSTW9NLDPXTQ2EIA2OXOTGDZY,"31.225026016058386,29.96457565514877",1,500 METRE,25 Jun 2026 11:00:41 GMT,SATURDAY,SW1,0,550,ENABLED,0,0,DISABLED
7667879622,awlad alshaykh,Store Active,Alexandria,Al Iskandarīyah,00000,DEX5,M T W T _ S S,C6EW5CAKPHEYQVHLSG74G12LN9WTSORSDA2CDSROSTW9NLDPXTQ2EIA2OXOTGDZY,"31.225026016058386,29.96457565514877",1,500 METRE,25 Jun 2026 11:00:41 GMT,SATURDAY,SW2,0,550,DISABLED,0,0,DISABLED
7667879622,awlad alshaykh,Store Active,Alexandria,Al Iskandarīyah,00000,DEX5,M T W T _ S S,C6EW5CAKPHEYQVHLSG74G12LN9WTSORSDA2CDSROSTW9NLDPXTQ2EIA2OXOTGDZY,"31.225026016058386,29.96457565514877",1,500 METRE,25 Jun 2026 11:00:41 GMT,SUNDAY,SW1,0,550,ENABLED,0,0,DISABLED
7667879622,awlad alshaykh,Store Active,Alexandria,Al Iskandarīyah,00000,DEX5,M T W T _ S S,C6EW5CAKPHEYQVHLSG74G12LN9WTSORSDA2CDSROSTW9NLDPXTQ2EIA2OXOTGDZY,"31.225026016058386,29.96457565514877",1,500 METRE,25 Jun 2026 11:00:41 GMT,SUNDAY,SW2,0,550,DISABLED,0,0,DISABLED
3051255188,RUQAN MARKET,Store Active,Alexandria,Al Iskandarīyah,00000,DEX5,_ T W T F S S,Z7K4GP5SG6Q4YCHCZ4NUG12LN9WTSORSDA2CDSROSTW9NLDPXTQ2EQA2OXZUTLGM,"31.241648103866375,29.96251595937722",2,375 METRE,25 Apr 2026 19:38:32 GMT,MONDAY,SW1,50,425,ENABLED,0,0,DISABLED
3051255188,RUQAN MARKET,Store Active,Alexandria,Al Iskandarīyah,00000,DEX5,_ T W T F S S,Z7K4GP5SG6Q4YCHCZ4NUG12LN9WTSORSDA2CDSROSTW9NLDPXTQ2EQA2OXZUTLGM,"31.241648103866375,29.96251595937722",2,375 METRE,25 Apr 2026 19:38:32 GMT,MONDAY,SW2,50,425,DISABLED,0,0,DISABLED
3051255188,RUQAN MARKET,Store Active,Alexandria,Al Iskandarīyah,00000,DEX5,_ T W T F S S,Z7K4GP5SG6Q4YCHCZ4NUG12LN9WTSORSDA2CDSROSTW9NLDPXTQ2EQA2OXZUTLGM,"31.241648103866375,29.96251595937722",2,375 METRE,25 Apr 2026 19:38:32 GMT,TUESDAY,SW1,50,425,ENABLED,0,0,DISABLED
3051255188,RUQAN MARKET,Store Active,Alexandria,Al Iskandarīyah,00000,DEX5,_ T W T F S S,Z7K4GP5SG6Q4YCHCZ4NUG12LN9WTSORSDA2CDSROSTW9NLDPXTQ2EQA2OXZUTLGM,"31.241648103866375,29.96251595937722",2,375 METRE,25 Apr 2026 19:38:32 GMT,TUESDAY,SW2,50,425,DISABLED,0,0,DISABLED
3051255188,RUQAN MARKET,Store Active,Alexandria,Al Iskandarīyah,00000,DEX5,_ T W T F S S,Z7K4GP5SG6Q4YCHCZ4NUG12LN9WTSORSDA2CDSROSTW9NLDPXTQ2EQA2OXZUTLGM,"31.241648103866375,29.96251595937722",2,375 METRE,25 Apr 2026 19:38:32 GMT,WEDNESDAY,SW1,50,425,ENABLED,0,0,DISABLED
3051255188,RUQAN MARKET,Store Active,Alexandria,Al Iskandarīyah,00000,DEX5,_ T W T F S S,Z7K4GP5SG6Q4YCHCZ4NUG12LN9WTSORSDA2CDSROSTW9NLDPXTQ2EQA2OXZUTLGM,"31.241648103866375,29.96251595937722",2,375 METRE,25 Apr 2026 19:38:32 GMT,WEDNESDAY,SW2,50,425,DISABLED,0,0,DISABLED
3051255188,RUQAN MARKET,Store Active,Alexandria,Al Iskandarīyah,00000,DEX5,_ T W T F S S,Z7K4GP5SG6Q4YCHCZ4NUG12LN9WTSORSDA2CDSROSTW9NLDPXTQ2EQA2OXZUTLGM,"31.241648103866375,29.96251595937722",2,375 METRE,25 Apr 2026 19:38:32 GMT,THURSDAY,SW1,50,425,ENABLED,0,0,DISABLED
3051255188,RUQAN MARKET,Store Active,Alexandria,Al Iskandarīyah,00000,DEX5,_ T W T F S S,Z7K4GP5SG6Q4YCHCZ4NUG12LN9WTSORSDA2CDSROSTW9NLDPXTQ2EQA2OXZUTLGM,"31.241648103866375,29.96251595937722",2,375 METRE,25 Apr 2026 19:38:32 GMT,THURSDAY,SW2,50,425,DISABLED,0,0,DISABLED
3051255188,RUQAN MARKET,Store Active,Alexandria,Al Iskandarīyah,00000,DEX5,_ T W T F S S,Z7K4GP5SG6Q4YCHCZ4NUG12LN9WTSORSDA2CDSROSTW9NLDPXTQ2EQA2OXZUTLGM,"31.241648103866375,29.96251595937722",2,375 METRE,25 Apr 2026 19:38:32 GMT,FRIDAY,SW1,50,425,ENABLED,0,0,DISABLED
3051255188,RUQAN MARKET,Store Active,Alexandria,Al Iskandarīyah,00000,DEX5,_ T W T F S S,Z7K4GP5SG6Q4YCHCZ4NUG12LN9WTSORSDA2CDSROSTW9NLDPXTQ2EQA2OXZUTLGM,"31.241648103866375,29.96251595937722",2,375 METRE,25 Apr 2026 19:38:32 GMT,FRIDAY,SW2,50,425,DISABLED,0,0,DISABLED
3051255188,RUQAN MARKET,Store Active,Alexandria,Al Iskandarīyah,00000,DEX5,_ T W T F S S,Z7K4GP5SG6Q4YCHCZ4NUG12LN9WTSORSDA2CDSROSTW9NLDPXTQ2EQA2OXZUTLGM,"31.241648103866375,29.96251595937722",2,375 METRE,25 Apr 2026 19:38:32 GMT,SATURDAY,SW1,50,425,ENABLED,0,0,DISABLED
3051255188,RUQAN MARKET,Store Active,Alexandria,Al Iskandarīyah,00000,DEX5,_ T W T F S S,Z7K4GP5SG6Q4YCHCZ4NUG12LN9WTSORSDA2CDSROSTW9NLDPXTQ2EQA2OXZUTLGM,"31.241648103866375,29.96251595937722",2,375 METRE,25 Apr 2026 19:38:32 GMT,SATURDAY,SW2,50,425,DISABLED,0,0,DISABLED
3051255188,RUQAN MARKET,Store Active,Alexandria,Al Iskandarīyah,00000,DEX5,_ T W T F S S,Z7K4GP5SG6Q4YCHCZ4NUG12LN9WTSORSDA2CDSROSTW9NLDPXTQ2EQA2OXZUTLGM,"31.241648103866375,29.96251595937722",2,375 METRE,25 Apr 2026 19:38:32 GMT,SUNDAY,SW1,50,425,ENABLED,0,0,DISABLED
3051255188,RUQAN MARKET,Store Active,Alexandria,Al Iskandarīyah,00000,DEX5,_ T W T F S S,Z7K4GP5SG6Q4YCHCZ4NUG12LN9WTSORSDA2CDSROSTW9NLDPXTQ2EQA2OXZUTLGM,"31.241648103866375,29.96251595937722",2,375 METRE,25 Apr 2026 19:38:32 GMT,SUNDAY,SW2,50,425,DISABLED,0,0,DISABLED
2957899808,Kimo Phone,Store Active,Alexandria,Al Iskandarīyah,00000,DEX5,M T W T _ S S,PV4I4KX2CICWMRIKXYWQG12LN9WTSORSDA2CDSROSTW9NLDPXTQ2EIA2OXQM4SOU,"31.229305,29.960212",1,375 METRE,16 Oct 2025 05:58:39 GMT,MONDAY,SW1,50,425,ENABLED,0,0,DISABLED
2957899808,Kimo Phone,Store Active,Alexandria,Al Iskandarīyah,00000,DEX5,M T W T _ S S,PV4I4KX2CICWMRIKXYWQG12LN9WTSORSDA2CDSROSTW9NLDPXTQ2EIA2OXQM4SOU,"31.229305,29.960212",1,375 METRE,16 Oct 2025 05:58:39 GMT,MONDAY,SW2,50,425,DISABLED,0,0,DISABLED
2957899808,Kimo Phone,Store Active,Alexandria,Al Iskandarīyah,00000,DEX5,M T W T _ S S,PV4I4KX2CICWMRIKXYWQG12LN9WTSORSDA2CDSROSTW9NLDPXTQ2EIA2OXQM4SOU,"31.229305,29.960212",1,375 METRE,16 Oct 2025 05:58:39 GMT,TUESDAY,SW1,50,425,ENABLED,0,0,DISABLED
2957899808,Kimo Phone,Store Active,Alexandria,Al Iskandarīyah,00000,DEX5,M T W T _ S S,PV4I4KX2CICWMRIKXYWQG12LN9WTSORSDA2CDSROSTW9NLDPXTQ2EIA2OXQM4SOU,"31.229305,29.960212",1,375 METRE,16 Oct 2025 05:58:39 GMT,TUESDAY,SW2,50,425,DISABLED,0,0,DISABLED
2957899808,Kimo Phone,Store Active,Alexandria,Al Iskandarīyah,00000,DEX5,M T W T _ S S,PV4I4KX2CICWMRIKXYWQG12LN9WTSORSDA2CDSROSTW9NLDPXTQ2EIA2OXQM4SOU,"31.229305,29.960212",1,375 METRE,16 Oct 2025 05:58:39 GMT,WEDNESDAY,SW1,50,425,ENABLED,0,0,DISABLED
2957899808,Kimo Phone,Store Active,Alexandria,Al Iskandarīyah,00000,DEX5,M T W T _ S S,PV4I4KX2CICWMRIKXYWQG12LN9WTSORSDA2CDSROSTW9NLDPXTQ2EIA2OXQM4SOU,"31.229305,29.960212",1,375 METRE,16 Oct 2025 05:58:39 GMT,WEDNESDAY,SW2,50,425,DISABLED,0,0,DISABLED
2957899808,Kimo Phone,Store Active,Alexandria,Al Iskandarīyah,00000,DEX5,M T W T _ S S,PV4I4KX2CICWMRIKXYWQG12LN9WTSORSDA2CDSROSTW9NLDPXTQ2EIA2OXQM4SOU,"31.229305,29.960212",1,375 METRE,16 Oct 2025 05:58:39 GMT,THURSDAY,SW1,50,425,ENABLED,0,0,DISABLED
2957899808,Kimo Phone,Store Active,Alexandria,Al Iskandarīyah,00000,DEX5,M T W T _ S S,PV4I4KX2CICWMRIKXYWQG12LN9WTSORSDA2CDSROSTW9NLDPXTQ2EIA2OXQM4SOU,"31.229305,29.960212",1,375 METRE,16 Oct 2025 05:58:39 GMT,THURSDAY,SW2,50,425,DISABLED,0,0,DISABLED
2957899808,Kimo Phone,Store Active,Alexandria,Al Iskandarīyah,00000,DEX5,M T W T _ S S,PV4I4KX2CICWMRIKXYWQG12LN9WTSORSDA2CDSROSTW9NLDPXTQ2EIA2OXQM4SOU,"31.229305,29.960212",1,375 METRE,16 Oct 2025 05:58:39 GMT,FRIDAY,SW1,50,425,ENABLED,0,0,DISABLED
2957899808,Kimo Phone,Store Active,Alexandria,Al Iskandarīyah,00000,DEX5,M T W T _ S S,PV4I4KX2CICWMRIKXYWQG12LN9WTSORSDA2CDSROSTW9NLDPXTQ2EIA2OXQM4SOU,"31.229305,29.960212",1,375 METRE,16 Oct 2025 05:58:39 GMT,FRIDAY,SW2,50,425,DISABLED,0,0,DISABLED
2957899808,Kimo Phone,Store Active,Alexandria,Al Iskandarīyah,00000,DEX5,M T W T _ S S,PV4I4KX2CICWMRIKXYWQG12LN9WTSORSDA2CDSROSTW9NLDPXTQ2EIA2OXQM4SOU,"31.229305,29.960212",1,375 METRE,16 Oct 2025 05:58:39 GMT,SATURDAY,SW1,50,425,ENABLED,0,0,DISABLED
2957899808,Kimo Phone,Store Active,Alexandria,Al Iskandarīyah,00000,DEX5,M T W T _ S S,PV4I4KX2CICWMRIKXYWQG12LN9WTSORSDA2CDSROSTW9NLDPXTQ2EIA2OXQM4SOU,"31.229305,29.960212",1,375 METRE,16 Oct 2025 05:58:39 GMT,SATURDAY,SW2,50,425,DISABLED,0,0,DISABLED
2957899808,Kimo Phone,Store Active,Alexandria,Al Iskandarīyah,00000,DEX5,M T W T _ S S,PV4I4KX2CICWMRIKXYWQG12LN9WTSORSDA2CDSROSTW9NLDPXTQ2EIA2OXQM4SOU,"31.229305,29.960212",1,375 METRE,16 Oct 2025 05:58:39 GMT,SUNDAY,SW1,50,425,ENABLED,0,0,DISABLED
2957899808,Kimo Phone,Store Active,Alexandria,Al Iskandarīyah,00000,DEX5,M T W T _ S S,PV4I4KX2CICWMRIKXYWQG12LN9WTSORSDA2CDSROSTW9NLDPXTQ2EIA2OXQM4SOU,"31.229305,29.960212",1,375 METRE,16 Oct 2025 05:58:39 GMT,SUNDAY,SW2,50,425,DISABLED,0,0,DISABLED
4483899565,BLACK& WAhite,Store Active,mostafa kamel,Al Iskandarīyah,00000,DEX5,M T W T _ S S,MBMIIBZXHV24AKAGXL2QG12LN9WTSORSDA2CDSROSTW9NLDPXTQ2EIA2OXIQQYZA,"31.228580924546,29.94463980961727",0,400 METRE,14 Aug 2026 15:17:47 GMT,MONDAY,SW1,25,450,ENABLED,0,0,DISABLED
4483899565,BLACK& WAhite,Store Active,mostafa kamel,Al Iskandarīyah,00000,DEX5,M T W T _ S S,MBMIIBZXHV24AKAGXL2QG12LN9WTSORSDA2CDSROSTW9NLDPXTQ2EIA2OXIQQYZA,"31.228580924546,29.94463980961727",0,400 METRE,14 Aug 2026 15:17:47 GMT,MONDAY,SW2,25,450,DISABLED,0,0,DISABLED
4483899565,BLACK& WAhite,Store Active,mostafa kamel,Al Iskandarīyah,00000,DEX5,M T W T _ S S,MBMIIBZXHV24AKAGXL2QG12LN9WTSORSDA2CDSROSTW9NLDPXTQ2EIA2OXIQQYZA,"31.228580924546,29.94463980961727",0,400 METRE,14 Aug 2026 15:17:47 GMT,TUESDAY,SW1,25,450,ENABLED,0,0,DISABLED
4483899565,BLACK& WAhite,Store Active,mostafa kamel,Al Iskandarīyah,00000,DEX5,M T W T _ S S,MBMIIBZXHV24AKAGXL2QG12LN9WTSORSDA2CDSROSTW9NLDPXTQ2EIA2OXIQQYZA,"31.228580924546,29.94463980961727",0,400 METRE,14 Aug 2026 15:17:47 GMT,TUESDAY,SW2,25,450,DISABLED,0,0,DISABLED
4483899565,BLACK& WAhite,Store Active,mostafa kamel,Al Iskandarīyah,00000,DEX5,M T W T _ S S,MBMIIBZXHV24AKAGXL2QG12LN9WTSORSDA2CDSROSTW9NLDPXTQ2EIA2OXIQQYZA,"31.228580924546,29.94463980961727",0,400 METRE,14 Aug 2026 15:17:47 GMT,WEDNESDAY,SW1,25,450,ENABLED,0,0,DISABLED
4483899565,BLACK& WAhite,Store Active,mostafa kamel,Al Iskandarīyah,00000,DEX5,M T W T _ S S,MBMIIBZXHV24AKAGXL2QG12LN9WTSORSDA2CDSROSTW9NLDPXTQ2EIA2OXIQQYZA,"31.228580924546,29.94463980961727",0,400 METRE,14 Aug 2026 15:17:47 GMT,WEDNESDAY,SW2,25,450,DISABLED,0,0,DISABLED
4483899565,BLACK& WAhite,Store Active,mostafa kamel,Al Iskandarīyah,00000,DEX5,M T W T _ S S,MBMIIBZXHV24AKAGXL2QG12LN9WTSORSDA2CDSROSTW9NLDPXTQ2EIA2OXIQQYZA,"31.228580924546,29.94463980961727",0,400 METRE,14 Aug 2026 15:17:47 GMT,THURSDAY,SW1,25,450,ENABLED,0,0,DISABLED
4483899565,BLACK& WAhite,Store Active,mostafa kamel,Al Iskandarīyah,00000,DEX5,M T W T _ S S,MBMIIBZXHV24AKAGXL2QG12LN9WTSORSDA2CDSROSTW9NLDPXTQ2EIA2OXIQQYZA,"31.228580924546,29.94463980961727",0,400 METRE,14 Aug 2026 15:17:47 GMT,THURSDAY,SW2,25,450,DISABLED,0,0,DISABLED
4483899565,BLACK& WAhite,Store Active,mostafa kamel,Al Iskandarīyah,00000,DEX5,M T W T _ S S,MBMIIBZXHV24AKAGXL2QG12LN9WTSORSDA2CDSROSTW9NLDPXTQ2EIA2OXIQQYZA,"31.228580924546,29.94463980961727",0,400 METRE,14 Aug 2026 15:17:47 GMT,FRIDAY,SW1,25,450,ENABLED,0,0,DISABLED
4483899565,BLACK& WAhite,Store Active,mostafa kamel,Al Iskandarīyah,00000,DEX5,M T W T _ S S,MBMIIBZXHV24AKAGXL2QG12LN9WTSORSDA2CDSROSTW9NLDPXTQ2EIA2OXIQQYZA,"31.228580924546,29.94463980961727",0,400 METRE,14 Aug 2026 15:17:47 GMT,FRIDAY,SW2,25,450,DISABLED,0,0,DISABLED
4483899565,BLACK& WAhite,Store Active,mostafa kamel,Al Iskandarīyah,00000,DEX5,M T W T _ S S,MBMIIBZXHV24AKAGXL2QG12LN9WTSORSDA2CDSROSTW9NLDPXTQ2EIA2OXIQQYZA,"31.228580924546,29.94463980961727",0,400 METRE,14 Aug 2026 15:17:47 GMT,SATURDAY,SW1,25,450,ENABLED,0,0,DISABLED
4483899565,BLACK& WAhite,Store Active,mostafa kamel,Al Iskandarīyah,00000,DEX5,M T W T _ S S,MBMIIBZXHV24AKAGXL2QG12LN9WTSORSDA2CDSROSTW9NLDPXTQ2EIA2OXIQQYZA,"31.228580924546,29.94463980961727",0,400 METRE,14 Aug 2026 15:17:47 GMT,SATURDAY,SW2,25,450,DISABLED,0,0,DISABLED
4483899565,BLACK& WAhite,Store Active,mostafa kamel,Al Iskandarīyah,00000,DEX5,M T W T _ S S,MBMIIBZXHV24AKAGXL2QG12LN9WTSORSDA2CDSROSTW9NLDPXTQ2EIA2OXIQQYZA,"31.228580924546,29.94463980961727",0,400 METRE,14 Aug 2026 15:17:47 GMT,SUNDAY,SW1,25,450,ENABLED,0,0,DISABLED
4483899565,BLACK& WAhite,Store Active,mostafa kamel,Al Iskandarīyah,00000,DEX5,M T W T _ S S,MBMIIBZXHV24AKAGXL2QG12LN9WTSORSDA2CDSROSTW9NLDPXTQ2EIA2OXIQQYZA,"31.228580924546,29.94463980961727",0,400 METRE,14 Aug 2026 15:17:47 GMT,SUNDAY,SW2,25,450,DISABLED,0,0,DISABLED
9377657720,Makka market,Store Inactive,Alexandria,Al Iskandarīyah,00000,DEX5,M T W T _ S S,ZE5EDWP3RMBFLHVUBNHMG12LN9WTSORSDA2CDSROSTW9NLDPXTQ2EIA2OX2PIXPG,"31.22643380077193,29.950716482630142",1,375 METRE,NA,MONDAY,SW1,50,425,ENABLED,0,0,DISABLED
9377657720,Makka market,Store Inactive,Alexandria,Al Iskandarīyah,00000,DEX5,M T W T _ S S,ZE5EDWP3RMBFLHVUBNHMG12LN9WTSORSDA2CDSROSTW9NLDPXTQ2EIA2OX2PIXPG,"31.22643380077193,29.950716482630142",1,375 METRE,NA,MONDAY,SW2,50,425,DISABLED,0,0,DISABLED
9377657720,Makka market,Store Inactive,Alexandria,Al Iskandarīyah,00000,DEX5,M T W T _ S S,ZE5EDWP3RMBFLHVUBNHMG12LN9WTSORSDA2CDSROSTW9NLDPXTQ2EIA2OX2PIXPG,"31.22643380077193,29.950716482630142",1,375 METRE,NA,TUESDAY,SW1,50,425,ENABLED,0,0,DISABLED
9377657720,Makka market,Store Inactive,Alexandria,Al Iskandarīyah,00000,DEX5,M T W T _ S S,ZE5EDWP3RMBFLHVUBNHMG12LN9WTSORSDA2CDSROSTW9NLDPXTQ2EIA2OX2PIXPG,"31.22643380077193,29.950716482630142",1,375 METRE,NA,TUESDAY,SW2,50,425,DISABLED,0,0,DISABLED
9377657720,Makka market,Store Inactive,Alexandria,Al Iskandarīyah,00000,DEX5,M T W T _ S S,ZE5EDWP3RMBFLHVUBNHMG12LN9WTSORSDA2CDSROSTW9NLDPXTQ2EIA2OX2PIXPG,"31.22643380077193,29.950716482630142",1,375 METRE,NA,WEDNESDAY,SW1,50,425,ENABLED,0,0,DISABLED
9377657720,Makka market,Store Inactive,Alexandria,Al Iskandarīyah,00000,DEX5,M T W T _ S S,ZE5EDWP3RMBFLHVUBNHMG12LN9WTSORSDA2CDSROSTW9NLDPXTQ2EIA2OX2PIXPG,"31.22643380077193,29.950716482630142",1,375 METRE,NA,WEDNESDAY,SW2,50,425,DISABLED,0,0,DISABLED
9377657720,Makka market,Store Inactive,Alexandria,Al Iskandarīyah,00000,DEX5,M T W T _ S S,ZE5EDWP3RMBFLHVUBNHMG12LN9WTSORSDA2CDSROSTW9NLDPXTQ2EIA2OX2PIXPG,"31.22643380077193,29.950716482630142",1,375 METRE,NA,THURSDAY,SW1,50,425,ENABLED,0,0,DISABLED
9377657720,Makka market,Store Inactive,Alexandria,Al Iskandarīyah,00000,DEX5,M T W T _ S S,ZE5EDWP3RMBFLHVUBNHMG12LN9WTSORSDA2CDSROSTW9NLDPXTQ2EIA2OX2PIXPG,"31.22643380077193,29.950716482630142",1,375 METRE,NA,THURSDAY,SW2,50,425,DISABLED,0,0,DISABLED
9377657720,Makka market,Store Inactive,Alexandria,Al Iskandarīyah,00000,DEX5,M T W T _ S S,ZE5EDWP3RMBFLHVUBNHMG12LN9WTSORSDA2CDSROSTW9NLDPXTQ2EIA2OX2PIXPG,"31.22643380077193,29.950716482630142",1,375 METRE,NA,FRIDAY,SW1,50,425,ENABLED,0,0,DISABLED
9377657720,Makka market,Store Inactive,Alexandria,Al Iskandarīyah,00000,DEX5,M T W T _ S S,ZE5EDWP3RMBFLHVUBNHMG12LN9WTSORSDA2CDSROSTW9NLDPXTQ2EIA2OX2PIXPG,"31.22643380077193,29.950716482630142",1,375 METRE,NA,FRIDAY,SW2,50,425,DISABLED,0,0,DISABLED
9377657720,Makka market,Store Inactive,Alexandria,Al Iskandarīyah,00000,DEX5,M T W T _ S S,ZE5EDWP3RMBFLHVUBNHMG12LN9WTSORSDA2CDSROSTW9NLDPXTQ2EIA2OX2PIXPG,"31.22643380077193,29.950716482630142",1,375 METRE,NA,SATURDAY,SW1,50,425,ENABLED,0,0,DISABLED
9377657720,Makka market,Store Inactive,Alexandria,Al Iskandarīyah,00000,DEX5,M T W T _ S S,ZE5EDWP3RMBFLHVUBNHMG12LN9WTSORSDA2CDSROSTW9NLDPXTQ2EIA2OX2PIXPG,"31.22643380077193,29.950716482630142",1,375 METRE,NA,SATURDAY,SW2,50,425,DISABLED,0,0,DISABLED
9377657720,Makka market,Store Inactive,Alexandria,Al Iskandarīyah,00000,DEX5,M T W T _ S S,ZE5EDWP3RMBFLHVUBNHMG12LN9WTSORSDA2CDSROSTW9NLDPXTQ2EIA2OX2PIXPG,"31.22643380077193,29.950716482630142",1,375 METRE,NA,SUNDAY,SW1,50,425,ENABLED,0,0,DISABLED
9377657720,Makka market,Store Inactive,Alexandria,Al Iskandarīyah,00000,DEX5,M T W T _ S S,ZE5EDWP3RMBFLHVUBNHMG12LN9WTSORSDA2CDSROSTW9NLDPXTQ2EIA2OX2PIXPG,"31.22643380077193,29.950716482630142",1,375 METRE,NA,SUNDAY,SW2,50,425,DISABLED,0,0,DISABLED
1368688739,إبن حميدو,Store Inactive,alexandria,Al Iskandarīyah,00000,DEX5,M T W T _ S S,NT6J75GO3C57K5JGIX7IG12LN9WTSORSDA2CDSROSTW9NLDPXTQ2EQA2OXIEL3BD,"31.22436198380384,29.937203664418057",1,375 METRE,NA,MONDAY,SW1,0,425,ENABLED,0,0,DISABLED
1368688739,إبن حميدو,Store Inactive,alexandria,Al Iskandarīyah,00000,DEX5,M T W T _ S S,NT6J75GO3C57K5JGIX7IG12LN9WTSORSDA2CDSROSTW9NLDPXTQ2EQA2OXIEL3BD,"31.22436198380384,29.937203664418057",1,375 METRE,NA,MONDAY,SW2,0,425,DISABLED,0,0,DISABLED
1368688739,إبن حميدو,Store Inactive,alexandria,Al Iskandarīyah,00000,DEX5,M T W T _ S S,NT6J75GO3C57K5JGIX7IG12LN9WTSORSDA2CDSROSTW9NLDPXTQ2EQA2OXIEL3BD,"31.22436198380384,29.937203664418057",1,375 METRE,NA,TUESDAY,SW1,0,425,ENABLED,0,0,DISABLED
1368688739,إبن حميدو,Store Inactive,alexandria,Al Iskandarīyah,00000,DEX5,M T W T _ S S,NT6J75GO3C57K5JGIX7IG12LN9WTSORSDA2CDSROSTW9NLDPXTQ2EQA2OXIEL3BD,"31.22436198380384,29.937203664418057",1,375 METRE,NA,TUESDAY,SW2,0,425,DISABLED,0,0,DISABLED
1368688739,إبن حميدو,Store Inactive,alexandria,Al Iskandarīyah,00000,DEX5,M T W T _ S S,NT6J75GO3C57K5JGIX7IG12LN9WTSORSDA2CDSROSTW9NLDPXTQ2EQA2OXIEL3BD,"31.22436198380384,29.937203664418057",1,375 METRE,NA,WEDNESDAY,SW1,0,425,ENABLED,0,0,DISABLED
1368688739,إبن حميدو,Store Inactive,alexandria,Al Iskandarīyah,00000,DEX5,M T W T _ S S,NT6J75GO3C57K5JGIX7IG12LN9WTSORSDA2CDSROSTW9NLDPXTQ2EQA2OXIEL3BD,"31.22436198380384,29.937203664418057",1,375 METRE,NA,WEDNESDAY,SW2,0,425,DISABLED,0,0,DISABLED
1368688739,إبن حميدو,Store Inactive,alexandria,Al Iskandarīyah,00000,DEX5,M T W T _ S S,NT6J75GO3C57K5JGIX7IG12LN9WTSORSDA2CDSROSTW9NLDPXTQ2EQA2OXIEL3BD,"31.22436198380384,29.937203664418057",1,375 METRE,NA,THURSDAY,SW1,0,425,ENABLED,0,0,DISABLED
1368688739,إبن حميدو,Store Inactive,alexandria,Al Iskandarīyah,00000,DEX5,M T W T _ S S,NT6J75GO3C57K5JGIX7IG12LN9WTSORSDA2CDSROSTW9NLDPXTQ2EQA2OXIEL3BD,"31.22436198380384,29.937203664418057",1,375 METRE,NA,THURSDAY,SW2,0,425,DISABLED,0,0,DISABLED
1368688739,إبن حميدو,Store Inactive,alexandria,Al Iskandarīyah,00000,DEX5,M T W T _ S S,NT6J75GO3C57K5JGIX7IG12LN9WTSORSDA2CDSROSTW9NLDPXTQ2EQA2OXIEL3BD,"31.22436198380384,29.937203664418057",1,375 METRE,NA,FRIDAY,SW1,0,425,ENABLED,0,0,DISABLED
1368688739,إبن حميدو,Store Inactive,alexandria,Al Iskandarīyah,00000,DEX5,M T W T _ S S,NT6J75GO3C57K5JGIX7IG12LN9WTSORSDA2CDSROSTW9NLDPXTQ2EQA2OXIEL3BD,"31.22436198380384,29.937203664418057",1,375 METRE,NA,FRIDAY,SW2,0,425,DISABLED,0,0,DISABLED
1368688739,إبن حميدو,Store Inactive,alexandria,Al Iskandarīyah,00000,DEX5,M T W T _ S S,NT6J75GO3C57K5JGIX7IG12LN9WTSORSDA2CDSROSTW9NLDPXTQ2EQA2OXIEL3BD,"31.22436198380384,29.937203664418057",1,375 METRE,NA,SATURDAY,SW1,0,425,ENABLED,0,0,DISABLED
1368688739,إبن حميدو,Store Inactive,alexandria,Al Iskandarīyah,00000,DEX5,M T W T _ S S,NT6J75GO3C57K5JGIX7IG12LN9WTSORSDA2CDSROSTW9NLDPXTQ2EQA2OXIEL3BD,"31.22436198380384,29.937203664418057",1,375 METRE,NA,SATURDAY,SW2,0,425,DISABLED,0,0,DISABLED
1368688739,إبن حميدو,Store Inactive,alexandria,Al Iskandarīyah,00000,DEX5,M T W T _ S S,NT6J75GO3C57K5JGIX7IG12LN9WTSORSDA2CDSROSTW9NLDPXTQ2EQA2OXIEL3BD,"31.22436198380384,29.937203664418057",1,375 METRE,NA,SUNDAY,SW1,0,425,ENABLED,0,0,DISABLED
1368688739,إبن حميدو,Store Inactive,alexandria,Al Iskandarīyah,00000,DEX5,M T W T _ S S,NT6J75GO3C57K5JGIX7IG12LN9WTSORSDA2CDSROSTW9NLDPXTQ2EQA2OXIEL3BD,"31.22436198380384,29.937203664418057",1,375 METRE,NA,SUNDAY,SW2,0,425,DISABLED,0,0,DISABLED
9542194283,BOB MARLEY,Store Active,Alexandria,Al Iskandarīyah,00000,DEX5,_ T W T F S S,2P2ML6SPRT2BKMN7SGIEG12LN9WTSORSDA2CDSROSTW9NLDPXTQ2EIA2OXYV4Y3S,"31.240082197756646,29.966874996268835",1,500 METRE,25 Mar 2026 15:49:37 GMT,MONDAY,SW1,50,550,ENABLED,0,0,DISABLED
9542194283,BOB MARLEY,Store Active,Alexandria,Al Iskandarīyah,00000,DEX5,_ T W T F S S,2P2ML6SPRT2BKMN7SGIEG12LN9WTSORSDA2CDSROSTW9NLDPXTQ2EIA2OXYV4Y3S,"31.240082197756646,29.966874996268835",1,500 METRE,25 Mar 2026 15:49:37 GMT,MONDAY,SW2,50,550,DISABLED,0,0,DISABLED
9542194283,BOB MARLEY,Store Active,Alexandria,Al Iskandarīyah,00000,DEX5,_ T W T F S S,2P2ML6SPRT2BKMN7SGIEG12LN9WTSORSDA2CDSROSTW9NLDPXTQ2EIA2OXYV4Y3S,"31.240082197756646,29.966874996268835",1,500 METRE,25 Mar 2026 15:49:37 GMT,TUESDAY,SW1,50,550,ENABLED,0,0,DISABLED
9542194283,BOB MARLEY,Store Active,Alexandria,Al Iskandarīyah,00000,DEX5,_ T W T F S S,2P2ML6SPRT2BKMN7SGIEG12LN9WTSORSDA2CDSROSTW9NLDPXTQ2EIA2OXYV4Y3S,"31.240082197756646,29.966874996268835",1,500 METRE,25 Mar 2026 15:49:37 GMT,TUESDAY,SW2,50,550,DISABLED,0,0,DISABLED
9542194283,BOB MARLEY,Store Active,Alexandria,Al Iskandarīyah,00000,DEX5,_ T W T F S S,2P2ML6SPRT2BKMN7SGIEG12LN9WTSORSDA2CDSROSTW9NLDPXTQ2EIA2OXYV4Y3S,"31.240082197756646,29.966874996268835",1,500 METRE,25 Mar 2026 15:49:37 GMT,WEDNESDAY,SW1,50,550,ENABLED,0,0,DISABLED
9542194283,BOB MARLEY,Store Active,Alexandria,Al Iskandarīyah,00000,DEX5,_ T W T F S S,2P2ML6SPRT2BKMN7SGIEG12LN9WTSORSDA2CDSROSTW9NLDPXTQ2EIA2OXYV4Y3S,"31.240082197756646,29.966874996268835",1,500 METRE,25 Mar 2026 15:49:37 GMT,WEDNESDAY,SW2,50,550,DISABLED,0,0,DISABLED
9542194283,BOB MARLEY,Store Active,Alexandria,Al Iskandarīyah,00000,DEX5,_ T W T F S S,2P2ML6SPRT2BKMN7SGIEG12LN9WTSORSDA2CDSROSTW9NLDPXTQ2EIA2OXYV4Y3S,"31.240082197756646,29.966874996268835",1,500 METRE,25 Mar 2026 15:49:37 GMT,THURSDAY,SW1,50,550,ENABLED,0,0,DISABLED
9542194283,BOB MARLEY,Store Active,Alexandria,Al Iskandarīyah,00000,DEX5,_ T W T F S S,2P2ML6SPRT2BKMN7SGIEG12LN9WTSORSDA2CDSROSTW9NLDPXTQ2EIA2OXYV4Y3S,"31.240082197756646,29.966874996268835",1,500 METRE,25 Mar 2026 15:49:37 GMT,THURSDAY,SW2,50,550,DISABLED,0,0,DISABLED
9542194283,BOB MARLEY,Store Active,Alexandria,Al Iskandarīyah,00000,DEX5,_ T W T F S S,2P2ML6SPRT2BKMN7SGIEG12LN9WTSORSDA2CDSROSTW9NLDPXTQ2EIA2OXYV4Y3S,"31.240082197756646,29.966874996268835",1,500 METRE,25 Mar 2026 15:49:37 GMT,FRIDAY,SW1,50,550,ENABLED,0,0,DISABLED
9542194283,BOB MARLEY,Store Active,Alexandria,Al Iskandarīyah,00000,DEX5,_ T W T F S S,2P2ML6SPRT2BKMN7SGIEG12LN9WTSORSDA2CDSROSTW9NLDPXTQ2EIA2OXYV4Y3S,"31.240082197756646,29.966874996268835",1,500 METRE,25 Mar 2026 15:49:37 GMT,FRIDAY,SW2,50,550,DISABLED,0,0,DISABLED
9542194283,BOB MARLEY,Store Active,Alexandria,Al Iskandarīyah,00000,DEX5,_ T W T F S S,2P2ML6SPRT2BKMN7SGIEG12LN9WTSORSDA2CDSROSTW9NLDPXTQ2EIA2OXYV4Y3S,"31.240082197756646,29.966874996268835",1,500 METRE,25 Mar 2026 15:49:37 GMT,SATURDAY,SW1,50,550,ENABLED,0,0,DISABLED
9542194283,BOB MARLEY,Store Active,Alexandria,Al Iskandarīyah,00000,DEX5,_ T W T F S S,2P2ML6SPRT2BKMN7SGIEG12LN9WTSORSDA2CDSROSTW9NLDPXTQ2EIA2OXYV4Y3S,"31.240082197756646,29.966874996268835",1,500 METRE,25 Mar 2026 15:49:37 GMT,SATURDAY,SW2,50,550,DISABLED,0,0,DISABLED
9542194283,BOB MARLEY,Store Active,Alexandria,Al Iskandarīyah,00000,DEX5,_ T W T F S S,2P2ML6SPRT2BKMN7SGIEG12LN9WTSORSDA2CDSROSTW9NLDPXTQ2EIA2OXYV4Y3S,"31.240082197756646,29.966874996268835",1,500 METRE,25 Mar 2026 15:49:37 GMT,SUNDAY,SW1,50,550,ENABLED,0,0,DISABLED
9542194283,BOB MARLEY,Store Active,Alexandria,Al Iskandarīyah,00000,DEX5,_ T W T F S S,2P2ML6SPRT2BKMN7SGIEG12LN9WTSORSDA2CDSROSTW9NLDPXTQ2EIA2OXYV4Y3S,"31.240082197756646,29.966874996268835",1,500 METRE,25 Mar 2026 15:49:37 GMT,SUNDAY,SW2,50,550,DISABLED,0,0,DISABLED
3671590930,Yahya Roastery,Store Active,Alexandria,Al Iskandarīyah,00000,DEX5,_ T W T F S S,U7HJ2H5FEONMHGU4TFLIG12LN9WTSORSDA2CDSROSTW9NLDPXTQ2EIA2OXCTZQOC,"31.24100046894182,29.96631948098866",0,375 METRE,17 May 2025 07:11:03 GMT,MONDAY,SW1,50,425,ENABLED,0,0,DISABLED
3671590930,Yahya Roastery,Store Active,Alexandria,Al Iskandarīyah,00000,DEX5,_ T W T F S S,U7HJ2H5FEONMHGU4TFLIG12LN9WTSORSDA2CDSROSTW9NLDPXTQ2EIA2OXCTZQOC,"31.24100046894182,29.96631948098866",0,375 METRE,17 May 2025 07:11:03 GMT,MONDAY,SW2,50,425,DISABLED,0,0,DISABLED
3671590930,Yahya Roastery,Store Active,Alexandria,Al Iskandarīyah,00000,DEX5,_ T W T F S S,U7HJ2H5FEONMHGU4TFLIG12LN9WTSORSDA2CDSROSTW9NLDPXTQ2EIA2OXCTZQOC,"31.24100046894182,29.96631948098866",0,375 METRE,17 May 2025 07:11:03 GMT,TUESDAY,SW1,50,425,ENABLED,0,0,DISABLED
3671590930,Yahya Roastery,Store Active,Alexandria,Al Iskandarīyah,00000,DEX5,_ T W T F S S,U7HJ2H5FEONMHGU4TFLIG12LN9WTSORSDA2CDSROSTW9NLDPXTQ2EIA2OXCTZQOC,"31.24100046894182,29.96631948098866",0,375 METRE,17 May 2025 07:11:03 GMT,TUESDAY,SW2,50,425,DISABLED,0,0,DISABLED
3671590930,Yahya Roastery,Store Active,Alexandria,Al Iskandarīyah,00000,DEX5,_ T W T F S S,U7HJ2H5FEONMHGU4TFLIG12LN9WTSORSDA2CDSROSTW9NLDPXTQ2EIA2OXCTZQOC,"31.24100046894182,29.96631948098866",0,375 METRE,17 May 2025 07:11:03 GMT,WEDNESDAY,SW1,50,425,ENABLED,0,0,DISABLED
3671590930,Yahya Roastery,Store Active,Alexandria,Al Iskandarīyah,00000,DEX5,_ T W T F S S,U7HJ2H5FEONMHGU4TFLIG12LN9WTSORSDA2CDSROSTW9NLDPXTQ2EIA2OXCTZQOC,"31.24100046894182,29.96631948098866",0,375 METRE,17 May 2025 07:11:03 GMT,WEDNESDAY,SW2,50,425,DISABLED,0,0,DISABLED
3671590930,Yahya Roastery,Store Active,Alexandria,Al Iskandarīyah,00000,DEX5,_ T W T F S S,U7HJ2H5FEONMHGU4TFLIG12LN9WTSORSDA2CDSROSTW9NLDPXTQ2EIA2OXCTZQOC,"31.24100046894182,29.96631948098866",0,375 METRE,17 May 2025 07:11:03 GMT,THURSDAY,SW1,50,425,ENABLED,0,0,DISABLED
3671590930,Yahya Roastery,Store Active,Alexandria,Al Iskandarīyah,00000,DEX5,_ T W T F S S,U7HJ2H5FEONMHGU4TFLIG12LN9WTSORSDA2CDSROSTW9NLDPXTQ2EIA2OXCTZQOC,"31.24100046894182,29.96631948098866",0,375 METRE,17 May 2025 07:11:03 GMT,THURSDAY,SW2,50,425,DISABLED,0,0,DISABLED
3671590930,Yahya Roastery,Store Active,Alexandria,Al Iskandarīyah,00000,DEX5,_ T W T F S S,U7HJ2H5FEONMHGU4TFLIG12LN9WTSORSDA2CDSROSTW9NLDPXTQ2EIA2OXCTZQOC,"31.24100046894182,29.96631948098866",0,375 METRE,17 May 2025 07:11:03 GMT,FRIDAY,SW1,50,425,ENABLED,0,0,DISABLED
3671590930,Yahya Roastery,Store Active,Alexandria,Al Iskandarīyah,00000,DEX5,_ T W T F S S,U7HJ2H5FEONMHGU4TFLIG12LN9WTSORSDA2CDSROSTW9NLDPXTQ2EIA2OXCTZQOC,"31.24100046894182,29.96631948098866",0,375 METRE,17 May 2025 07:11:03 GMT,FRIDAY,SW2,50,425,DISABLED,0,0,DISABLED
3671590930,Yahya Roastery,Store Active,Alexandria,Al Iskandarīyah,00000,DEX5,_ T W T F S S,U7HJ2H5FEONMHGU4TFLIG12LN9WTSORSDA2CDSROSTW9NLDPXTQ2EIA2OXCTZQOC,"31.24100046894182,29.96631948098866",0,375 METRE,17 May 2025 07:11:03 GMT,SATURDAY,SW1,50,425,ENABLED,0,0,DISABLED
3671590930,Yahya Roastery,Store Active,Alexandria,Al Iskandarīyah,00000,DEX5,_ T W T F S S,U7HJ2H5FEONMHGU4TFLIG12LN9WTSORSDA2CDSROSTW9NLDPXTQ2EIA2OXCTZQOC,"31.24100046894182,29.96631948098866",0,375 METRE,17 May 2025 07:11:03 GMT,SATURDAY,SW2,50,425,DISABLED,0,0,DISABLED
3671590930,Yahya Roastery,Store Active,Alexandria,Al Iskandarīyah,00000,DEX5,_ T W T F S S,U7HJ2H5FEONMHGU4TFLIG12LN9WTSORSDA2CDSROSTW9NLDPXTQ2EIA2OXCTZQOC,"31.24100046894182,29.96631948098866",0,375 METRE,17 May 2025 07:11:03 GMT,SUNDAY,SW1,50,425,ENABLED,0,0,DISABLED
3671590930,Yahya Roastery,Store Active,Alexandria,Al Iskandarīyah,00000,DEX5,_ T W T F S S,U7HJ2H5FEONMHGU4TFLIG12LN9WTSORSDA2CDSROSTW9NLDPXTQ2EIA2OXCTZQOC,"31.24100046894182,29.96631948098866",0,375 METRE,17 May 2025 07:11:03 GMT,SUNDAY,SW2,50,425,DISABLED,0,0,DISABLED
8350300197,maktabat almisri,Store Active,alexandria,Al Iskandarīyah,00000,DEX5,M T W T _ S S,2IWMJEYYBHBCZ75DQB3EG12LN9WTSORSDA2CDSROSTW9NLDPXTQ2EIA2OXTD7XDP,"31.241176942252594,29.97770954232847",1,300 METRE,14 Aug 2026 15:04:13 GMT,MONDAY,SW1,54,425,ENABLED,0,0,DISABLED
8350300197,maktabat almisri,Store Active,alexandria,Al Iskandarīyah,00000,DEX5,M T W T _ S S,2IWMJEYYBHBCZ75DQB3EG12LN9WTSORSDA2CDSROSTW9NLDPXTQ2EIA2OXTD7XDP,"31.241176942252594,29.97770954232847",1,300 METRE,14 Aug 2026 15:04:13 GMT,MONDAY,SW2,54,425,DISABLED,0,0,DISABLED
8350300197,maktabat almisri,Store Active,alexandria,Al Iskandarīyah,00000,DEX5,M T W T _ S S,2IWMJEYYBHBCZ75DQB3EG12LN9WTSORSDA2CDSROSTW9NLDPXTQ2EIA2OXTD7XDP,"31.241176942252594,29.97770954232847",1,300 METRE,14 Aug 2026 15:04:13 GMT,TUESDAY,SW1,54,425,ENABLED,0,0,DISABLED
8350300197,maktabat almisri,Store Active,alexandria,Al Iskandarīyah,00000,DEX5,M T W T _ S S,2IWMJEYYBHBCZ75DQB3EG12LN9WTSORSDA2CDSROSTW9NLDPXTQ2EIA2OXTD7XDP,"31.241176942252594,29.97770954232847",1,300 METRE,14 Aug 2026 15:04:13 GMT,TUESDAY,SW2,54,425,DISABLED,0,0,DISABLED
8350300197,maktabat almisri,Store Active,alexandria,Al Iskandarīyah,00000,DEX5,M T W T _ S S,2IWMJEYYBHBCZ75DQB3EG12LN9WTSORSDA2CDSROSTW9NLDPXTQ2EIA2OXTD7XDP,"31.241176942252594,29.97770954232847",1,300 METRE,14 Aug 2026 15:04:13 GMT,WEDNESDAY,SW1,54,425,ENABLED,0,0,DISABLED
8350300197,maktabat almisri,Store Active,alexandria,Al Iskandarīyah,00000,DEX5,M T W T _ S S,2IWMJEYYBHBCZ75DQB3EG12LN9WTSORSDA2CDSROSTW9NLDPXTQ2EIA2OXTD7XDP,"31.241176942252594,29.97770954232847",1,300 METRE,14 Aug 2026 15:04:13 GMT,WEDNESDAY,SW2,54,425,DISABLED,0,0,DISABLED
8350300197,maktabat almisri,Store Active,alexandria,Al Iskandarīyah,00000,DEX5,M T W T _ S S,2IWMJEYYBHBCZ75DQB3EG12LN9WTSORSDA2CDSROSTW9NLDPXTQ2EIA2OXTD7XDP,"31.241176942252594,29.97770954232847",1,300 METRE,14 Aug 2026 15:04:13 GMT,THURSDAY,SW1,54,425,ENABLED,0,0,DISABLED
8350300197,maktabat almisri,Store Active,alexandria,Al Iskandarīyah,00000,DEX5,M T W T _ S S,2IWMJEYYBHBCZ75DQB3EG12LN9WTSORSDA2CDSROSTW9NLDPXTQ2EIA2OXTD7XDP,"31.241176942252594,29.97770954232847",1,300 METRE,14 Aug 2026 15:04:13 GMT,THURSDAY,SW2,54,425,DISABLED,0,0,DISABLED
8350300197,maktabat almisri,Store Active,alexandria,Al Iskandarīyah,00000,DEX5,M T W T _ S S,2IWMJEYYBHBCZ75DQB3EG12LN9WTSORSDA2CDSROSTW9NLDPXTQ2EIA2OXTD7XDP,"31.241176942252594,29.97770954232847",1,300 METRE,14 Aug 2026 15:04:13 GMT,FRIDAY,SW1,54,425,ENABLED,0,0,DISABLED
8350300197,maktabat almisri,Store Active,alexandria,Al Iskandarīyah,00000,DEX5,M T W T _ S S,2IWMJEYYBHBCZ75DQB3EG12LN9WTSORSDA2CDSROSTW9NLDPXTQ2EIA2OXTD7XDP,"31.241176942252594,29.97770954232847",1,300 METRE,14 Aug 2026 15:04:13 GMT,FRIDAY,SW2,54,425,DISABLED,0,0,DISABLED
8350300197,maktabat almisri,Store Active,alexandria,Al Iskandarīyah,00000,DEX5,M T W T _ S S,2IWMJEYYBHBCZ75DQB3EG12LN9WTSORSDA2CDSROSTW9NLDPXTQ2EIA2OXTD7XDP,"31.241176942252594,29.97770954232847",1,300 METRE,14 Aug 2026 15:04:13 GMT,SATURDAY,SW1,54,425,ENABLED,0,0,DISABLED
8350300197,maktabat almisri,Store Active,alexandria,Al Iskandarīyah,00000,DEX5,M T W T _ S S,2IWMJEYYBHBCZ75DQB3EG12LN9WTSORSDA2CDSROSTW9NLDPXTQ2EIA2OXTD7XDP,"31.241176942252594,29.97770954232847",1,300 METRE,14 Aug 2026 15:04:13 GMT,SATURDAY,SW2,54,425,DISABLED,0,0,DISABLED
8350300197,maktabat almisri,Store Active,alexandria,Al Iskandarīyah,00000,DEX5,M T W T _ S S,2IWMJEYYBHBCZ75DQB3EG12LN9WTSORSDA2CDSROSTW9NLDPXTQ2EIA2OXTD7XDP,"31.241176942252594,29.97770954232847",1,300 METRE,14 Aug 2026 15:04:13 GMT,SUNDAY,SW1,54,425,ENABLED,0,0,DISABLED
8350300197,maktabat almisri,Store Active,alexandria,Al Iskandarīyah,00000,DEX5,M T W T _ S S,2IWMJEYYBHBCZ75DQB3EG12LN9WTSORSDA2CDSROSTW9NLDPXTQ2EIA2OXTD7XDP,"31.241176942252594,29.97770954232847",1,300 METRE,14 Aug 2026 15:04:13 GMT,SUNDAY,SW2,54,425,DISABLED,0,0,DISABLED
7655526928,صالون الماجيك,Store Inactive,alexandriah,Al Iskandarīyah,00000,DEX5,M T W T _ S S,THQBI32RZV4WUDKXJY4EG12LN9WTSORSDA2CDSROSTW9NLDPXTQ2EQA2OXSZH7GD,"31.23147849499116,29.951748367460418",1,400 METRE,NA,MONDAY,SW1,0,450,ENABLED,0,0,DISABLED
7655526928,صالون الماجيك,Store Inactive,alexandriah,Al Iskandarīyah,00000,DEX5,M T W T _ S S,THQBI32RZV4WUDKXJY4EG12LN9WTSORSDA2CDSROSTW9NLDPXTQ2EQA2OXSZH7GD,"31.23147849499116,29.951748367460418",1,400 METRE,NA,MONDAY,SW2,0,450,DISABLED,0,0,DISABLED
7655526928,صالون الماجيك,Store Inactive,alexandriah,Al Iskandarīyah,00000,DEX5,M T W T _ S S,THQBI32RZV4WUDKXJY4EG12LN9WTSORSDA2CDSROSTW9NLDPXTQ2EQA2OXSZH7GD,"31.23147849499116,29.951748367460418",1,400 METRE,NA,TUESDAY,SW1,0,450,ENABLED,0,0,DISABLED
7655526928,صالون الماجيك,Store Inactive,alexandriah,Al Iskandarīyah,00000,DEX5,M T W T _ S S,THQBI32RZV4WUDKXJY4EG12LN9WTSORSDA2CDSROSTW9NLDPXTQ2EQA2OXSZH7GD,"31.23147849499116,29.951748367460418",1,400 METRE,NA,TUESDAY,SW2,0,450,DISABLED,0,0,DISABLED
7655526928,صالون الماجيك,Store Inactive,alexandriah,Al Iskandarīyah,00000,DEX5,M T W T _ S S,THQBI32RZV4WUDKXJY4EG12LN9WTSORSDA2CDSROSTW9NLDPXTQ2EQA2OXSZH7GD,"31.23147849499116,29.951748367460418",1,400 METRE,NA,WEDNESDAY,SW1,0,450,ENABLED,0,0,DISABLED
7655526928,صالون الماجيك,Store Inactive,alexandriah,Al Iskandarīyah,00000,DEX5,M T W T _ S S,THQBI32RZV4WUDKXJY4EG12LN9WTSORSDA2CDSROSTW9NLDPXTQ2EQA2OXSZH7GD,"31.23147849499116,29.951748367460418",1,400 METRE,NA,WEDNESDAY,SW2,0,450,DISABLED,0,0,DISABLED
7655526928,صالون الماجيك,Store Inactive,alexandriah,Al Iskandarīyah,00000,DEX5,M T W T _ S S,THQBI32RZV4WUDKXJY4EG12LN9WTSORSDA2CDSROSTW9NLDPXTQ2EQA2OXSZH7GD,"31.23147849499116,29.951748367460418",1,400 METRE,NA,THURSDAY,SW1,0,450,ENABLED,0,0,DISABLED
7655526928,صالون الماجيك,Store Inactive,alexandriah,Al Iskandarīyah,00000,DEX5,M T W T _ S S,THQBI32RZV4WUDKXJY4EG12LN9WTSORSDA2CDSROSTW9NLDPXTQ2EQA2OXSZH7GD,"31.23147849499116,29.951748367460418",1,400 METRE,NA,THURSDAY,SW2,0,450,DISABLED,0,0,DISABLED
7655526928,صالون الماجيك,Store Inactive,alexandriah,Al Iskandarīyah,00000,DEX5,M T W T _ S S,THQBI32RZV4WUDKXJY4EG12LN9WTSORSDA2CDSROSTW9NLDPXTQ2EQA2OXSZH7GD,"31.23147849499116,29.951748367460418",1,400 METRE,NA,FRIDAY,SW1,0,450,ENABLED,0,0,DISABLED
7655526928,صالون الماجيك,Store Inactive,alexandriah,Al Iskandarīyah,00000,DEX5,M T W T _ S S,THQBI32RZV4WUDKXJY4EG12LN9WTSORSDA2CDSROSTW9NLDPXTQ2EQA2OXSZH7GD,"31.23147849499116,29.951748367460418",1,400 METRE,NA,FRIDAY,SW2,0,450,DISABLED,0,0,DISABLED
7655526928,صالون الماجيك,Store Inactive,alexandriah,Al Iskandarīyah,00000,DEX5,M T W T _ S S,THQBI32RZV4WUDKXJY4EG12LN9WTSORSDA2CDSROSTW9NLDPXTQ2EQA2OXSZH7GD,"31.23147849499116,29.951748367460418",1,400 METRE,NA,SATURDAY,SW1,0,450,ENABLED,0,0,DISABLED
7655526928,صالون الماجيك,Store Inactive,alexandriah,Al Iskandarīyah,00000,DEX5,M T W T _ S S,THQBI32RZV4WUDKXJY4EG12LN9WTSORSDA2CDSROSTW9NLDPXTQ2EQA2OXSZH7GD,"31.23147849499116,29.951748367460418",1,400 METRE,NA,SATURDAY,SW2,0,450,DISABLED,0,0,DISABLED
7655526928,صالون الماجيك,Store Inactive,alexandriah,Al Iskandarīyah,00000,DEX5,M T W T _ S S,THQBI32RZV4WUDKXJY4EG12LN9WTSORSDA2CDSROSTW9NLDPXTQ2EQA2OXSZH7GD,"31.23147849499116,29.951748367460418",1,400 METRE,NA,SUNDAY,SW1,0,450,ENABLED,0,0,DISABLED
7655526928,صالون الماجيك,Store Inactive,alexandriah,Al Iskandarīyah,00000,DEX5,M T W T _ S S,THQBI32RZV4WUDKXJY4EG12LN9WTSORSDA2CDSROSTW9NLDPXTQ2EQA2OXSZH7GD,"31.23147849499116,29.951748367460418",1,400 METRE,NA,SUNDAY,SW2,0,450,DISABLED,0,0,DISABLED
5717666393,market wael,Store Active,gnakles,Al Iskandarīyah,00000,DEX5,M T W T F S S,LDN4Z3HRJYKU4CLOSQEIG12LN9WTSORSDA2CDSROSTW9NLDPXTQ2EIA2OXF53YAT,"31.24046572,29.97028106",1,375 METRE,28 Dec 2025 14:34:05 GMT,MONDAY,SW1,50,425,ENABLED,0,0,DISABLED
5717666393,market wael,Store Active,gnakles,Al Iskandarīyah,00000,DEX5,M T W T F S S,LDN4Z3HRJYKU4CLOSQEIG12LN9WTSORSDA2CDSROSTW9NLDPXTQ2EIA2OXF53YAT,"31.24046572,29.97028106",1,375 METRE,28 Dec 2025 14:34:05 GMT,MONDAY,SW2,50,425,DISABLED,0,0,DISABLED
5717666393,market wael,Store Active,gnakles,Al Iskandarīyah,00000,DEX5,M T W T F S S,LDN4Z3HRJYKU4CLOSQEIG12LN9WTSORSDA2CDSROSTW9NLDPXTQ2EIA2OXF53YAT,"31.24046572,29.97028106",1,375 METRE,28 Dec 2025 14:34:05 GMT,TUESDAY,SW1,50,425,ENABLED,0,0,DISABLED
5717666393,market wael,Store Active,gnakles,Al Iskandarīyah,00000,DEX5,M T W T F S S,LDN4Z3HRJYKU4CLOSQEIG12LN9WTSORSDA2CDSROSTW9NLDPXTQ2EIA2OXF53YAT,"31.24046572,29.97028106",1,375 METRE,28 Dec 2025 14:34:05 GMT,TUESDAY,SW2,50,425,DISABLED,0,0,DISABLED
5717666393,market wael,Store Active,gnakles,Al Iskandarīyah,00000,DEX5,M T W T F S S,LDN4Z3HRJYKU4CLOSQEIG12LN9WTSORSDA2CDSROSTW9NLDPXTQ2EIA2OXF53YAT,"31.24046572,29.97028106",1,375 METRE,28 Dec 2025 14:34:05 GMT,WEDNESDAY,SW1,50,425,ENABLED,0,0,DISABLED
5717666393,market wael,Store Active,gnakles,Al Iskandarīyah,00000,DEX5,M T W T F S S,LDN4Z3HRJYKU4CLOSQEIG12LN9WTSORSDA2CDSROSTW9NLDPXTQ2EIA2OXF53YAT,"31.24046572,29.97028106",1,375 METRE,28 Dec 2025 14:34:05 GMT,WEDNESDAY,SW2,50,425,DISABLED,0,0,DISABLED
5717666393,market wael,Store Active,gnakles,Al Iskandarīyah,00000,DEX5,M T W T F S S,LDN4Z3HRJYKU4CLOSQEIG12LN9WTSORSDA2CDSROSTW9NLDPXTQ2EIA2OXF53YAT,"31.24046572,29.97028106",1,375 METRE,28 Dec 2025 14:34:05 GMT,THURSDAY,SW1,50,425,ENABLED,0,0,DISABLED
5717666393,market wael,Store Active,gnakles,Al Iskandarīyah,00000,DEX5,M T W T F S S,LDN4Z3HRJYKU4CLOSQEIG12LN9WTSORSDA2CDSROSTW9NLDPXTQ2EIA2OXF53YAT,"31.24046572,29.97028106",1,375 METRE,28 Dec 2025 14:34:05 GMT,THURSDAY,SW2,50,425,DISABLED,0,0,DISABLED
5717666393,market wael,Store Active,gnakles,Al Iskandarīyah,00000,DEX5,M T W T F S S,LDN4Z3HRJYKU4CLOSQEIG12LN9WTSORSDA2CDSROSTW9NLDPXTQ2EIA2OXF53YAT,"31.24046572,29.97028106",1,375 METRE,28 Dec 2025 14:34:05 GMT,FRIDAY,SW1,50,425,ENABLED,0,0,DISABLED
5717666393,market wael,Store Active,gnakles,Al Iskandarīyah,00000,DEX5,M T W T F S S,LDN4Z3HRJYKU4CLOSQEIG12LN9WTSORSDA2CDSROSTW9NLDPXTQ2EIA2OXF53YAT,"31.24046572,29.97028106",1,375 METRE,28 Dec 2025 14:34:05 GMT,FRIDAY,SW2,50,425,DISABLED,0,0,DISABLED
5717666393,market wael,Store Active,gnakles,Al Iskandarīyah,00000,DEX5,M T W T F S S,LDN4Z3HRJYKU4CLOSQEIG12LN9WTSORSDA2CDSROSTW9NLDPXTQ2EIA2OXF53YAT,"31.24046572,29.97028106",1,375 METRE,28 Dec 2025 14:34:05 GMT,SATURDAY,SW1,50,425,ENABLED,0,0,DISABLED
5717666393,market wael,Store Active,gnakles,Al Iskandarīyah,00000,DEX5,M T W T F S S,LDN4Z3HRJYKU4CLOSQEIG12LN9WTSORSDA2CDSROSTW9NLDPXTQ2EIA2OXF53YAT,"31.24046572,29.97028106",1,375 METRE,28 Dec 2025 14:34:05 GMT,SATURDAY,SW2,50,425,DISABLED,0,0,DISABLED
5717666393,market wael,Store Active,gnakles,Al Iskandarīyah,00000,DEX5,M T W T F S S,LDN4Z3HRJYKU4CLOSQEIG12LN9WTSORSDA2CDSROSTW9NLDPXTQ2EIA2OXF53YAT,"31.24046572,29.97028106",1,375 METRE,28 Dec 2025 14:34:05 GMT,SUNDAY,SW1,50,425,ENABLED,0,0,DISABLED
5717666393,market wael,Store Active,gnakles,Al Iskandarīyah,00000,DEX5,M T W T F S S,LDN4Z3HRJYKU4CLOSQEIG12LN9WTSORSDA2CDSROSTW9NLDPXTQ2EIA2OXF53YAT,"31.24046572,29.97028106",1,375 METRE,28 Dec 2025 14:34:05 GMT,SUNDAY,SW2,50,425,DISABLED,0,0,DISABLED
2595755757,Better mashal,Store Active,Alexandria,Al Iskandarīyah,00000,DEX5,_ T W T F S S,Q5SPF5RWHMF3JIUXW3RMG12LN9WTSORSDA2CDSROSTW9NLDPXTQ2EIA2OXFBOUMT,"31.238776359558713,29.95942627116448",1,375 METRE,28 May 2025 08:09:25 GMT,MONDAY,SW1,50,425,ENABLED,0,0,DISABLED
2595755757,Better mashal,Store Active,Alexandria,Al Iskandarīyah,00000,DEX5,_ T W T F S S,Q5SPF5RWHMF3JIUXW3RMG12LN9WTSORSDA2CDSROSTW9NLDPXTQ2EIA2OXFBOUMT,"31.238776359558713,29.95942627116448",1,375 METRE,28 May 2025 08:09:25 GMT,MONDAY,SW2,50,425,DISABLED,0,0,DISABLED
2595755757,Better mashal,Store Active,Alexandria,Al Iskandarīyah,00000,DEX5,_ T W T F S S,Q5SPF5RWHMF3JIUXW3RMG12LN9WTSORSDA2CDSROSTW9NLDPXTQ2EIA2OXFBOUMT,"31.238776359558713,29.95942627116448",1,375 METRE,28 May 2025 08:09:25 GMT,TUESDAY,SW1,50,425,ENABLED,0,0,DISABLED
2595755757,Better mashal,Store Active,Alexandria,Al Iskandarīyah,00000,DEX5,_ T W T F S S,Q5SPF5RWHMF3JIUXW3RMG12LN9WTSORSDA2CDSROSTW9NLDPXTQ2EIA2OXFBOUMT,"31.238776359558713,29.95942627116448",1,375 METRE,28 May 2025 08:09:25 GMT,TUESDAY,SW2,50,425,DISABLED,0,0,DISABLED
2595755757,Better mashal,Store Active,Alexandria,Al Iskandarīyah,00000,DEX5,_ T W T F S S,Q5SPF5RWHMF3JIUXW3RMG12LN9WTSORSDA2CDSROSTW9NLDPXTQ2EIA2OXFBOUMT,"31.238776359558713,29.95942627116448",1,375 METRE,28 May 2025 08:09:25 GMT,WEDNESDAY,SW1,50,425,ENABLED,0,0,DISABLED
2595755757,Better mashal,Store Active,Alexandria,Al Iskandarīyah,00000,DEX5,_ T W T F S S,Q5SPF5RWHMF3JIUXW3RMG12LN9WTSORSDA2CDSROSTW9NLDPXTQ2EIA2OXFBOUMT,"31.238776359558713,29.95942627116448",1,375 METRE,28 May 2025 08:09:25 GMT,WEDNESDAY,SW2,50,425,DISABLED,0,0,DISABLED
2595755757,Better mashal,Store Active,Alexandria,Al Iskandarīyah,00000,DEX5,_ T W T F S S,Q5SPF5RWHMF3JIUXW3RMG12LN9WTSORSDA2CDSROSTW9NLDPXTQ2EIA2OXFBOUMT,"31.238776359558713,29.95942627116448",1,375 METRE,28 May 2025 08:09:25 GMT,THURSDAY,SW1,50,425,ENABLED,0,0,DISABLED
2595755757,Better mashal,Store Active,Alexandria,Al Iskandarīyah,00000,DEX5,_ T W T F S S,Q5SPF5RWHMF3JIUXW3RMG12LN9WTSORSDA2CDSROSTW9NLDPXTQ2EIA2OXFBOUMT,"31.238776359558713,29.95942627116448",1,375 METRE,28 May 2025 08:09:25 GMT,THURSDAY,SW2,50,425,DISABLED,0,0,DISABLED
2595755757,Better mashal,Store Active,Alexandria,Al Iskandarīyah,00000,DEX5,_ T W T F S S,Q5SPF5RWHMF3JIUXW3RMG12LN9WTSORSDA2CDSROSTW9NLDPXTQ2EIA2OXFBOUMT,"31.238776359558713,29.95942627116448",1,375 METRE,28 May 2025 08:09:25 GMT,FRIDAY,SW1,50,425,ENABLED,0,0,DISABLED
2595755757,Better mashal,Store Active,Alexandria,Al Iskandarīyah,00000,DEX5,_ T W T F S S,Q5SPF5RWHMF3JIUXW3RMG12LN9WTSORSDA2CDSROSTW9NLDPXTQ2EIA2OXFBOUMT,"31.238776359558713,29.95942627116448",1,375 METRE,28 May 2025 08:09:25 GMT,FRIDAY,SW2,50,425,DISABLED,0,0,DISABLED
2595755757,Better mashal,Store Active,Alexandria,Al Iskandarīyah,00000,DEX5,_ T W T F S S,Q5SPF5RWHMF3JIUXW3RMG12LN9WTSORSDA2CDSROSTW9NLDPXTQ2EIA2OXFBOUMT,"31.238776359558713,29.95942627116448",1,375 METRE,28 May 2025 08:09:25 GMT,SATURDAY,SW1,50,425,ENABLED,0,0,DISABLED
2595755757,Better mashal,Store Active,Alexandria,Al Iskandarīyah,00000,DEX5,_ T W T F S S,Q5SPF5RWHMF3JIUXW3RMG12LN9WTSORSDA2CDSROSTW9NLDPXTQ2EIA2OXFBOUMT,"31.238776359558713,29.95942627116448",1,375 METRE,28 May 2025 08:09:25 GMT,SATURDAY,SW2,50,425,DISABLED,0,0,DISABLED
2595755757,Better mashal,Store Active,Alexandria,Al Iskandarīyah,00000,DEX5,_ T W T F S S,Q5SPF5RWHMF3JIUXW3RMG12LN9WTSORSDA2CDSROSTW9NLDPXTQ2EIA2OXFBOUMT,"31.238776359558713,29.95942627116448",1,375 METRE,28 May 2025 08:09:25 GMT,SUNDAY,SW1,50,425,ENABLED,0,0,DISABLED
2595755757,Better mashal,Store Active,Alexandria,Al Iskandarīyah,00000,DEX5,_ T W T F S S,Q5SPF5RWHMF3JIUXW3RMG12LN9WTSORSDA2CDSROSTW9NLDPXTQ2EIA2OXFBOUMT,"31.238776359558713,29.95942627116448",1,375 METRE,28 May 2025 08:09:25 GMT,SUNDAY,SW2,50,425,DISABLED,0,0,DISABLED
8040790240,مكتبة إسلام,Store Active,alexandria,Al Iskandarīyah,00000,DEX5,M T W T _ S S,G7LCG6ZSNYFBELGAOYW4G12LN9WTSORSDA2CDSROSTW9NLDPXTQ2EIA2OXN37M5L,"31.2474596,29.973056",1,400 METRE,29 Jul 2026 11:36:15 GMT,MONDAY,SW1,54,450,ENABLED,0,0,DISABLED
8040790240,مكتبة إسلام,Store Active,alexandria,Al Iskandarīyah,00000,DEX5,M T W T _ S S,G7LCG6ZSNYFBELGAOYW4G12LN9WTSORSDA2CDSROSTW9NLDPXTQ2EIA2OXN37M5L,"31.2474596,29.973056",1,400 METRE,29 Jul 2026 11:36:15 GMT,MONDAY,SW2,54,4050,DISABLED,0,0,DISABLED
8040790240,مكتبة إسلام,Store Active,alexandria,Al Iskandarīyah,00000,DEX5,M T W T _ S S,G7LCG6ZSNYFBELGAOYW4G12LN9WTSORSDA2CDSROSTW9NLDPXTQ2EIA2OXN37M5L,"31.2474596,29.973056",1,400 METRE,29 Jul 2026 11:36:15 GMT,TUESDAY,SW1,54,450,ENABLED,0,0,DISABLED
8040790240,مكتبة إسلام,Store Active,alexandria,Al Iskandarīyah,00000,DEX5,M T W T _ S S,G7LCG6ZSNYFBELGAOYW4G12LN9WTSORSDA2CDSROSTW9NLDPXTQ2EIA2OXN37M5L,"31.2474596,29.973056",1,400 METRE,29 Jul 2026 11:36:15 GMT,TUESDAY,SW2,54,4050,DISABLED,0,0,DISABLED
8040790240,مكتبة إسلام,Store Active,alexandria,Al Iskandarīyah,00000,DEX5,M T W T _ S S,G7LCG6ZSNYFBELGAOYW4G12LN9WTSORSDA2CDSROSTW9NLDPXTQ2EIA2OXN37M5L,"31.2474596,29.973056",1,400 METRE,29 Jul 2026 11:36:15 GMT,WEDNESDAY,SW1,54,450,ENABLED,0,0,DISABLED
8040790240,مكتبة إسلام,Store Active,alexandria,Al Iskandarīyah,00000,DEX5,M T W T _ S S,G7LCG6ZSNYFBELGAOYW4G12LN9WTSORSDA2CDSROSTW9NLDPXTQ2EIA2OXN37M5L,"31.2474596,29.973056",1,400 METRE,29 Jul 2026 11:36:15 GMT,WEDNESDAY,SW2,54,4050,DISABLED,0,0,DISABLED
8040790240,مكتبة إسلام,Store Active,alexandria,Al Iskandarīyah,00000,DEX5,M T W T _ S S,G7LCG6ZSNYFBELGAOYW4G12LN9WTSORSDA2CDSROSTW9NLDPXTQ2EIA2OXN37M5L,"31.2474596,29.973056",1,400 METRE,29 Jul 2026 11:36:15 GMT,THURSDAY,SW1,54,450,ENABLED,0,0,DISABLED
8040790240,مكتبة إسلام,Store Active,alexandria,Al Iskandarīyah,00000,DEX5,M T W T _ S S,G7LCG6ZSNYFBELGAOYW4G12LN9WTSORSDA2CDSROSTW9NLDPXTQ2EIA2OXN37M5L,"31.2474596,29.973056",1,400 METRE,29 Jul 2026 11:36:15 GMT,THURSDAY,SW2,54,4050,DISABLED,0,0,DISABLED
8040790240,مكتبة إسلام,Store Active,alexandria,Al Iskandarīyah,00000,DEX5,M T W T _ S S,G7LCG6ZSNYFBELGAOYW4G12LN9WTSORSDA2CDSROSTW9NLDPXTQ2EIA2OXN37M5L,"31.2474596,29.973056",1,400 METRE,29 Jul 2026 11:36:15 GMT,FRIDAY,SW1,54,2050,ENABLED,0,0,DISABLED
8040790240,مكتبة إسلام,Store Active,alexandria,Al Iskandarīyah,00000,DEX5,M T W T _ S S,G7LCG6ZSNYFBELGAOYW4G12LN9WTSORSDA2CDSROSTW9NLDPXTQ2EIA2OXN37M5L,"31.2474596,29.973056",1,400 METRE,29 Jul 2026 11:36:15 GMT,FRIDAY,SW2,54,4050,ENABLED,0,0,DISABLED
8040790240,مكتبة إسلام,Store Active,alexandria,Al Iskandarīyah,00000,DEX5,M T W T _ S S,G7LCG6ZSNYFBELGAOYW4G12LN9WTSORSDA2CDSROSTW9NLDPXTQ2EIA2OXN37M5L,"31.2474596,29.973056",1,400 METRE,29 Jul 2026 11:36:15 GMT,SATURDAY,SW1,54,450,ENABLED,0,0,DISABLED
8040790240,مكتبة إسلام,Store Active,alexandria,Al Iskandarīyah,00000,DEX5,M T W T _ S S,G7LCG6ZSNYFBELGAOYW4G12LN9WTSORSDA2CDSROSTW9NLDPXTQ2EIA2OXN37M5L,"31.2474596,29.973056",1,400 METRE,29 Jul 2026 11:36:15 GMT,SATURDAY,SW2,54,4050,DISABLED,0,0,DISABLED
8040790240,مكتبة إسلام,Store Active,alexandria,Al Iskandarīyah,00000,DEX5,M T W T _ S S,G7LCG6ZSNYFBELGAOYW4G12LN9WTSORSDA2CDSROSTW9NLDPXTQ2EIA2OXN37M5L,"31.2474596,29.973056",1,400 METRE,29 Jul 2026 11:36:15 GMT,SUNDAY,SW1,54,450,ENABLED,0,0,DISABLED
8040790240,مكتبة إسلام,Store Active,alexandria,Al Iskandarīyah,00000,DEX5,M T W T _ S S,G7LCG6ZSNYFBELGAOYW4G12LN9WTSORSDA2CDSROSTW9NLDPXTQ2EIA2OXN37M5L,"31.2474596,29.973056",1,400 METRE,29 Jul 2026 11:36:15 GMT,SUNDAY,SW2,54,4050,DISABLED,0,0,DISABLED
4937562082,DOCTORZ COMBANY,Store Inactive,Ssmouha,Al Iskandarīyah,00000,DEX5,M T W T F S _,4YWE6RJAXYXPU33FM3MIG12LN9WTSORSDA2CDSROSTW9NLDPXTQ2EIA2OXEK64XR,"31.213185,29.939127",1,375 METRE,NA,MONDAY,SW1,0,425,ENABLED,0,0,DISABLED
4937562082,DOCTORZ COMBANY,Store Inactive,Ssmouha,Al Iskandarīyah,00000,DEX5,M T W T F S _,4YWE6RJAXYXPU33FM3MIG12LN9WTSORSDA2CDSROSTW9NLDPXTQ2EIA2OXEK64XR,"31.213185,29.939127",1,375 METRE,NA,MONDAY,SW2,0,425,DISABLED,0,0,DISABLED
4937562082,DOCTORZ COMBANY,Store Inactive,Ssmouha,Al Iskandarīyah,00000,DEX5,M T W T F S _,4YWE6RJAXYXPU33FM3MIG12LN9WTSORSDA2CDSROSTW9NLDPXTQ2EIA2OXEK64XR,"31.213185,29.939127",1,375 METRE,NA,TUESDAY,SW1,0,425,ENABLED,0,0,DISABLED
4937562082,DOCTORZ COMBANY,Store Inactive,Ssmouha,Al Iskandarīyah,00000,DEX5,M T W T F S _,4YWE6RJAXYXPU33FM3MIG12LN9WTSORSDA2CDSROSTW9NLDPXTQ2EIA2OXEK64XR,"31.213185,29.939127",1,375 METRE,NA,TUESDAY,SW2,0,425,DISABLED,0,0,DISABLED
4937562082,DOCTORZ COMBANY,Store Inactive,Ssmouha,Al Iskandarīyah,00000,DEX5,M T W T F S _,4YWE6RJAXYXPU33FM3MIG12LN9WTSORSDA2CDSROSTW9NLDPXTQ2EIA2OXEK64XR,"31.213185,29.939127",1,375 METRE,NA,WEDNESDAY,SW1,0,425,ENABLED,0,0,DISABLED
4937562082,DOCTORZ COMBANY,Store Inactive,Ssmouha,Al Iskandarīyah,00000,DEX5,M T W T F S _,4YWE6RJAXYXPU33FM3MIG12LN9WTSORSDA2CDSROSTW9NLDPXTQ2EIA2OXEK64XR,"31.213185,29.939127",1,375 METRE,NA,WEDNESDAY,SW2,0,425,DISABLED,0,0,DISABLED
4937562082,DOCTORZ COMBANY,Store Inactive,Ssmouha,Al Iskandarīyah,00000,DEX5,M T W T F S _,4YWE6RJAXYXPU33FM3MIG12LN9WTSORSDA2CDSROSTW9NLDPXTQ2EIA2OXEK64XR,"31.213185,29.939127",1,375 METRE,NA,THURSDAY,SW1,0,425,ENABLED,0,0,DISABLED
4937562082,DOCTORZ COMBANY,Store Inactive,Ssmouha,Al Iskandarīyah,00000,DEX5,M T W T F S _,4YWE6RJAXYXPU33FM3MIG12LN9WTSORSDA2CDSROSTW9NLDPXTQ2EIA2OXEK64XR,"31.213185,29.939127",1,375 METRE,NA,THURSDAY,SW2,0,425,DISABLED,0,0,DISABLED
4937562082,DOCTORZ COMBANY,Store Inactive,Ssmouha,Al Iskandarīyah,00000,DEX5,M T W T F S _,4YWE6RJAXYXPU33FM3MIG12LN9WTSORSDA2CDSROSTW9NLDPXTQ2EIA2OXEK64XR,"31.213185,29.939127",1,375 METRE,NA,FRIDAY,SW1,0,425,ENABLED,0,0,DISABLED
4937562082,DOCTORZ COMBANY,Store Inactive,Ssmouha,Al Iskandarīyah,00000,DEX5,M T W T F S _,4YWE6RJAXYXPU33FM3MIG12LN9WTSORSDA2CDSROSTW9NLDPXTQ2EIA2OXEK64XR,"31.213185,29.939127",1,375 METRE,NA,FRIDAY,SW2,0,425,DISABLED,0,0,DISABLED
4937562082,DOCTORZ COMBANY,Store Inactive,Ssmouha,Al Iskandarīyah,00000,DEX5,M T W T F S _,4YWE6RJAXYXPU33FM3MIG12LN9WTSORSDA2CDSROSTW9NLDPXTQ2EIA2OXEK64XR,"31.213185,29.939127",1,375 METRE,NA,SATURDAY,SW1,0,425,ENABLED,0,0,DISABLED
4937562082,DOCTORZ COMBANY,Store Inactive,Ssmouha,Al Iskandarīyah,00000,DEX5,M T W T F S _,4YWE6RJAXYXPU33FM3MIG12LN9WTSORSDA2CDSROSTW9NLDPXTQ2EIA2OXEK64XR,"31.213185,29.939127",1,375 METRE,NA,SATURDAY,SW2,0,425,DISABLED,0,0,DISABLED
4937562082,DOCTORZ COMBANY,Store Inactive,Ssmouha,Al Iskandarīyah,00000,DEX5,M T W T F S _,4YWE6RJAXYXPU33FM3MIG12LN9WTSORSDA2CDSROSTW9NLDPXTQ2EIA2OXEK64XR,"31.213185,29.939127",1,375 METRE,NA,SUNDAY,SW1,0,425,ENABLED,0,0,DISABLED
4937562082,DOCTORZ COMBANY,Store Inactive,Ssmouha,Al Iskandarīyah,00000,DEX5,M T W T F S _,4YWE6RJAXYXPU33FM3MIG12LN9WTSORSDA2CDSROSTW9NLDPXTQ2EIA2OXEK64XR,"31.213185,29.939127",1,375 METRE,NA,SUNDAY,SW2,0,425,DISABLED,0,0,DISABLED
6651699785,city Games,Store Inactive,alexandria,Al Iskandarīyah,00000,DEX5,M T W T F S S,NA34HFRIQO4JIVZCV33QG12LN9WTSORSDA2CDSROSTW9NLDPXTQ2EIA2OXDP37QL,"31.216616821453712,29.942018542327762",1,375 METRE,NA,MONDAY,SW1,0,425,ENABLED,0,0,DISABLED
6651699785,city Games,Store Inactive,alexandria,Al Iskandarīyah,00000,DEX5,M T W T F S S,NA34HFRIQO4JIVZCV33QG12LN9WTSORSDA2CDSROSTW9NLDPXTQ2EIA2OXDP37QL,"31.216616821453712,29.942018542327762",1,375 METRE,NA,MONDAY,SW2,0,425,DISABLED,0,0,DISABLED
6651699785,city Games,Store Inactive,alexandria,Al Iskandarīyah,00000,DEX5,M T W T F S S,NA34HFRIQO4JIVZCV33QG12LN9WTSORSDA2CDSROSTW9NLDPXTQ2EIA2OXDP37QL,"31.216616821453712,29.942018542327762",1,375 METRE,NA,TUESDAY,SW1,0,425,ENABLED,0,0,DISABLED
6651699785,city Games,Store Inactive,alexandria,Al Iskandarīyah,00000,DEX5,M T W T F S S,NA34HFRIQO4JIVZCV33QG12LN9WTSORSDA2CDSROSTW9NLDPXTQ2EIA2OXDP37QL,"31.216616821453712,29.942018542327762",1,375 METRE,NA,TUESDAY,SW2,0,425,DISABLED,0,0,DISABLED
6651699785,city Games,Store Inactive,alexandria,Al Iskandarīyah,00000,DEX5,M T W T F S S,NA34HFRIQO4JIVZCV33QG12LN9WTSORSDA2CDSROSTW9NLDPXTQ2EIA2OXDP37QL,"31.216616821453712,29.942018542327762",1,375 METRE,NA,WEDNESDAY,SW1,0,425,ENABLED,0,0,DISABLED
6651699785,city Games,Store Inactive,alexandria,Al Iskandarīyah,00000,DEX5,M T W T F S S,NA34HFRIQO4JIVZCV33QG12LN9WTSORSDA2CDSROSTW9NLDPXTQ2EIA2OXDP37QL,"31.216616821453712,29.942018542327762",1,375 METRE,NA,WEDNESDAY,SW2,0,425,DISABLED,0,0,DISABLED
6651699785,city Games,Store Inactive,alexandria,Al Iskandarīyah,00000,DEX5,M T W T F S S,NA34HFRIQO4JIVZCV33QG12LN9WTSORSDA2CDSROSTW9NLDPXTQ2EIA2OXDP37QL,"31.216616821453712,29.942018542327762",1,375 METRE,NA,THURSDAY,SW1,0,425,ENABLED,0,0,DISABLED
6651699785,city Games,Store Inactive,alexandria,Al Iskandarīyah,00000,DEX5,M T W T F S S,NA34HFRIQO4JIVZCV33QG12LN9WTSORSDA2CDSROSTW9NLDPXTQ2EIA2OXDP37QL,"31.216616821453712,29.942018542327762",1,375 METRE,NA,THURSDAY,SW2,0,425,DISABLED,0,0,DISABLED
6651699785,city Games,Store Inactive,alexandria,Al Iskandarīyah,00000,DEX5,M T W T F S S,NA34HFRIQO4JIVZCV33QG12LN9WTSORSDA2CDSROSTW9NLDPXTQ2EIA2OXDP37QL,"31.216616821453712,29.942018542327762",1,375 METRE,NA,FRIDAY,SW1,0,425,ENABLED,0,0,DISABLED
6651699785,city Games,Store Inactive,alexandria,Al Iskandarīyah,00000,DEX5,M T W T F S S,NA34HFRIQO4JIVZCV33QG12LN9WTSORSDA2CDSROSTW9NLDPXTQ2EIA2OXDP37QL,"31.216616821453712,29.942018542327762",1,375 METRE,NA,FRIDAY,SW2,0,425,DISABLED,0,0,DISABLED
6651699785,city Games,Store Inactive,alexandria,Al Iskandarīyah,00000,DEX5,M T W T F S S,NA34HFRIQO4JIVZCV33QG12LN9WTSORSDA2CDSROSTW9NLDPXTQ2EIA2OXDP37QL,"31.216616821453712,29.942018542327762",1,375 METRE,NA,SATURDAY,SW1,0,425,ENABLED,0,0,DISABLED
6651699785,city Games,Store Inactive,alexandria,Al Iskandarīyah,00000,DEX5,M T W T F S S,NA34HFRIQO4JIVZCV33QG12LN9WTSORSDA2CDSROSTW9NLDPXTQ2EIA2OXDP37QL,"31.216616821453712,29.942018542327762",1,375 METRE,NA,SATURDAY,SW2,0,425,DISABLED,0,0,DISABLED
6651699785,city Games,Store Inactive,alexandria,Al Iskandarīyah,00000,DEX5,M T W T F S S,NA34HFRIQO4JIVZCV33QG12LN9WTSORSDA2CDSROSTW9NLDPXTQ2EIA2OXDP37QL,"31.216616821453712,29.942018542327762",1,375 METRE,NA,SUNDAY,SW1,0,425,ENABLED,0,0,DISABLED
6651699785,city Games,Store Inactive,alexandria,Al Iskandarīyah,00000,DEX5,M T W T F S S,NA34HFRIQO4JIVZCV33QG12LN9WTSORSDA2CDSROSTW9NLDPXTQ2EIA2OXDP37QL,"31.216616821453712,29.942018542327762",1,375 METRE,NA,SUNDAY,SW2,0,425,DISABLED,0,0,DISABLED
4197522754,Essa Coffe,Store Inactive,Alexandria,Al Iskandarīyah,00000,DEX5,M T W T _ S S,3ZFSAHTBUK7YAK5CKK6UG12LN9WTSORSDA2CDSROSTW9NLDPXTQ2EIA2OXKYMFT7,"31.228748721421912,29.952852696123703",3,400 METRE,NA,MONDAY,SW1,0,450,ENABLED,0,0,DISABLED
4197522754,Essa Coffe,Store Inactive,Alexandria,Al Iskandarīyah,00000,DEX5,M T W T _ S S,3ZFSAHTBUK7YAK5CKK6UG12LN9WTSORSDA2CDSROSTW9NLDPXTQ2EIA2OXKYMFT7,"31.228748721421912,29.952852696123703",3,400 METRE,NA,MONDAY,SW2,0,450,DISABLED,0,0,DISABLED
4197522754,Essa Coffe,Store Inactive,Alexandria,Al Iskandarīyah,00000,DEX5,M T W T _ S S,3ZFSAHTBUK7YAK5CKK6UG12LN9WTSORSDA2CDSROSTW9NLDPXTQ2EIA2OXKYMFT7,"31.228748721421912,29.952852696123703",3,400 METRE,NA,TUESDAY,SW1,0,450,ENABLED,0,0,DISABLED
4197522754,Essa Coffe,Store Inactive,Alexandria,Al Iskandarīyah,00000,DEX5,M T W T _ S S,3ZFSAHTBUK7YAK5CKK6UG12LN9WTSORSDA2CDSROSTW9NLDPXTQ2EIA2OXKYMFT7,"31.228748721421912,29.952852696123703",3,400 METRE,NA,TUESDAY,SW2,0,450,DISABLED,0,0,DISABLED
4197522754,Essa Coffe,Store Inactive,Alexandria,Al Iskandarīyah,00000,DEX5,M T W T _ S S,3ZFSAHTBUK7YAK5CKK6UG12LN9WTSORSDA2CDSROSTW9NLDPXTQ2EIA2OXKYMFT7,"31.228748721421912,29.952852696123703",3,400 METRE,NA,WEDNESDAY,SW1,0,450,ENABLED,0,0,DISABLED
4197522754,Essa Coffe,Store Inactive,Alexandria,Al Iskandarīyah,00000,DEX5,M T W T _ S S,3ZFSAHTBUK7YAK5CKK6UG12LN9WTSORSDA2CDSROSTW9NLDPXTQ2EIA2OXKYMFT7,"31.228748721421912,29.952852696123703",3,400 METRE,NA,WEDNESDAY,SW2,0,450,DISABLED,0,0,DISABLED
4197522754,Essa Coffe,Store Inactive,Alexandria,Al Iskandarīyah,00000,DEX5,M T W T _ S S,3ZFSAHTBUK7YAK5CKK6UG12LN9WTSORSDA2CDSROSTW9NLDPXTQ2EIA2OXKYMFT7,"31.228748721421912,29.952852696123703",3,400 METRE,NA,THURSDAY,SW1,0,450,ENABLED,0,0,DISABLED
4197522754,Essa Coffe,Store Inactive,Alexandria,Al Iskandarīyah,00000,DEX5,M T W T _ S S,3ZFSAHTBUK7YAK5CKK6UG12LN9WTSORSDA2CDSROSTW9NLDPXTQ2EIA2OXKYMFT7,"31.228748721421912,29.952852696123703",3,400 METRE,NA,THURSDAY,SW2,0,450,DISABLED,0,0,DISABLED
4197522754,Essa Coffe,Store Inactive,Alexandria,Al Iskandarīyah,00000,DEX5,M T W T _ S S,3ZFSAHTBUK7YAK5CKK6UG12LN9WTSORSDA2CDSROSTW9NLDPXTQ2EIA2OXKYMFT7,"31.228748721421912,29.952852696123703",3,400 METRE,NA,FRIDAY,SW1,0,450,ENABLED,0,0,DISABLED
4197522754,Essa Coffe,Store Inactive,Alexandria,Al Iskandarīyah,00000,DEX5,M T W T _ S S,3ZFSAHTBUK7YAK5CKK6UG12LN9WTSORSDA2CDSROSTW9NLDPXTQ2EIA2OXKYMFT7,"31.228748721421912,29.952852696123703",3,400 METRE,NA,FRIDAY,SW2,0,450,DISABLED,0,0,DISABLED
4197522754,Essa Coffe,Store Inactive,Alexandria,Al Iskandarīyah,00000,DEX5,M T W T _ S S,3ZFSAHTBUK7YAK5CKK6UG12LN9WTSORSDA2CDSROSTW9NLDPXTQ2EIA2OXKYMFT7,"31.228748721421912,29.952852696123703",3,400 METRE,NA,SATURDAY,SW1,0,450,ENABLED,0,0,DISABLED
4197522754,Essa Coffe,Store Inactive,Alexandria,Al Iskandarīyah,00000,DEX5,M T W T _ S S,3ZFSAHTBUK7YAK5CKK6UG12LN9WTSORSDA2CDSROSTW9NLDPXTQ2EIA2OXKYMFT7,"31.228748721421912,29.952852696123703",3,400 METRE,NA,SATURDAY,SW2,0,450,DISABLED,0,0,DISABLED
4197522754,Essa Coffe,Store Inactive,Alexandria,Al Iskandarīyah,00000,DEX5,M T W T _ S S,3ZFSAHTBUK7YAK5CKK6UG12LN9WTSORSDA2CDSROSTW9NLDPXTQ2EIA2OXKYMFT7,"31.228748721421912,29.952852696123703",3,400 METRE,NA,SUNDAY,SW1,0,450,ENABLED,0,0,DISABLED
4197522754,Essa Coffe,Store Inactive,Alexandria,Al Iskandarīyah,00000,DEX5,M T W T _ S S,3ZFSAHTBUK7YAK5CKK6UG12LN9WTSORSDA2CDSROSTW9NLDPXTQ2EIA2OXKYMFT7,"31.228748721421912,29.952852696123703",3,400 METRE,NA,SUNDAY,SW2,0,450,DISABLED,0,0,DISABLED
7034285556,kaminna,Store Inactive,الاسكندريه,Al Iskandarīyah,00000,DEX5,M T W T _ S S,POMHA3GF323R462DO25MG12LN9WTSORSDA2CDSROSTW9NLDPXTQ2EIA2OXBYWJWC,"31.22298251326527,29.969186016261833",1,400 METRE,NA,MONDAY,SW1,0,450,ENABLED,0,0,DISABLED
7034285556,kaminna,Store Inactive,الاسكندريه,Al Iskandarīyah,00000,DEX5,M T W T _ S S,POMHA3GF323R462DO25MG12LN9WTSORSDA2CDSROSTW9NLDPXTQ2EIA2OXBYWJWC,"31.22298251326527,29.969186016261833",1,400 METRE,NA,MONDAY,SW2,0,450,DISABLED,0,0,DISABLED
7034285556,kaminna,Store Inactive,الاسكندريه,Al Iskandarīyah,00000,DEX5,M T W T _ S S,POMHA3GF323R462DO25MG12LN9WTSORSDA2CDSROSTW9NLDPXTQ2EIA2OXBYWJWC,"31.22298251326527,29.969186016261833",1,400 METRE,NA,TUESDAY,SW1,0,450,ENABLED,0,0,DISABLED
7034285556,kaminna,Store Inactive,الاسكندريه,Al Iskandarīyah,00000,DEX5,M T W T _ S S,POMHA3GF323R462DO25MG12LN9WTSORSDA2CDSROSTW9NLDPXTQ2EIA2OXBYWJWC,"31.22298251326527,29.969186016261833",1,400 METRE,NA,TUESDAY,SW2,0,450,DISABLED,0,0,DISABLED
7034285556,kaminna,Store Inactive,الاسكندريه,Al Iskandarīyah,00000,DEX5,M T W T _ S S,POMHA3GF323R462DO25MG12LN9WTSORSDA2CDSROSTW9NLDPXTQ2EIA2OXBYWJWC,"31.22298251326527,29.969186016261833",1,400 METRE,NA,WEDNESDAY,SW1,0,450,ENABLED,0,0,DISABLED
7034285556,kaminna,Store Inactive,الاسكندريه,Al Iskandarīyah,00000,DEX5,M T W T _ S S,POMHA3GF323R462DO25MG12LN9WTSORSDA2CDSROSTW9NLDPXTQ2EIA2OXBYWJWC,"31.22298251326527,29.969186016261833",1,400 METRE,NA,WEDNESDAY,SW2,0,450,DISABLED,0,0,DISABLED
7034285556,kaminna,Store Inactive,الاسكندريه,Al Iskandarīyah,00000,DEX5,M T W T _ S S,POMHA3GF323R462DO25MG12LN9WTSORSDA2CDSROSTW9NLDPXTQ2EIA2OXBYWJWC,"31.22298251326527,29.969186016261833",1,400 METRE,NA,THURSDAY,SW1,0,450,ENABLED,0,0,DISABLED
7034285556,kaminna,Store Inactive,الاسكندريه,Al Iskandarīyah,00000,DEX5,M T W T _ S S,POMHA3GF323R462DO25MG12LN9WTSORSDA2CDSROSTW9NLDPXTQ2EIA2OXBYWJWC,"31.22298251326527,29.969186016261833",1,400 METRE,NA,THURSDAY,SW2,0,450,DISABLED,0,0,DISABLED
7034285556,kaminna,Store Inactive,الاسكندريه,Al Iskandarīyah,00000,DEX5,M T W T _ S S,POMHA3GF323R462DO25MG12LN9WTSORSDA2CDSROSTW9NLDPXTQ2EIA2OXBYWJWC,"31.22298251326527,29.969186016261833",1,400 METRE,NA,FRIDAY,SW1,0,450,ENABLED,0,0,DISABLED
7034285556,kaminna,Store Inactive,الاسكندريه,Al Iskandarīyah,00000,DEX5,M T W T _ S S,POMHA3GF323R462DO25MG12LN9WTSORSDA2CDSROSTW9NLDPXTQ2EIA2OXBYWJWC,"31.22298251326527,29.969186016261833",1,400 METRE,NA,FRIDAY,SW2,0,450,DISABLED,0,0,DISABLED
7034285556,kaminna,Store Inactive,الاسكندريه,Al Iskandarīyah,00000,DEX5,M T W T _ S S,POMHA3GF323R462DO25MG12LN9WTSORSDA2CDSROSTW9NLDPXTQ2EIA2OXBYWJWC,"31.22298251326527,29.969186016261833",1,400 METRE,NA,SATURDAY,SW1,0,450,ENABLED,0,0,DISABLED
7034285556,kaminna,Store Inactive,الاسكندريه,Al Iskandarīyah,00000,DEX5,M T W T _ S S,POMHA3GF323R462DO25MG12LN9WTSORSDA2CDSROSTW9NLDPXTQ2EIA2OXBYWJWC,"31.22298251326527,29.969186016261833",1,400 METRE,NA,SATURDAY,SW2,0,450,DISABLED,0,0,DISABLED
7034285556,kaminna,Store Inactive,الاسكندريه,Al Iskandarīyah,00000,DEX5,M T W T _ S S,POMHA3GF323R462DO25MG12LN9WTSORSDA2CDSROSTW9NLDPXTQ2EIA2OXBYWJWC,"31.22298251326527,29.969186016261833",1,400 METRE,NA,SUNDAY,SW1,0,450,ENABLED,0,0,DISABLED
7034285556,kaminna,Store Inactive,الاسكندريه,Al Iskandarīyah,00000,DEX5,M T W T _ S S,POMHA3GF323R462DO25MG12LN9WTSORSDA2CDSROSTW9NLDPXTQ2EIA2OXBYWJWC,"31.22298251326527,29.969186016261833",1,400 METRE,NA,SUNDAY,SW2,0,450,DISABLED,0,0,DISABLED
8638059992,MARKET MAKA,Store Inactive,Alexandria,Al Iskandarīyah,00000,DEX5,M T W T _ S S,HDNSSJWH4AHWY4EB3BPQG12LN9WTSORSDA2CDSROSTW9NLDPXTQ2EIA2OXJPHYXX,"31.226406277275036,29.950684296172682",2,375 METRE,NA,MONDAY,SW1,0,425,ENABLED,0,0,DISABLED
8638059992,MARKET MAKA,Store Inactive,Alexandria,Al Iskandarīyah,00000,DEX5,M T W T _ S S,HDNSSJWH4AHWY4EB3BPQG12LN9WTSORSDA2CDSROSTW9NLDPXTQ2EIA2OXJPHYXX,"31.226406277275036,29.950684296172682",2,375 METRE,NA,MONDAY,SW2,0,425,DISABLED,0,0,DISABLED
8638059992,MARKET MAKA,Store Inactive,Alexandria,Al Iskandarīyah,00000,DEX5,M T W T _ S S,HDNSSJWH4AHWY4EB3BPQG12LN9WTSORSDA2CDSROSTW9NLDPXTQ2EIA2OXJPHYXX,"31.226406277275036,29.950684296172682",2,375 METRE,NA,TUESDAY,SW1,0,425,ENABLED,0,0,DISABLED
8638059992,MARKET MAKA,Store Inactive,Alexandria,Al Iskandarīyah,00000,DEX5,M T W T _ S S,HDNSSJWH4AHWY4EB3BPQG12LN9WTSORSDA2CDSROSTW9NLDPXTQ2EIA2OXJPHYXX,"31.226406277275036,29.950684296172682",2,375 METRE,NA,TUESDAY,SW2,0,425,DISABLED,0,0,DISABLED
8638059992,MARKET MAKA,Store Inactive,Alexandria,Al Iskandarīyah,00000,DEX5,M T W T _ S S,HDNSSJWH4AHWY4EB3BPQG12LN9WTSORSDA2CDSROSTW9NLDPXTQ2EIA2OXJPHYXX,"31.226406277275036,29.950684296172682",2,375 METRE,NA,WEDNESDAY,SW1,0,425,ENABLED,0,0,DISABLED
8638059992,MARKET MAKA,Store Inactive,Alexandria,Al Iskandarīyah,00000,DEX5,M T W T _ S S,HDNSSJWH4AHWY4EB3BPQG12LN9WTSORSDA2CDSROSTW9NLDPXTQ2EIA2OXJPHYXX,"31.226406277275036,29.950684296172682",2,375 METRE,NA,WEDNESDAY,SW2,0,425,DISABLED,0,0,DISABLED
8638059992,MARKET MAKA,Store Inactive,Alexandria,Al Iskandarīyah,00000,DEX5,M T W T _ S S,HDNSSJWH4AHWY4EB3BPQG12LN9WTSORSDA2CDSROSTW9NLDPXTQ2EIA2OXJPHYXX,"31.226406277275036,29.950684296172682",2,375 METRE,NA,THURSDAY,SW1,0,425,ENABLED,0,0,DISABLED
8638059992,MARKET MAKA,Store Inactive,Alexandria,Al Iskandarīyah,00000,DEX5,M T W T _ S S,HDNSSJWH4AHWY4EB3BPQG12LN9WTSORSDA2CDSROSTW9NLDPXTQ2EIA2OXJPHYXX,"31.226406277275036,29.950684296172682",2,375 METRE,NA,THURSDAY,SW2,0,425,DISABLED,0,0,DISABLED
8638059992,MARKET MAKA,Store Inactive,Alexandria,Al Iskandarīyah,00000,DEX5,M T W T _ S S,HDNSSJWH4AHWY4EB3BPQG12LN9WTSORSDA2CDSROSTW9NLDPXTQ2EIA2OXJPHYXX,"31.226406277275036,29.950684296172682",2,375 METRE,NA,FRIDAY,SW1,0,425,ENABLED,0,0,DISABLED
8638059992,MARKET MAKA,Store Inactive,Alexandria,Al Iskandarīyah,00000,DEX5,M T W T _ S S,HDNSSJWH4AHWY4EB3BPQG12LN9WTSORSDA2CDSROSTW9NLDPXTQ2EIA2OXJPHYXX,"31.226406277275036,29.950684296172682",2,375 METRE,NA,FRIDAY,SW2,0,425,DISABLED,0,0,DISABLED
8638059992,MARKET MAKA,Store Inactive,Alexandria,Al Iskandarīyah,00000,DEX5,M T W T _ S S,HDNSSJWH4AHWY4EB3BPQG12LN9WTSORSDA2CDSROSTW9NLDPXTQ2EIA2OXJPHYXX,"31.226406277275036,29.950684296172682",2,375 METRE,NA,SATURDAY,SW1,0,425,ENABLED,0,0,DISABLED
8638059992,MARKET MAKA,Store Inactive,Alexandria,Al Iskandarīyah,00000,DEX5,M T W T _ S S,HDNSSJWH4AHWY4EB3BPQG12LN9WTSORSDA2CDSROSTW9NLDPXTQ2EIA2OXJPHYXX,"31.226406277275036,29.950684296172682",2,375 METRE,NA,SATURDAY,SW2,0,425,DISABLED,0,0,DISABLED
8638059992,MARKET MAKA,Store Inactive,Alexandria,Al Iskandarīyah,00000,DEX5,M T W T _ S S,HDNSSJWH4AHWY4EB3BPQG12LN9WTSORSDA2CDSROSTW9NLDPXTQ2EIA2OXJPHYXX,"31.226406277275036,29.950684296172682",2,375 METRE,NA,SUNDAY,SW1,0,425,ENABLED,0,0,DISABLED
8638059992,MARKET MAKA,Store Inactive,Alexandria,Al Iskandarīyah,00000,DEX5,M T W T _ S S,HDNSSJWH4AHWY4EB3BPQG12LN9WTSORSDA2CDSROSTW9NLDPXTQ2EIA2OXJPHYXX,"31.226406277275036,29.950684296172682",2,375 METRE,NA,SUNDAY,SW2,0,425,DISABLED,0,0,DISABLED
8463737398,Al-Mawas Company,Store Inactive,alexandria,Al Iskandarīyah,00000,DEX5,M T W T _ S S,WL5AHITSTOBOWNVKOVQYG12LN9WTSORSDA2CDSROSTW9NLDPXTQ2EYA2OXMHWSUC,"31.22519520203667,29.947092607849758",1,375 METRE,NA,MONDAY,SW1,0,425,ENABLED,0,0,DISABLED
8463737398,Al-Mawas Company,Store Inactive,alexandria,Al Iskandarīyah,00000,DEX5,M T W T _ S S,WL5AHITSTOBOWNVKOVQYG12LN9WTSORSDA2CDSROSTW9NLDPXTQ2EYA2OXMHWSUC,"31.22519520203667,29.947092607849758",1,375 METRE,NA,MONDAY,SW2,0,425,DISABLED,0,0,DISABLED
8463737398,Al-Mawas Company,Store Inactive,alexandria,Al Iskandarīyah,00000,DEX5,M T W T _ S S,WL5AHITSTOBOWNVKOVQYG12LN9WTSORSDA2CDSROSTW9NLDPXTQ2EYA2OXMHWSUC,"31.22519520203667,29.947092607849758",1,375 METRE,NA,TUESDAY,SW1,0,425,ENABLED,0,0,DISABLED
8463737398,Al-Mawas Company,Store Inactive,alexandria,Al Iskandarīyah,00000,DEX5,M T W T _ S S,WL5AHITSTOBOWNVKOVQYG12LN9WTSORSDA2CDSROSTW9NLDPXTQ2EYA2OXMHWSUC,"31.22519520203667,29.947092607849758",1,375 METRE,NA,TUESDAY,SW2,0,425,DISABLED,0,0,DISABLED
8463737398,Al-Mawas Company,Store Inactive,alexandria,Al Iskandarīyah,00000,DEX5,M T W T _ S S,WL5AHITSTOBOWNVKOVQYG12LN9WTSORSDA2CDSROSTW9NLDPXTQ2EYA2OXMHWSUC,"31.22519520203667,29.947092607849758",1,375 METRE,NA,WEDNESDAY,SW1,0,425,ENABLED,0,0,DISABLED
8463737398,Al-Mawas Company,Store Inactive,alexandria,Al Iskandarīyah,00000,DEX5,M T W T _ S S,WL5AHITSTOBOWNVKOVQYG12LN9WTSORSDA2CDSROSTW9NLDPXTQ2EYA2OXMHWSUC,"31.22519520203667,29.947092607849758",1,375 METRE,NA,WEDNESDAY,SW2,0,425,DISABLED,0,0,DISABLED
8463737398,Al-Mawas Company,Store Inactive,alexandria,Al Iskandarīyah,00000,DEX5,M T W T _ S S,WL5AHITSTOBOWNVKOVQYG12LN9WTSORSDA2CDSROSTW9NLDPXTQ2EYA2OXMHWSUC,"31.22519520203667,29.947092607849758",1,375 METRE,NA,THURSDAY,SW1,0,425,ENABLED,0,0,DISABLED
8463737398,Al-Mawas Company,Store Inactive,alexandria,Al Iskandarīyah,00000,DEX5,M T W T _ S S,WL5AHITSTOBOWNVKOVQYG12LN9WTSORSDA2CDSROSTW9NLDPXTQ2EYA2OXMHWSUC,"31.22519520203667,29.947092607849758",1,375 METRE,NA,THURSDAY,SW2,0,425,DISABLED,0,0,DISABLED
8463737398,Al-Mawas Company,Store Inactive,alexandria,Al Iskandarīyah,00000,DEX5,M T W T _ S S,WL5AHITSTOBOWNVKOVQYG12LN9WTSORSDA2CDSROSTW9NLDPXTQ2EYA2OXMHWSUC,"31.22519520203667,29.947092607849758",1,375 METRE,NA,FRIDAY,SW1,0,425,ENABLED,0,0,DISABLED
8463737398,Al-Mawas Company,Store Inactive,alexandria,Al Iskandarīyah,00000,DEX5,M T W T _ S S,WL5AHITSTOBOWNVKOVQYG12LN9WTSORSDA2CDSROSTW9NLDPXTQ2EYA2OXMHWSUC,"31.22519520203667,29.947092607849758",1,375 METRE,NA,FRIDAY,SW2,0,425,DISABLED,0,0,DISABLED
8463737398,Al-Mawas Company,Store Inactive,alexandria,Al Iskandarīyah,00000,DEX5,M T W T _ S S,WL5AHITSTOBOWNVKOVQYG12LN9WTSORSDA2CDSROSTW9NLDPXTQ2EYA2OXMHWSUC,"31.22519520203667,29.947092607849758",1,375 METRE,NA,SATURDAY,SW1,0,425,ENABLED,0,0,DISABLED
8463737398,Al-Mawas Company,Store Inactive,alexandria,Al Iskandarīyah,00000,DEX5,M T W T _ S S,WL5AHITSTOBOWNVKOVQYG12LN9WTSORSDA2CDSROSTW9NLDPXTQ2EYA2OXMHWSUC,"31.22519520203667,29.947092607849758",1,375 METRE,NA,SATURDAY,SW2,0,425,DISABLED,0,0,DISABLED
8463737398,Al-Mawas Company,Store Inactive,alexandria,Al Iskandarīyah,00000,DEX5,M T W T _ S S,WL5AHITSTOBOWNVKOVQYG12LN9WTSORSDA2CDSROSTW9NLDPXTQ2EYA2OXMHWSUC,"31.22519520203667,29.947092607849758",1,375 METRE,NA,SUNDAY,SW1,0,425,ENABLED,0,0,DISABLED
8463737398,Al-Mawas Company,Store Inactive,alexandria,Al Iskandarīyah,00000,DEX5,M T W T _ S S,WL5AHITSTOBOWNVKOVQYG12LN9WTSORSDA2CDSROSTW9NLDPXTQ2EYA2OXMHWSUC,"31.22519520203667,29.947092607849758",1,375 METRE,NA,SUNDAY,SW2,0,425,DISABLED,0,0,DISABLED
5157004524,DOWN.2,Store Active,Loran,Al Iskandarīyah,00000,DEX5,M T W _ _ S S,GCELAPGQTEI6Y5GKDEPEG12LN9WTSORSDA2CDSROSTW9NLDPXTQ2EIA2OX7V3NTE,"31.248072974180108,29.973114196124616",1,375 METRE,28 Dec 2025 14:33:33 GMT,MONDAY,SW1,50,425,ENABLED,0,0,DISABLED
5157004524,DOWN.2,Store Active,Loran,Al Iskandarīyah,00000,DEX5,M T W _ _ S S,GCELAPGQTEI6Y5GKDEPEG12LN9WTSORSDA2CDSROSTW9NLDPXTQ2EIA2OX7V3NTE,"31.248072974180108,29.973114196124616",1,375 METRE,28 Dec 2025 14:33:33 GMT,MONDAY,SW2,50,425,DISABLED,0,0,DISABLED
5157004524,DOWN.2,Store Active,Loran,Al Iskandarīyah,00000,DEX5,M T W _ _ S S,GCELAPGQTEI6Y5GKDEPEG12LN9WTSORSDA2CDSROSTW9NLDPXTQ2EIA2OX7V3NTE,"31.248072974180108,29.973114196124616",1,375 METRE,28 Dec 2025 14:33:33 GMT,TUESDAY,SW1,50,425,ENABLED,0,0,DISABLED
5157004524,DOWN.2,Store Active,Loran,Al Iskandarīyah,00000,DEX5,M T W _ _ S S,GCELAPGQTEI6Y5GKDEPEG12LN9WTSORSDA2CDSROSTW9NLDPXTQ2EIA2OX7V3NTE,"31.248072974180108,29.973114196124616",1,375 METRE,28 Dec 2025 14:33:33 GMT,TUESDAY,SW2,50,425,DISABLED,0,0,DISABLED
5157004524,DOWN.2,Store Active,Loran,Al Iskandarīyah,00000,DEX5,M T W _ _ S S,GCELAPGQTEI6Y5GKDEPEG12LN9WTSORSDA2CDSROSTW9NLDPXTQ2EIA2OX7V3NTE,"31.248072974180108,29.973114196124616",1,375 METRE,28 Dec 2025 14:33:33 GMT,WEDNESDAY,SW1,50,425,ENABLED,0,0,DISABLED
5157004524,DOWN.2,Store Active,Loran,Al Iskandarīyah,00000,DEX5,M T W _ _ S S,GCELAPGQTEI6Y5GKDEPEG12LN9WTSORSDA2CDSROSTW9NLDPXTQ2EIA2OX7V3NTE,"31.248072974180108,29.973114196124616",1,375 METRE,28 Dec 2025 14:33:33 GMT,WEDNESDAY,SW2,50,425,DISABLED,0,0,DISABLED
5157004524,DOWN.2,Store Active,Loran,Al Iskandarīyah,00000,DEX5,M T W _ _ S S,GCELAPGQTEI6Y5GKDEPEG12LN9WTSORSDA2CDSROSTW9NLDPXTQ2EIA2OX7V3NTE,"31.248072974180108,29.973114196124616",1,375 METRE,28 Dec 2025 14:33:33 GMT,THURSDAY,SW1,50,425,ENABLED,0,0,DISABLED
5157004524,DOWN.2,Store Active,Loran,Al Iskandarīyah,00000,DEX5,M T W _ _ S S,GCELAPGQTEI6Y5GKDEPEG12LN9WTSORSDA2CDSROSTW9NLDPXTQ2EIA2OX7V3NTE,"31.248072974180108,29.973114196124616",1,375 METRE,28 Dec 2025 14:33:33 GMT,THURSDAY,SW2,50,425,DISABLED,0,0,DISABLED
5157004524,DOWN.2,Store Active,Loran,Al Iskandarīyah,00000,DEX5,M T W _ _ S S,GCELAPGQTEI6Y5GKDEPEG12LN9WTSORSDA2CDSROSTW9NLDPXTQ2EIA2OX7V3NTE,"31.248072974180108,29.973114196124616",1,375 METRE,28 Dec 2025 14:33:33 GMT,FRIDAY,SW1,50,425,ENABLED,0,0,DISABLED
5157004524,DOWN.2,Store Active,Loran,Al Iskandarīyah,00000,DEX5,M T W _ _ S S,GCELAPGQTEI6Y5GKDEPEG12LN9WTSORSDA2CDSROSTW9NLDPXTQ2EIA2OX7V3NTE,"31.248072974180108,29.973114196124616",1,375 METRE,28 Dec 2025 14:33:33 GMT,FRIDAY,SW2,50,425,DISABLED,0,0,DISABLED
5157004524,DOWN.2,Store Active,Loran,Al Iskandarīyah,00000,DEX5,M T W _ _ S S,GCELAPGQTEI6Y5GKDEPEG12LN9WTSORSDA2CDSROSTW9NLDPXTQ2EIA2OX7V3NTE,"31.248072974180108,29.973114196124616",1,375 METRE,28 Dec 2025 14:33:33 GMT,SATURDAY,SW1,50,425,ENABLED,0,0,DISABLED
5157004524,DOWN.2,Store Active,Loran,Al Iskandarīyah,00000,DEX5,M T W _ _ S S,GCELAPGQTEI6Y5GKDEPEG12LN9WTSORSDA2CDSROSTW9NLDPXTQ2EIA2OX7V3NTE,"31.248072974180108,29.973114196124616",1,375 METRE,28 Dec 2025 14:33:33 GMT,SATURDAY,SW2,50,425,DISABLED,0,0,DISABLED
5157004524,DOWN.2,Store Active,Loran,Al Iskandarīyah,00000,DEX5,M T W _ _ S S,GCELAPGQTEI6Y5GKDEPEG12LN9WTSORSDA2CDSROSTW9NLDPXTQ2EIA2OX7V3NTE,"31.248072974180108,29.973114196124616",1,375 METRE,28 Dec 2025 14:33:33 GMT,SUNDAY,SW1,50,425,ENABLED,0,0,DISABLED
5157004524,DOWN.2,Store Active,Loran,Al Iskandarīyah,00000,DEX5,M T W _ _ S S,GCELAPGQTEI6Y5GKDEPEG12LN9WTSORSDA2CDSROSTW9NLDPXTQ2EIA2OX7V3NTE,"31.248072974180108,29.973114196124616",1,375 METRE,28 Dec 2025 14:33:33 GMT,SUNDAY,SW2,50,425,DISABLED,0,0,DISABLED
8248572362,BOOK STORE,Store Active,smouha,Al Iskandarīyah,00000,DEX5,M T W T _ S S,P7XFXL6SHLSFJD4OQU64G12LN9WTSORSDA2CDSROSTW9NLDPXTQ2EIA2OXSLVHMY,"31.216468,29.942036",1,475 METRE,11 Aug 2026 07:50:21 GMT,MONDAY,SW1,15,450,ENABLED,0,0,DISABLED
8248572362,BOOK STORE,Store Active,smouha,Al Iskandarīyah,00000,DEX5,M T W T _ S S,P7XFXL6SHLSFJD4OQU64G12LN9WTSORSDA2CDSROSTW9NLDPXTQ2EIA2OXSLVHMY,"31.216468,29.942036",1,475 METRE,11 Aug 2026 07:50:21 GMT,MONDAY,SW2,1,450,DISABLED,0,0,DISABLED
8248572362,BOOK STORE,Store Active,smouha,Al Iskandarīyah,00000,DEX5,M T W T _ S S,P7XFXL6SHLSFJD4OQU64G12LN9WTSORSDA2CDSROSTW9NLDPXTQ2EIA2OXSLVHMY,"31.216468,29.942036",1,475 METRE,11 Aug 2026 07:50:21 GMT,TUESDAY,SW1,15,450,ENABLED,0,0,DISABLED
8248572362,BOOK STORE,Store Active,smouha,Al Iskandarīyah,00000,DEX5,M T W T _ S S,P7XFXL6SHLSFJD4OQU64G12LN9WTSORSDA2CDSROSTW9NLDPXTQ2EIA2OXSLVHMY,"31.216468,29.942036",1,475 METRE,11 Aug 2026 07:50:21 GMT,TUESDAY,SW2,1,450,DISABLED,0,0,DISABLED
8248572362,BOOK STORE,Store Active,smouha,Al Iskandarīyah,00000,DEX5,M T W T _ S S,P7XFXL6SHLSFJD4OQU64G12LN9WTSORSDA2CDSROSTW9NLDPXTQ2EIA2OXSLVHMY,"31.216468,29.942036",1,475 METRE,11 Aug 2026 07:50:21 GMT,WEDNESDAY,SW1,15,450,ENABLED,0,0,DISABLED
8248572362,BOOK STORE,Store Active,smouha,Al Iskandarīyah,00000,DEX5,M T W T _ S S,P7XFXL6SHLSFJD4OQU64G12LN9WTSORSDA2CDSROSTW9NLDPXTQ2EIA2OXSLVHMY,"31.216468,29.942036",1,475 METRE,11 Aug 2026 07:50:21 GMT,WEDNESDAY,SW2,1,450,DISABLED,0,0,DISABLED
8248572362,BOOK STORE,Store Active,smouha,Al Iskandarīyah,00000,DEX5,M T W T _ S S,P7XFXL6SHLSFJD4OQU64G12LN9WTSORSDA2CDSROSTW9NLDPXTQ2EIA2OXSLVHMY,"31.216468,29.942036",1,475 METRE,11 Aug 2026 07:50:21 GMT,THURSDAY,SW1,15,450,ENABLED,0,0,DISABLED
8248572362,BOOK STORE,Store Active,smouha,Al Iskandarīyah,00000,DEX5,M T W T _ S S,P7XFXL6SHLSFJD4OQU64G12LN9WTSORSDA2CDSROSTW9NLDPXTQ2EIA2OXSLVHMY,"31.216468,29.942036",1,475 METRE,11 Aug 2026 07:50:21 GMT,THURSDAY,SW2,1,450,DISABLED,0,0,DISABLED
8248572362,BOOK STORE,Store Active,smouha,Al Iskandarīyah,00000,DEX5,M T W T _ S S,P7XFXL6SHLSFJD4OQU64G12LN9WTSORSDA2CDSROSTW9NLDPXTQ2EIA2OXSLVHMY,"31.216468,29.942036",1,475 METRE,11 Aug 2026 07:50:21 GMT,FRIDAY,SW1,15,450,ENABLED,0,0,DISABLED
8248572362,BOOK STORE,Store Active,smouha,Al Iskandarīyah,00000,DEX5,M T W T _ S S,P7XFXL6SHLSFJD4OQU64G12LN9WTSORSDA2CDSROSTW9NLDPXTQ2EIA2OXSLVHMY,"31.216468,29.942036",1,475 METRE,11 Aug 2026 07:50:21 GMT,FRIDAY,SW2,1,450,DISABLED,0,0,DISABLED
8248572362,BOOK STORE,Store Active,smouha,Al Iskandarīyah,00000,DEX5,M T W T _ S S,P7XFXL6SHLSFJD4OQU64G12LN9WTSORSDA2CDSROSTW9NLDPXTQ2EIA2OXSLVHMY,"31.216468,29.942036",1,475 METRE,11 Aug 2026 07:50:21 GMT,SATURDAY,SW1,15,450,ENABLED,0,0,DISABLED
8248572362,BOOK STORE,Store Active,smouha,Al Iskandarīyah,00000,DEX5,M T W T _ S S,P7XFXL6SHLSFJD4OQU64G12LN9WTSORSDA2CDSROSTW9NLDPXTQ2EIA2OXSLVHMY,"31.216468,29.942036",1,475 METRE,11 Aug 2026 07:50:21 GMT,SATURDAY,SW2,1,450,DISABLED,0,0,DISABLED
8248572362,BOOK STORE,Store Active,smouha,Al Iskandarīyah,00000,DEX5,M T W T _ S S,P7XFXL6SHLSFJD4OQU64G12LN9WTSORSDA2CDSROSTW9NLDPXTQ2EIA2OXSLVHMY,"31.216468,29.942036",1,475 METRE,11 Aug 2026 07:50:21 GMT,SUNDAY,SW1,15,450,ENABLED,0,0,DISABLED
8248572362,BOOK STORE,Store Active,smouha,Al Iskandarīyah,00000,DEX5,M T W T _ S S,P7XFXL6SHLSFJD4OQU64G12LN9WTSORSDA2CDSROSTW9NLDPXTQ2EIA2OXSLVHMY,"31.216468,29.942036",1,475 METRE,11 Aug 2026 07:50:21 GMT,SUNDAY,SW2,1,450,DISABLED,0,0,DISABLED
5104266348,CROP,Store Active,Al iskandriyah,Al Iskandarīyah,00000,DEX5,M T W T F S S,6JMES7ONNHAILUUXAPUIG12LN9WTSORSDA2CDSROSTW9NLDPXTQ2EIA2OXCJLXZG,"31.240501490865043,29.970337353969047",1,400 METRE,25 Apr 2026 11:05:42 GMT,MONDAY,SW1,50,450,ENABLED,0,0,DISABLED
5104266348,CROP,Store Active,Al iskandriyah,Al Iskandarīyah,00000,DEX5,M T W T F S S,6JMES7ONNHAILUUXAPUIG12LN9WTSORSDA2CDSROSTW9NLDPXTQ2EIA2OXCJLXZG,"31.240501490865043,29.970337353969047",1,400 METRE,25 Apr 2026 11:05:42 GMT,MONDAY,SW2,50,450,DISABLED,0,0,DISABLED
5104266348,CROP,Store Active,Al iskandriyah,Al Iskandarīyah,00000,DEX5,M T W T F S S,6JMES7ONNHAILUUXAPUIG12LN9WTSORSDA2CDSROSTW9NLDPXTQ2EIA2OXCJLXZG,"31.240501490865043,29.970337353969047",1,400 METRE,25 Apr 2026 11:05:42 GMT,TUESDAY,SW1,50,450,ENABLED,0,0,DISABLED
5104266348,CROP,Store Active,Al iskandriyah,Al Iskandarīyah,00000,DEX5,M T W T F S S,6JMES7ONNHAILUUXAPUIG12LN9WTSORSDA2CDSROSTW9NLDPXTQ2EIA2OXCJLXZG,"31.240501490865043,29.970337353969047",1,400 METRE,25 Apr 2026 11:05:42 GMT,TUESDAY,SW2,50,450,DISABLED,0,0,DISABLED
5104266348,CROP,Store Active,Al iskandriyah,Al Iskandarīyah,00000,DEX5,M T W T F S S,6JMES7ONNHAILUUXAPUIG12LN9WTSORSDA2CDSROSTW9NLDPXTQ2EIA2OXCJLXZG,"31.240501490865043,29.970337353969047",1,400 METRE,25 Apr 2026 11:05:42 GMT,WEDNESDAY,SW1,50,450,ENABLED,0,0,DISABLED
5104266348,CROP,Store Active,Al iskandriyah,Al Iskandarīyah,00000,DEX5,M T W T F S S,6JMES7ONNHAILUUXAPUIG12LN9WTSORSDA2CDSROSTW9NLDPXTQ2EIA2OXCJLXZG,"31.240501490865043,29.970337353969047",1,400 METRE,25 Apr 2026 11:05:42 GMT,WEDNESDAY,SW2,50,450,DISABLED,0,0,DISABLED
5104266348,CROP,Store Active,Al iskandriyah,Al Iskandarīyah,00000,DEX5,M T W T F S S,6JMES7ONNHAILUUXAPUIG12LN9WTSORSDA2CDSROSTW9NLDPXTQ2EIA2OXCJLXZG,"31.240501490865043,29.970337353969047",1,400 METRE,25 Apr 2026 11:05:42 GMT,THURSDAY,SW1,50,450,ENABLED,0,0,DISABLED
5104266348,CROP,Store Active,Al iskandriyah,Al Iskandarīyah,00000,DEX5,M T W T F S S,6JMES7ONNHAILUUXAPUIG12LN9WTSORSDA2CDSROSTW9NLDPXTQ2EIA2OXCJLXZG,"31.240501490865043,29.970337353969047",1,400 METRE,25 Apr 2026 11:05:42 GMT,THURSDAY,SW2,50,450,DISABLED,0,0,DISABLED
5104266348,CROP,Store Active,Al iskandriyah,Al Iskandarīyah,00000,DEX5,M T W T F S S,6JMES7ONNHAILUUXAPUIG12LN9WTSORSDA2CDSROSTW9NLDPXTQ2EIA2OXCJLXZG,"31.240501490865043,29.970337353969047",1,400 METRE,25 Apr 2026 11:05:42 GMT,FRIDAY,SW1,50,450,ENABLED,0,0,DISABLED
5104266348,CROP,Store Active,Al iskandriyah,Al Iskandarīyah,00000,DEX5,M T W T F S S,6JMES7ONNHAILUUXAPUIG12LN9WTSORSDA2CDSROSTW9NLDPXTQ2EIA2OXCJLXZG,"31.240501490865043,29.970337353969047",1,400 METRE,25 Apr 2026 11:05:42 GMT,FRIDAY,SW2,50,450,DISABLED,0,0,DISABLED
5104266348,CROP,Store Active,Al iskandriyah,Al Iskandarīyah,00000,DEX5,M T W T F S S,6JMES7ONNHAILUUXAPUIG12LN9WTSORSDA2CDSROSTW9NLDPXTQ2EIA2OXCJLXZG,"31.240501490865043,29.970337353969047",1,400 METRE,25 Apr 2026 11:05:42 GMT,SATURDAY,SW1,50,450,ENABLED,0,0,DISABLED
5104266348,CROP,Store Active,Al iskandriyah,Al Iskandarīyah,00000,DEX5,M T W T F S S,6JMES7ONNHAILUUXAPUIG12LN9WTSORSDA2CDSROSTW9NLDPXTQ2EIA2OXCJLXZG,"31.240501490865043,29.970337353969047",1,400 METRE,25 Apr 2026 11:05:42 GMT,SATURDAY,SW2,50,450,DISABLED,0,0,DISABLED
5104266348,CROP,Store Active,Al iskandriyah,Al Iskandarīyah,00000,DEX5,M T W T F S S,6JMES7ONNHAILUUXAPUIG12LN9WTSORSDA2CDSROSTW9NLDPXTQ2EIA2OXCJLXZG,"31.240501490865043,29.970337353969047",1,400 METRE,25 Apr 2026 11:05:42 GMT,SUNDAY,SW1,50,450,ENABLED,0,0,DISABLED
5104266348,CROP,Store Active,Al iskandriyah,Al Iskandarīyah,00000,DEX5,M T W T F S S,6JMES7ONNHAILUUXAPUIG12LN9WTSORSDA2CDSROSTW9NLDPXTQ2EIA2OXCJLXZG,"31.240501490865043,29.970337353969047",1,400 METRE,25 Apr 2026 11:05:42 GMT,SUNDAY,SW2,50,450,DISABLED,0,0,DISABLED
2394073037,KAREM SALON,Store Active,Alexandria,Al Iskandarīyah,00000,DEX5,M T W T _ S S,GEAP6ALR55SYWHHDP7OMG12LN9WTSORSDA2CDSROSTW9NLDPXTQ2EIA2OXIJCHFO,"31.21469572935234,29.939939069120214",1,375 METRE,3 Jun 2025 12:40:39 GMT,MONDAY,SW1,50,425,ENABLED,0,0,DISABLED
2394073037,KAREM SALON,Store Active,Alexandria,Al Iskandarīyah,00000,DEX5,M T W T _ S S,GEAP6ALR55SYWHHDP7OMG12LN9WTSORSDA2CDSROSTW9NLDPXTQ2EIA2OXIJCHFO,"31.21469572935234,29.939939069120214",1,375 METRE,3 Jun 2025 12:40:39 GMT,MONDAY,SW2,50,425,DISABLED,0,0,DISABLED
2394073037,KAREM SALON,Store Active,Alexandria,Al Iskandarīyah,00000,DEX5,M T W T _ S S,GEAP6ALR55SYWHHDP7OMG12LN9WTSORSDA2CDSROSTW9NLDPXTQ2EIA2OXIJCHFO,"31.21469572935234,29.939939069120214",1,375 METRE,3 Jun 2025 12:40:39 GMT,TUESDAY,SW1,50,425,ENABLED,0,0,DISABLED
2394073037,KAREM SALON,Store Active,Alexandria,Al Iskandarīyah,00000,DEX5,M T W T _ S S,GEAP6ALR55SYWHHDP7OMG12LN9WTSORSDA2CDSROSTW9NLDPXTQ2EIA2OXIJCHFO,"31.21469572935234,29.939939069120214",1,375 METRE,3 Jun 2025 12:40:39 GMT,TUESDAY,SW2,50,425,DISABLED,0,0,DISABLED
2394073037,KAREM SALON,Store Active,Alexandria,Al Iskandarīyah,00000,DEX5,M T W T _ S S,GEAP6ALR55SYWHHDP7OMG12LN9WTSORSDA2CDSROSTW9NLDPXTQ2EIA2OXIJCHFO,"31.21469572935234,29.939939069120214",1,375 METRE,3 Jun 2025 12:40:39 GMT,WEDNESDAY,SW1,50,425,ENABLED,0,0,DISABLED
2394073037,KAREM SALON,Store Active,Alexandria,Al Iskandarīyah,00000,DEX5,M T W T _ S S,GEAP6ALR55SYWHHDP7OMG12LN9WTSORSDA2CDSROSTW9NLDPXTQ2EIA2OXIJCHFO,"31.21469572935234,29.939939069120214",1,375 METRE,3 Jun 2025 12:40:39 GMT,WEDNESDAY,SW2,50,425,DISABLED,0,0,DISABLED
2394073037,KAREM SALON,Store Active,Alexandria,Al Iskandarīyah,00000,DEX5,M T W T _ S S,GEAP6ALR55SYWHHDP7OMG12LN9WTSORSDA2CDSROSTW9NLDPXTQ2EIA2OXIJCHFO,"31.21469572935234,29.939939069120214",1,375 METRE,3 Jun 2025 12:40:39 GMT,THURSDAY,SW1,50,425,ENABLED,0,0,DISABLED
2394073037,KAREM SALON,Store Active,Alexandria,Al Iskandarīyah,00000,DEX5,M T W T _ S S,GEAP6ALR55SYWHHDP7OMG12LN9WTSORSDA2CDSROSTW9NLDPXTQ2EIA2OXIJCHFO,"31.21469572935234,29.939939069120214",1,375 METRE,3 Jun 2025 12:40:39 GMT,THURSDAY,SW2,50,425,DISABLED,0,0,DISABLED
2394073037,KAREM SALON,Store Active,Alexandria,Al Iskandarīyah,00000,DEX5,M T W T _ S S,GEAP6ALR55SYWHHDP7OMG12LN9WTSORSDA2CDSROSTW9NLDPXTQ2EIA2OXIJCHFO,"31.21469572935234,29.939939069120214",1,375 METRE,3 Jun 2025 12:40:39 GMT,FRIDAY,SW1,50,425,ENABLED,0,0,DISABLED
2394073037,KAREM SALON,Store Active,Alexandria,Al Iskandarīyah,00000,DEX5,M T W T _ S S,GEAP6ALR55SYWHHDP7OMG12LN9WTSORSDA2CDSROSTW9NLDPXTQ2EIA2OXIJCHFO,"31.21469572935234,29.939939069120214",1,375 METRE,3 Jun 2025 12:40:39 GMT,FRIDAY,SW2,50,425,DISABLED,0,0,DISABLED
2394073037,KAREM SALON,Store Active,Alexandria,Al Iskandarīyah,00000,DEX5,M T W T _ S S,GEAP6ALR55SYWHHDP7OMG12LN9WTSORSDA2CDSROSTW9NLDPXTQ2EIA2OXIJCHFO,"31.21469572935234,29.939939069120214",1,375 METRE,3 Jun 2025 12:40:39 GMT,SATURDAY,SW1,50,425,ENABLED,0,0,DISABLED
2394073037,KAREM SALON,Store Active,Alexandria,Al Iskandarīyah,00000,DEX5,M T W T _ S S,GEAP6ALR55SYWHHDP7OMG12LN9WTSORSDA2CDSROSTW9NLDPXTQ2EIA2OXIJCHFO,"31.21469572935234,29.939939069120214",1,375 METRE,3 Jun 2025 12:40:39 GMT,SATURDAY,SW2,50,425,DISABLED,0,0,DISABLED
2394073037,KAREM SALON,Store Active,Alexandria,Al Iskandarīyah,00000,DEX5,M T W T _ S S,GEAP6ALR55SYWHHDP7OMG12LN9WTSORSDA2CDSROSTW9NLDPXTQ2EIA2OXIJCHFO,"31.21469572935234,29.939939069120214",1,375 METRE,3 Jun 2025 12:40:39 GMT,SUNDAY,SW1,50,425,ENABLED,0,0,DISABLED
2394073037,KAREM SALON,Store Active,Alexandria,Al Iskandarīyah,00000,DEX5,M T W T _ S S,GEAP6ALR55SYWHHDP7OMG12LN9WTSORSDA2CDSROSTW9NLDPXTQ2EIA2OXIJCHFO,"31.21469572935234,29.939939069120214",1,375 METRE,3 Jun 2025 12:40:39 GMT,SUNDAY,SW2,50,425,DISABLED,0,0,DISABLED
2869596875,Asmak alfth,Store Active,Alexandria,Al Iskandarīyah,00000,DEX5,M T W T _ S S,R4FHDXNMNMZCW5624TAAG12LN9WTSORSDA2CDSROSTW9NLDPXTQ2EIA2OX34M4YR,"31.23450046,29.96276642",1,400 METRE,15 Jan 2025 09:16:03 GMT,MONDAY,SW1,70,450,ENABLED,0,0,DISABLED
2869596875,Asmak alfth,Store Active,Alexandria,Al Iskandarīyah,00000,DEX5,M T W T _ S S,R4FHDXNMNMZCW5624TAAG12LN9WTSORSDA2CDSROSTW9NLDPXTQ2EIA2OX34M4YR,"31.23450046,29.96276642",1,400 METRE,15 Jan 2025 09:16:03 GMT,MONDAY,SW2,50,450,DISABLED,0,0,DISABLED
2869596875,Asmak alfth,Store Active,Alexandria,Al Iskandarīyah,00000,DEX5,M T W T _ S S,R4FHDXNMNMZCW5624TAAG12LN9WTSORSDA2CDSROSTW9NLDPXTQ2EIA2OX34M4YR,"31.23450046,29.96276642",1,400 METRE,15 Jan 2025 09:16:03 GMT,TUESDAY,SW1,70,450,ENABLED,0,0,DISABLED
2869596875,Asmak alfth,Store Active,Alexandria,Al Iskandarīyah,00000,DEX5,M T W T _ S S,R4FHDXNMNMZCW5624TAAG12LN9WTSORSDA2CDSROSTW9NLDPXTQ2EIA2OX34M4YR,"31.23450046,29.96276642",1,400 METRE,15 Jan 2025 09:16:03 GMT,TUESDAY,SW2,50,450,DISABLED,0,0,DISABLED
2869596875,Asmak alfth,Store Active,Alexandria,Al Iskandarīyah,00000,DEX5,M T W T _ S S,R4FHDXNMNMZCW5624TAAG12LN9WTSORSDA2CDSROSTW9NLDPXTQ2EIA2OX34M4YR,"31.23450046,29.96276642",1,400 METRE,15 Jan 2025 09:16:03 GMT,WEDNESDAY,SW1,70,450,ENABLED,0,0,DISABLED
2869596875,Asmak alfth,Store Active,Alexandria,Al Iskandarīyah,00000,DEX5,M T W T _ S S,R4FHDXNMNMZCW5624TAAG12LN9WTSORSDA2CDSROSTW9NLDPXTQ2EIA2OX34M4YR,"31.23450046,29.96276642",1,400 METRE,15 Jan 2025 09:16:03 GMT,WEDNESDAY,SW2,50,450,DISABLED,0,0,DISABLED
2869596875,Asmak alfth,Store Active,Alexandria,Al Iskandarīyah,00000,DEX5,M T W T _ S S,R4FHDXNMNMZCW5624TAAG12LN9WTSORSDA2CDSROSTW9NLDPXTQ2EIA2OX34M4YR,"31.23450046,29.96276642",1,400 METRE,15 Jan 2025 09:16:03 GMT,THURSDAY,SW1,70,450,ENABLED,0,0,DISABLED
2869596875,Asmak alfth,Store Active,Alexandria,Al Iskandarīyah,00000,DEX5,M T W T _ S S,R4FHDXNMNMZCW5624TAAG12LN9WTSORSDA2CDSROSTW9NLDPXTQ2EIA2OX34M4YR,"31.23450046,29.96276642",1,400 METRE,15 Jan 2025 09:16:03 GMT,THURSDAY,SW2,50,450,DISABLED,0,0,DISABLED
2869596875,Asmak alfth,Store Active,Alexandria,Al Iskandarīyah,00000,DEX5,M T W T _ S S,R4FHDXNMNMZCW5624TAAG12LN9WTSORSDA2CDSROSTW9NLDPXTQ2EIA2OX34M4YR,"31.23450046,29.96276642",1,400 METRE,15 Jan 2025 09:16:03 GMT,FRIDAY,SW1,70,450,ENABLED,0,0,DISABLED
2869596875,Asmak alfth,Store Active,Alexandria,Al Iskandarīyah,00000,DEX5,M T W T _ S S,R4FHDXNMNMZCW5624TAAG12LN9WTSORSDA2CDSROSTW9NLDPXTQ2EIA2OX34M4YR,"31.23450046,29.96276642",1,400 METRE,15 Jan 2025 09:16:03 GMT,FRIDAY,SW2,50,450,DISABLED,0,0,DISABLED
2869596875,Asmak alfth,Store Active,Alexandria,Al Iskandarīyah,00000,DEX5,M T W T _ S S,R4FHDXNMNMZCW5624TAAG12LN9WTSORSDA2CDSROSTW9NLDPXTQ2EIA2OX34M4YR,"31.23450046,29.96276642",1,400 METRE,15 Jan 2025 09:16:03 GMT,SATURDAY,SW1,70,450,ENABLED,0,0,DISABLED
2869596875,Asmak alfth,Store Active,Alexandria,Al Iskandarīyah,00000,DEX5,M T W T _ S S,R4FHDXNMNMZCW5624TAAG12LN9WTSORSDA2CDSROSTW9NLDPXTQ2EIA2OX34M4YR,"31.23450046,29.96276642",1,400 METRE,15 Jan 2025 09:16:03 GMT,SATURDAY,SW2,50,450,DISABLED,0,0,DISABLED
2869596875,Asmak alfth,Store Active,Alexandria,Al Iskandarīyah,00000,DEX5,M T W T _ S S,R4FHDXNMNMZCW5624TAAG12LN9WTSORSDA2CDSROSTW9NLDPXTQ2EIA2OX34M4YR,"31.23450046,29.96276642",1,400 METRE,15 Jan 2025 09:16:03 GMT,SUNDAY,SW1,70,450,ENABLED,0,0,DISABLED
2869596875,Asmak alfth,Store Active,Alexandria,Al Iskandarīyah,00000,DEX5,M T W T _ S S,R4FHDXNMNMZCW5624TAAG12LN9WTSORSDA2CDSROSTW9NLDPXTQ2EIA2OX34M4YR,"31.23450046,29.96276642",1,400 METRE,15 Jan 2025 09:16:03 GMT,SUNDAY,SW2,50,450,DISABLED,0,0,DISABLED
2448666054,Akram,Store Active,Alskndareh,Al Iskandarīyah,00000,DEX5,_ T W T F S S,LR4OPBH56IWK5QGSMD24G12LN9WTSORSDA2CDSROSTW9NLDPXTQ2EIA2OXUDP3W4,"31.24052284000403,29.963036260665913",2,375 METRE,20 Oct 2024 09:21:37 GMT,MONDAY,SW1,50,425,ENABLED,0,0,DISABLED
2448666054,Akram,Store Active,Alskndareh,Al Iskandarīyah,00000,DEX5,_ T W T F S S,LR4OPBH56IWK5QGSMD24G12LN9WTSORSDA2CDSROSTW9NLDPXTQ2EIA2OXUDP3W4,"31.24052284000403,29.963036260665913",2,375 METRE,20 Oct 2024 09:21:37 GMT,MONDAY,SW2,50,425,DISABLED,0,0,DISABLED
2448666054,Akram,Store Active,Alskndareh,Al Iskandarīyah,00000,DEX5,_ T W T F S S,LR4OPBH56IWK5QGSMD24G12LN9WTSORSDA2CDSROSTW9NLDPXTQ2EIA2OXUDP3W4,"31.24052284000403,29.963036260665913",2,375 METRE,20 Oct 2024 09:21:37 GMT,TUESDAY,SW1,50,425,ENABLED,0,0,DISABLED
2448666054,Akram,Store Active,Alskndareh,Al Iskandarīyah,00000,DEX5,_ T W T F S S,LR4OPBH56IWK5QGSMD24G12LN9WTSORSDA2CDSROSTW9NLDPXTQ2EIA2OXUDP3W4,"31.24052284000403,29.963036260665913",2,375 METRE,20 Oct 2024 09:21:37 GMT,TUESDAY,SW2,50,425,DISABLED,0,0,DISABLED
2448666054,Akram,Store Active,Alskndareh,Al Iskandarīyah,00000,DEX5,_ T W T F S S,LR4OPBH56IWK5QGSMD24G12LN9WTSORSDA2CDSROSTW9NLDPXTQ2EIA2OXUDP3W4,"31.24052284000403,29.963036260665913",2,375 METRE,20 Oct 2024 09:21:37 GMT,WEDNESDAY,SW1,50,425,ENABLED,0,0,DISABLED
2448666054,Akram,Store Active,Alskndareh,Al Iskandarīyah,00000,DEX5,_ T W T F S S,LR4OPBH56IWK5QGSMD24G12LN9WTSORSDA2CDSROSTW9NLDPXTQ2EIA2OXUDP3W4,"31.24052284000403,29.963036260665913",2,375 METRE,20 Oct 2024 09:21:37 GMT,WEDNESDAY,SW2,50,425,DISABLED,0,0,DISABLED
2448666054,Akram,Store Active,Alskndareh,Al Iskandarīyah,00000,DEX5,_ T W T F S S,LR4OPBH56IWK5QGSMD24G12LN9WTSORSDA2CDSROSTW9NLDPXTQ2EIA2OXUDP3W4,"31.24052284000403,29.963036260665913",2,375 METRE,20 Oct 2024 09:21:37 GMT,THURSDAY,SW1,50,425,ENABLED,0,0,DISABLED
2448666054,Akram,Store Active,Alskndareh,Al Iskandarīyah,00000,DEX5,_ T W T F S S,LR4OPBH56IWK5QGSMD24G12LN9WTSORSDA2CDSROSTW9NLDPXTQ2EIA2OXUDP3W4,"31.24052284000403,29.963036260665913",2,375 METRE,20 Oct 2024 09:21:37 GMT,THURSDAY,SW2,50,425,DISABLED,0,0,DISABLED
2448666054,Akram,Store Active,Alskndareh,Al Iskandarīyah,00000,DEX5,_ T W T F S S,LR4OPBH56IWK5QGSMD24G12LN9WTSORSDA2CDSROSTW9NLDPXTQ2EIA2OXUDP3W4,"31.24052284000403,29.963036260665913",2,375 METRE,20 Oct 2024 09:21:37 GMT,FRIDAY,SW1,50,425,ENABLED,0,0,DISABLED
2448666054,Akram,Store Active,Alskndareh,Al Iskandarīyah,00000,DEX5,_ T W T F S S,LR4OPBH56IWK5QGSMD24G12LN9WTSORSDA2CDSROSTW9NLDPXTQ2EIA2OXUDP3W4,"31.24052284000403,29.963036260665913",2,375 METRE,20 Oct 2024 09:21:37 GMT,FRIDAY,SW2,50,425,DISABLED,0,0,DISABLED
2448666054,Akram,Store Active,Alskndareh,Al Iskandarīyah,00000,DEX5,_ T W T F S S,LR4OPBH56IWK5QGSMD24G12LN9WTSORSDA2CDSROSTW9NLDPXTQ2EIA2OXUDP3W4,"31.24052284000403,29.963036260665913",2,375 METRE,20 Oct 2024 09:21:37 GMT,SATURDAY,SW1,50,425,ENABLED,0,0,DISABLED
2448666054,Akram,Store Active,Alskndareh,Al Iskandarīyah,00000,DEX5,_ T W T F S S,LR4OPBH56IWK5QGSMD24G12LN9WTSORSDA2CDSROSTW9NLDPXTQ2EIA2OXUDP3W4,"31.24052284000403,29.963036260665913",2,375 METRE,20 Oct 2024 09:21:37 GMT,SATURDAY,SW2,50,425,DISABLED,0,0,DISABLED
2448666054,Akram,Store Active,Alskndareh,Al Iskandarīyah,00000,DEX5,_ T W T F S S,LR4OPBH56IWK5QGSMD24G12LN9WTSORSDA2CDSROSTW9NLDPXTQ2EIA2OXUDP3W4,"31.24052284000403,29.963036260665913",2,375 METRE,20 Oct 2024 09:21:37 GMT,SUNDAY,SW1,50,425,ENABLED,0,0,DISABLED
2448666054,Akram,Store Active,Alskndareh,Al Iskandarīyah,00000,DEX5,_ T W T F S S,LR4OPBH56IWK5QGSMD24G12LN9WTSORSDA2CDSROSTW9NLDPXTQ2EIA2OXUDP3W4,"31.24052284000403,29.963036260665913",2,375 METRE,20 Oct 2024 09:21:37 GMT,SUNDAY,SW2,50,425,DISABLED,0,0,DISABLED
9035637147,Sky for Travel ,Store Active,Alexandria,Al Iskandarīyah,00000,DEX5,M T W T _ S S,RNPYYSFCWNOTSUA3OMCYG12LN9WTSORSDA2CDSROSTW9NLDPXTQ2EIA2OX5D6FMG,"31.226471,29.970314",1,375 METRE,23 Dec 2025 08:02:34 GMT,MONDAY,SW1,20,425,ENABLED,0,0,DISABLED
9035637147,Sky for Travel ,Store Active,Alexandria,Al Iskandarīyah,00000,DEX5,M T W T _ S S,RNPYYSFCWNOTSUA3OMCYG12LN9WTSORSDA2CDSROSTW9NLDPXTQ2EIA2OX5D6FMG,"31.226471,29.970314",1,375 METRE,23 Dec 2025 08:02:34 GMT,MONDAY,SW2,20,425,DISABLED,0,0,DISABLED
9035637147,Sky for Travel ,Store Active,Alexandria,Al Iskandarīyah,00000,DEX5,M T W T _ S S,RNPYYSFCWNOTSUA3OMCYG12LN9WTSORSDA2CDSROSTW9NLDPXTQ2EIA2OX5D6FMG,"31.226471,29.970314",1,375 METRE,23 Dec 2025 08:02:34 GMT,TUESDAY,SW1,20,425,ENABLED,0,0,DISABLED
9035637147,Sky for Travel ,Store Active,Alexandria,Al Iskandarīyah,00000,DEX5,M T W T _ S S,RNPYYSFCWNOTSUA3OMCYG12LN9WTSORSDA2CDSROSTW9NLDPXTQ2EIA2OX5D6FMG,"31.226471,29.970314",1,375 METRE,23 Dec 2025 08:02:34 GMT,TUESDAY,SW2,20,425,DISABLED,0,0,DISABLED
9035637147,Sky for Travel ,Store Active,Alexandria,Al Iskandarīyah,00000,DEX5,M T W T _ S S,RNPYYSFCWNOTSUA3OMCYG12LN9WTSORSDA2CDSROSTW9NLDPXTQ2EIA2OX5D6FMG,"31.226471,29.970314",1,375 METRE,23 Dec 2025 08:02:34 GMT,WEDNESDAY,SW1,20,425,ENABLED,0,0,DISABLED
9035637147,Sky for Travel ,Store Active,Alexandria,Al Iskandarīyah,00000,DEX5,M T W T _ S S,RNPYYSFCWNOTSUA3OMCYG12LN9WTSORSDA2CDSROSTW9NLDPXTQ2EIA2OX5D6FMG,"31.226471,29.970314",1,375 METRE,23 Dec 2025 08:02:34 GMT,WEDNESDAY,SW2,20,425,DISABLED,0,0,DISABLED
9035637147,Sky for Travel ,Store Active,Alexandria,Al Iskandarīyah,00000,DEX5,M T W T _ S S,RNPYYSFCWNOTSUA3OMCYG12LN9WTSORSDA2CDSROSTW9NLDPXTQ2EIA2OX5D6FMG,"31.226471,29.970314",1,375 METRE,23 Dec 2025 08:02:34 GMT,THURSDAY,SW1,20,425,ENABLED,0,0,DISABLED
9035637147,Sky for Travel ,Store Active,Alexandria,Al Iskandarīyah,00000,DEX5,M T W T _ S S,RNPYYSFCWNOTSUA3OMCYG12LN9WTSORSDA2CDSROSTW9NLDPXTQ2EIA2OX5D6FMG,"31.226471,29.970314",1,375 METRE,23 Dec 2025 08:02:34 GMT,THURSDAY,SW2,20,425,DISABLED,0,0,DISABLED
9035637147,Sky for Travel ,Store Active,Alexandria,Al Iskandarīyah,00000,DEX5,M T W T _ S S,RNPYYSFCWNOTSUA3OMCYG12LN9WTSORSDA2CDSROSTW9NLDPXTQ2EIA2OX5D6FMG,"31.226471,29.970314",1,375 METRE,23 Dec 2025 08:02:34 GMT,FRIDAY,SW1,20,425,ENABLED,0,0,DISABLED
9035637147,Sky for Travel ,Store Active,Alexandria,Al Iskandarīyah,00000,DEX5,M T W T _ S S,RNPYYSFCWNOTSUA3OMCYG12LN9WTSORSDA2CDSROSTW9NLDPXTQ2EIA2OX5D6FMG,"31.226471,29.970314",1,375 METRE,23 Dec 2025 08:02:34 GMT,FRIDAY,SW2,20,425,DISABLED,0,0,DISABLED
9035637147,Sky for Travel ,Store Active,Alexandria,Al Iskandarīyah,00000,DEX5,M T W T _ S S,RNPYYSFCWNOTSUA3OMCYG12LN9WTSORSDA2CDSROSTW9NLDPXTQ2EIA2OX5D6FMG,"31.226471,29.970314",1,375 METRE,23 Dec 2025 08:02:34 GMT,SATURDAY,SW1,20,425,ENABLED,0,0,DISABLED
9035637147,Sky for Travel ,Store Active,Alexandria,Al Iskandarīyah,00000,DEX5,M T W T _ S S,RNPYYSFCWNOTSUA3OMCYG12LN9WTSORSDA2CDSROSTW9NLDPXTQ2EIA2OX5D6FMG,"31.226471,29.970314",1,375 METRE,23 Dec 2025 08:02:34 GMT,SATURDAY,SW2,20,425,DISABLED,0,0,DISABLED
9035637147,Sky for Travel ,Store Active,Alexandria,Al Iskandarīyah,00000,DEX5,M T W T _ S S,RNPYYSFCWNOTSUA3OMCYG12LN9WTSORSDA2CDSROSTW9NLDPXTQ2EIA2OX5D6FMG,"31.226471,29.970314",1,375 METRE,23 Dec 2025 08:02:34 GMT,SUNDAY,SW1,20,425,ENABLED,0,0,DISABLED
9035637147,Sky for Travel ,Store Active,Alexandria,Al Iskandarīyah,00000,DEX5,M T W T _ S S,RNPYYSFCWNOTSUA3OMCYG12LN9WTSORSDA2CDSROSTW9NLDPXTQ2EIA2OX5D6FMG,"31.226471,29.970314",1,375 METRE,23 Dec 2025 08:02:34 GMT,SUNDAY,SW2,20,425,DISABLED,0,0,DISABLED
3297312970,Al-Hawari for Home Appliances and Furniture,Store Active,Alexandria,Al Iskandarīyah,00000,DEX5,M T W T F S _,JRF6IPZ6SSRVRVBXS6MIG12LN9WTSORSDA2CDSROSTW9NLDPXTQ2EIA2OXXOUTAT,"31.252044606843807,29.978682014043123",1,375 METRE,16 Feb 2025 12:03:32 GMT,MONDAY,SW1,50,425,ENABLED,0,0,DISABLED
3297312970,Al-Hawari for Home Appliances and Furniture,Store Active,Alexandria,Al Iskandarīyah,00000,DEX5,M T W T F S _,JRF6IPZ6SSRVRVBXS6MIG12LN9WTSORSDA2CDSROSTW9NLDPXTQ2EIA2OXXOUTAT,"31.252044606843807,29.978682014043123",1,375 METRE,16 Feb 2025 12:03:32 GMT,MONDAY,SW2,50,425,DISABLED,0,0,DISABLED
3297312970,Al-Hawari for Home Appliances and Furniture,Store Active,Alexandria,Al Iskandarīyah,00000,DEX5,M T W T F S _,JRF6IPZ6SSRVRVBXS6MIG12LN9WTSORSDA2CDSROSTW9NLDPXTQ2EIA2OXXOUTAT,"31.252044606843807,29.978682014043123",1,375 METRE,16 Feb 2025 12:03:32 GMT,TUESDAY,SW1,50,425,ENABLED,0,0,DISABLED
3297312970,Al-Hawari for Home Appliances and Furniture,Store Active,Alexandria,Al Iskandarīyah,00000,DEX5,M T W T F S _,JRF6IPZ6SSRVRVBXS6MIG12LN9WTSORSDA2CDSROSTW9NLDPXTQ2EIA2OXXOUTAT,"31.252044606843807,29.978682014043123",1,375 METRE,16 Feb 2025 12:03:32 GMT,TUESDAY,SW2,50,425,DISABLED,0,0,DISABLED
3297312970,Al-Hawari for Home Appliances and Furniture,Store Active,Alexandria,Al Iskandarīyah,00000,DEX5,M T W T F S _,JRF6IPZ6SSRVRVBXS6MIG12LN9WTSORSDA2CDSROSTW9NLDPXTQ2EIA2OXXOUTAT,"31.252044606843807,29.978682014043123",1,375 METRE,16 Feb 2025 12:03:32 GMT,WEDNESDAY,SW1,50,425,ENABLED,0,0,DISABLED
3297312970,Al-Hawari for Home Appliances and Furniture,Store Active,Alexandria,Al Iskandarīyah,00000,DEX5,M T W T F S _,JRF6IPZ6SSRVRVBXS6MIG12LN9WTSORSDA2CDSROSTW9NLDPXTQ2EIA2OXXOUTAT,"31.252044606843807,29.978682014043123",1,375 METRE,16 Feb 2025 12:03:32 GMT,WEDNESDAY,SW2,50,425,DISABLED,0,0,DISABLED
3297312970,Al-Hawari for Home Appliances and Furniture,Store Active,Alexandria,Al Iskandarīyah,00000,DEX5,M T W T F S _,JRF6IPZ6SSRVRVBXS6MIG12LN9WTSORSDA2CDSROSTW9NLDPXTQ2EIA2OXXOUTAT,"31.252044606843807,29.978682014043123",1,375 METRE,16 Feb 2025 12:03:32 GMT,THURSDAY,SW1,50,425,ENABLED,0,0,DISABLED
3297312970,Al-Hawari for Home Appliances and Furniture,Store Active,Alexandria,Al Iskandarīyah,00000,DEX5,M T W T F S _,JRF6IPZ6SSRVRVBXS6MIG12LN9WTSORSDA2CDSROSTW9NLDPXTQ2EIA2OXXOUTAT,"31.252044606843807,29.978682014043123",1,375 METRE,16 Feb 2025 12:03:32 GMT,THURSDAY,SW2,50,425,DISABLED,0,0,DISABLED
3297312970,Al-Hawari for Home Appliances and Furniture,Store Active,Alexandria,Al Iskandarīyah,00000,DEX5,M T W T F S _,JRF6IPZ6SSRVRVBXS6MIG12LN9WTSORSDA2CDSROSTW9NLDPXTQ2EIA2OXXOUTAT,"31.252044606843807,29.978682014043123",1,375 METRE,16 Feb 2025 12:03:32 GMT,FRIDAY,SW1,50,425,ENABLED,0,0,DISABLED
3297312970,Al-Hawari for Home Appliances and Furniture,Store Active,Alexandria,Al Iskandarīyah,00000,DEX5,M T W T F S _,JRF6IPZ6SSRVRVBXS6MIG12LN9WTSORSDA2CDSROSTW9NLDPXTQ2EIA2OXXOUTAT,"31.252044606843807,29.978682014043123",1,375 METRE,16 Feb 2025 12:03:32 GMT,FRIDAY,SW2,50,425,DISABLED,0,0,DISABLED
3297312970,Al-Hawari for Home Appliances and Furniture,Store Active,Alexandria,Al Iskandarīyah,00000,DEX5,M T W T F S _,JRF6IPZ6SSRVRVBXS6MIG12LN9WTSORSDA2CDSROSTW9NLDPXTQ2EIA2OXXOUTAT,"31.252044606843807,29.978682014043123",1,375 METRE,16 Feb 2025 12:03:32 GMT,SATURDAY,SW1,50,425,ENABLED,0,0,DISABLED
3297312970,Al-Hawari for Home Appliances and Furniture,Store Active,Alexandria,Al Iskandarīyah,00000,DEX5,M T W T F S _,JRF6IPZ6SSRVRVBXS6MIG12LN9WTSORSDA2CDSROSTW9NLDPXTQ2EIA2OXXOUTAT,"31.252044606843807,29.978682014043123",1,375 METRE,16 Feb 2025 12:03:32 GMT,SATURDAY,SW2,50,425,DISABLED,0,0,DISABLED
3297312970,Al-Hawari for Home Appliances and Furniture,Store Active,Alexandria,Al Iskandarīyah,00000,DEX5,M T W T F S _,JRF6IPZ6SSRVRVBXS6MIG12LN9WTSORSDA2CDSROSTW9NLDPXTQ2EIA2OXXOUTAT,"31.252044606843807,29.978682014043123",1,375 METRE,16 Feb 2025 12:03:32 GMT,SUNDAY,SW1,50,425,ENABLED,0,0,DISABLED
3297312970,Al-Hawari for Home Appliances and Furniture,Store Active,Alexandria,Al Iskandarīyah,00000,DEX5,M T W T F S _,JRF6IPZ6SSRVRVBXS6MIG12LN9WTSORSDA2CDSROSTW9NLDPXTQ2EIA2OXXOUTAT,"31.252044606843807,29.978682014043123",1,375 METRE,16 Feb 2025 12:03:32 GMT,SUNDAY,SW2,50,425,DISABLED,0,0,DISABLED
3358752758,الياسمين ماركت,Store Active,alexandria,Al Iskandarīyah,00000,DEX5,M T W T F S S,BHW4HZX6S6QANYYFKJEEG12LN9WTSORSDA2CDSROSTW9NLDPXTQ2EIA2OXQJGWF3,"31.21029665609079,29.959457294998398",1,375 METRE,18 Feb 2026 15:46:39 GMT,MONDAY,SW1,50,425,ENABLED,0,0,DISABLED
3358752758,الياسمين ماركت,Store Active,alexandria,Al Iskandarīyah,00000,DEX5,M T W T F S S,BHW4HZX6S6QANYYFKJEEG12LN9WTSORSDA2CDSROSTW9NLDPXTQ2EIA2OXQJGWF3,"31.21029665609079,29.959457294998398",1,375 METRE,18 Feb 2026 15:46:39 GMT,MONDAY,SW2,50,425,DISABLED,0,0,DISABLED
3358752758,الياسمين ماركت,Store Active,alexandria,Al Iskandarīyah,00000,DEX5,M T W T F S S,BHW4HZX6S6QANYYFKJEEG12LN9WTSORSDA2CDSROSTW9NLDPXTQ2EIA2OXQJGWF3,"31.21029665609079,29.959457294998398",1,375 METRE,18 Feb 2026 15:46:39 GMT,TUESDAY,SW1,50,425,ENABLED,0,0,DISABLED
3358752758,الياسمين ماركت,Store Active,alexandria,Al Iskandarīyah,00000,DEX5,M T W T F S S,BHW4HZX6S6QANYYFKJEEG12LN9WTSORSDA2CDSROSTW9NLDPXTQ2EIA2OXQJGWF3,"31.21029665609079,29.959457294998398",1,375 METRE,18 Feb 2026 15:46:39 GMT,TUESDAY,SW2,50,425,DISABLED,0,0,DISABLED
3358752758,الياسمين ماركت,Store Active,alexandria,Al Iskandarīyah,00000,DEX5,M T W T F S S,BHW4HZX6S6QANYYFKJEEG12LN9WTSORSDA2CDSROSTW9NLDPXTQ2EIA2OXQJGWF3,"31.21029665609079,29.959457294998398",1,375 METRE,18 Feb 2026 15:46:39 GMT,WEDNESDAY,SW1,50,425,ENABLED,0,0,DISABLED
3358752758,الياسمين ماركت,Store Active,alexandria,Al Iskandarīyah,00000,DEX5,M T W T F S S,BHW4HZX6S6QANYYFKJEEG12LN9WTSORSDA2CDSROSTW9NLDPXTQ2EIA2OXQJGWF3,"31.21029665609079,29.959457294998398",1,375 METRE,18 Feb 2026 15:46:39 GMT,WEDNESDAY,SW2,50,425,DISABLED,0,0,DISABLED
3358752758,الياسمين ماركت,Store Active,alexandria,Al Iskandarīyah,00000,DEX5,M T W T F S S,BHW4HZX6S6QANYYFKJEEG12LN9WTSORSDA2CDSROSTW9NLDPXTQ2EIA2OXQJGWF3,"31.21029665609079,29.959457294998398",1,375 METRE,18 Feb 2026 15:46:39 GMT,THURSDAY,SW1,50,425,ENABLED,0,0,DISABLED
3358752758,الياسمين ماركت,Store Active,alexandria,Al Iskandarīyah,00000,DEX5,M T W T F S S,BHW4HZX6S6QANYYFKJEEG12LN9WTSORSDA2CDSROSTW9NLDPXTQ2EIA2OXQJGWF3,"31.21029665609079,29.959457294998398",1,375 METRE,18 Feb 2026 15:46:39 GMT,THURSDAY,SW2,50,425,DISABLED,0,0,DISABLED
3358752758,الياسمين ماركت,Store Active,alexandria,Al Iskandarīyah,00000,DEX5,M T W T F S S,BHW4HZX6S6QANYYFKJEEG12LN9WTSORSDA2CDSROSTW9NLDPXTQ2EIA2OXQJGWF3,"31.21029665609079,29.959457294998398",1,375 METRE,18 Feb 2026 15:46:39 GMT,FRIDAY,SW1,50,425,ENABLED,0,0,DISABLED
3358752758,الياسمين ماركت,Store Active,alexandria,Al Iskandarīyah,00000,DEX5,M T W T F S S,BHW4HZX6S6QANYYFKJEEG12LN9WTSORSDA2CDSROSTW9NLDPXTQ2EIA2OXQJGWF3,"31.21029665609079,29.959457294998398",1,375 METRE,18 Feb 2026 15:46:39 GMT,FRIDAY,SW2,50,425,DISABLED,0,0,DISABLED
3358752758,الياسمين ماركت,Store Active,alexandria,Al Iskandarīyah,00000,DEX5,M T W T F S S,BHW4HZX6S6QANYYFKJEEG12LN9WTSORSDA2CDSROSTW9NLDPXTQ2EIA2OXQJGWF3,"31.21029665609079,29.959457294998398",1,375 METRE,18 Feb 2026 15:46:39 GMT,SATURDAY,SW1,50,425,ENABLED,0,0,DISABLED
3358752758,الياسمين ماركت,Store Active,alexandria,Al Iskandarīyah,00000,DEX5,M T W T F S S,BHW4HZX6S6QANYYFKJEEG12LN9WTSORSDA2CDSROSTW9NLDPXTQ2EIA2OXQJGWF3,"31.21029665609079,29.959457294998398",1,375 METRE,18 Feb 2026 15:46:39 GMT,SATURDAY,SW2,50,425,DISABLED,0,0,DISABLED
3358752758,الياسمين ماركت,Store Active,alexandria,Al Iskandarīyah,00000,DEX5,M T W T F S S,BHW4HZX6S6QANYYFKJEEG12LN9WTSORSDA2CDSROSTW9NLDPXTQ2EIA2OXQJGWF3,"31.21029665609079,29.959457294998398",1,375 METRE,18 Feb 2026 15:46:39 GMT,SUNDAY,SW1,50,425,ENABLED,0,0,DISABLED
3358752758,الياسمين ماركت,Store Active,alexandria,Al Iskandarīyah,00000,DEX5,M T W T F S S,BHW4HZX6S6QANYYFKJEEG12LN9WTSORSDA2CDSROSTW9NLDPXTQ2EIA2OXQJGWF3,"31.21029665609079,29.959457294998398",1,375 METRE,18 Feb 2026 15:46:39 GMT,SUNDAY,SW2,50,425,DISABLED,0,0,DISABLED
2901346236,Al-Hawari and Al-Farouk Furniture,Store Active,Alexandria,Al Iskandarīyah,00000,DEX5,M T W T F S _,56ZFJAQL6D4HD3HA3D24G12LN9WTSORSDA2CDSROSTW9NLDPXTQ2EIA2OXZSYG62,"31.25237197811598,29.97528893464959",1,375 METRE,16 Feb 2025 10:39:52 GMT,MONDAY,SW1,50,425,ENABLED,0,0,DISABLED
2901346236,Al-Hawari and Al-Farouk Furniture,Store Active,Alexandria,Al Iskandarīyah,00000,DEX5,M T W T F S _,56ZFJAQL6D4HD3HA3D24G12LN9WTSORSDA2CDSROSTW9NLDPXTQ2EIA2OXZSYG62,"31.25237197811598,29.97528893464959",1,375 METRE,16 Feb 2025 10:39:52 GMT,MONDAY,SW2,50,425,DISABLED,0,0,DISABLED
2901346236,Al-Hawari and Al-Farouk Furniture,Store Active,Alexandria,Al Iskandarīyah,00000,DEX5,M T W T F S _,56ZFJAQL6D4HD3HA3D24G12LN9WTSORSDA2CDSROSTW9NLDPXTQ2EIA2OXZSYG62,"31.25237197811598,29.97528893464959",1,375 METRE,16 Feb 2025 10:39:52 GMT,TUESDAY,SW1,50,425,ENABLED,0,0,DISABLED
2901346236,Al-Hawari and Al-Farouk Furniture,Store Active,Alexandria,Al Iskandarīyah,00000,DEX5,M T W T F S _,56ZFJAQL6D4HD3HA3D24G12LN9WTSORSDA2CDSROSTW9NLDPXTQ2EIA2OXZSYG62,"31.25237197811598,29.97528893464959",1,375 METRE,16 Feb 2025 10:39:52 GMT,TUESDAY,SW2,50,425,DISABLED,0,0,DISABLED
2901346236,Al-Hawari and Al-Farouk Furniture,Store Active,Alexandria,Al Iskandarīyah,00000,DEX5,M T W T F S _,56ZFJAQL6D4HD3HA3D24G12LN9WTSORSDA2CDSROSTW9NLDPXTQ2EIA2OXZSYG62,"31.25237197811598,29.97528893464959",1,375 METRE,16 Feb 2025 10:39:52 GMT,WEDNESDAY,SW1,50,425,ENABLED,0,0,DISABLED
2901346236,Al-Hawari and Al-Farouk Furniture,Store Active,Alexandria,Al Iskandarīyah,00000,DEX5,M T W T F S _,56ZFJAQL6D4HD3HA3D24G12LN9WTSORSDA2CDSROSTW9NLDPXTQ2EIA2OXZSYG62,"31.25237197811598,29.97528893464959",1,375 METRE,16 Feb 2025 10:39:52 GMT,WEDNESDAY,SW2,50,425,DISABLED,0,0,DISABLED
2901346236,Al-Hawari and Al-Farouk Furniture,Store Active,Alexandria,Al Iskandarīyah,00000,DEX5,M T W T F S _,56ZFJAQL6D4HD3HA3D24G12LN9WTSORSDA2CDSROSTW9NLDPXTQ2EIA2OXZSYG62,"31.25237197811598,29.97528893464959",1,375 METRE,16 Feb 2025 10:39:52 GMT,THURSDAY,SW1,50,425,ENABLED,0,0,DISABLED
2901346236,Al-Hawari and Al-Farouk Furniture,Store Active,Alexandria,Al Iskandarīyah,00000,DEX5,M T W T F S _,56ZFJAQL6D4HD3HA3D24G12LN9WTSORSDA2CDSROSTW9NLDPXTQ2EIA2OXZSYG62,"31.25237197811598,29.97528893464959",1,375 METRE,16 Feb 2025 10:39:52 GMT,THURSDAY,SW2,50,425,DISABLED,0,0,DISABLED
2901346236,Al-Hawari and Al-Farouk Furniture,Store Active,Alexandria,Al Iskandarīyah,00000,DEX5,M T W T F S _,56ZFJAQL6D4HD3HA3D24G12LN9WTSORSDA2CDSROSTW9NLDPXTQ2EIA2OXZSYG62,"31.25237197811598,29.97528893464959",1,375 METRE,16 Feb 2025 10:39:52 GMT,FRIDAY,SW1,50,425,ENABLED,0,0,DISABLED
2901346236,Al-Hawari and Al-Farouk Furniture,Store Active,Alexandria,Al Iskandarīyah,00000,DEX5,M T W T F S _,56ZFJAQL6D4HD3HA3D24G12LN9WTSORSDA2CDSROSTW9NLDPXTQ2EIA2OXZSYG62,"31.25237197811598,29.97528893464959",1,375 METRE,16 Feb 2025 10:39:52 GMT,FRIDAY,SW2,50,425,DISABLED,0,0,DISABLED
2901346236,Al-Hawari and Al-Farouk Furniture,Store Active,Alexandria,Al Iskandarīyah,00000,DEX5,M T W T F S _,56ZFJAQL6D4HD3HA3D24G12LN9WTSORSDA2CDSROSTW9NLDPXTQ2EIA2OXZSYG62,"31.25237197811598,29.97528893464959",1,375 METRE,16 Feb 2025 10:39:52 GMT,SATURDAY,SW1,50,425,ENABLED,0,0,DISABLED
2901346236,Al-Hawari and Al-Farouk Furniture,Store Active,Alexandria,Al Iskandarīyah,00000,DEX5,M T W T F S _,56ZFJAQL6D4HD3HA3D24G12LN9WTSORSDA2CDSROSTW9NLDPXTQ2EIA2OXZSYG62,"31.25237197811598,29.97528893464959",1,375 METRE,16 Feb 2025 10:39:52 GMT,SATURDAY,SW2,50,425,DISABLED,0,0,DISABLED
2901346236,Al-Hawari and Al-Farouk Furniture,Store Active,Alexandria,Al Iskandarīyah,00000,DEX5,M T W T F S _,56ZFJAQL6D4HD3HA3D24G12LN9WTSORSDA2CDSROSTW9NLDPXTQ2EIA2OXZSYG62,"31.25237197811598,29.97528893464959",1,375 METRE,16 Feb 2025 10:39:52 GMT,SUNDAY,SW1,50,425,ENABLED,0,0,DISABLED
2901346236,Al-Hawari and Al-Farouk Furniture,Store Active,Alexandria,Al Iskandarīyah,00000,DEX5,M T W T F S _,56ZFJAQL6D4HD3HA3D24G12LN9WTSORSDA2CDSROSTW9NLDPXTQ2EIA2OXZSYG62,"31.25237197811598,29.97528893464959",1,375 METRE,16 Feb 2025 10:39:52 GMT,SUNDAY,SW2,50,425,DISABLED,0,0,DISABLED
8919345927,جنه للأدوات الصحيه,Store Inactive,Alexandria,Al Iskandarīyah,00000,DEX5,M T W T _ S S,DTPRCWNB7YWNGUY6RQC4G12LN9WTSORSDA2CDSROSTW9NLDPXTQ2EIA2OXQRPAZ3,"31.223251807723205,29.93766900982441",1,400 METRE,NA,MONDAY,SW1,0,450,ENABLED,0,0,DISABLED
8919345927,جنه للأدوات الصحيه,Store Inactive,Alexandria,Al Iskandarīyah,00000,DEX5,M T W T _ S S,DTPRCWNB7YWNGUY6RQC4G12LN9WTSORSDA2CDSROSTW9NLDPXTQ2EIA2OXQRPAZ3,"31.223251807723205,29.93766900982441",1,400 METRE,NA,MONDAY,SW2,0,450,DISABLED,0,0,DISABLED
8919345927,جنه للأدوات الصحيه,Store Inactive,Alexandria,Al Iskandarīyah,00000,DEX5,M T W T _ S S,DTPRCWNB7YWNGUY6RQC4G12LN9WTSORSDA2CDSROSTW9NLDPXTQ2EIA2OXQRPAZ3,"31.223251807723205,29.93766900982441",1,400 METRE,NA,TUESDAY,SW1,0,450,ENABLED,0,0,DISABLED
8919345927,جنه للأدوات الصحيه,Store Inactive,Alexandria,Al Iskandarīyah,00000,DEX5,M T W T _ S S,DTPRCWNB7YWNGUY6RQC4G12LN9WTSORSDA2CDSROSTW9NLDPXTQ2EIA2OXQRPAZ3,"31.223251807723205,29.93766900982441",1,400 METRE,NA,TUESDAY,SW2,0,450,DISABLED,0,0,DISABLED
8919345927,جنه للأدوات الصحيه,Store Inactive,Alexandria,Al Iskandarīyah,00000,DEX5,M T W T _ S S,DTPRCWNB7YWNGUY6RQC4G12LN9WTSORSDA2CDSROSTW9NLDPXTQ2EIA2OXQRPAZ3,"31.223251807723205,29.93766900982441",1,400 METRE,NA,WEDNESDAY,SW1,0,450,ENABLED,0,0,DISABLED
8919345927,جنه للأدوات الصحيه,Store Inactive,Alexandria,Al Iskandarīyah,00000,DEX5,M T W T _ S S,DTPRCWNB7YWNGUY6RQC4G12LN9WTSORSDA2CDSROSTW9NLDPXTQ2EIA2OXQRPAZ3,"31.223251807723205,29.93766900982441",1,400 METRE,NA,WEDNESDAY,SW2,0,450,DISABLED,0,0,DISABLED
8919345927,جنه للأدوات الصحيه,Store Inactive,Alexandria,Al Iskandarīyah,00000,DEX5,M T W T _ S S,DTPRCWNB7YWNGUY6RQC4G12LN9WTSORSDA2CDSROSTW9NLDPXTQ2EIA2OXQRPAZ3,"31.223251807723205,29.93766900982441",1,400 METRE,NA,THURSDAY,SW1,0,450,ENABLED,0,0,DISABLED
8919345927,جنه للأدوات الصحيه,Store Inactive,Alexandria,Al Iskandarīyah,00000,DEX5,M T W T _ S S,DTPRCWNB7YWNGUY6RQC4G12LN9WTSORSDA2CDSROSTW9NLDPXTQ2EIA2OXQRPAZ3,"31.223251807723205,29.93766900982441",1,400 METRE,NA,THURSDAY,SW2,0,450,DISABLED,0,0,DISABLED
8919345927,جنه للأدوات الصحيه,Store Inactive,Alexandria,Al Iskandarīyah,00000,DEX5,M T W T _ S S,DTPRCWNB7YWNGUY6RQC4G12LN9WTSORSDA2CDSROSTW9NLDPXTQ2EIA2OXQRPAZ3,"31.223251807723205,29.93766900982441",1,400 METRE,NA,FRIDAY,SW1,0,450,ENABLED,0,0,DISABLED
8919345927,جنه للأدوات الصحيه,Store Inactive,Alexandria,Al Iskandarīyah,00000,DEX5,M T W T _ S S,DTPRCWNB7YWNGUY6RQC4G12LN9WTSORSDA2CDSROSTW9NLDPXTQ2EIA2OXQRPAZ3,"31.223251807723205,29.93766900982441",1,400 METRE,NA,FRIDAY,SW2,0,450,DISABLED,0,0,DISABLED
8919345927,جنه للأدوات الصحيه,Store Inactive,Alexandria,Al Iskandarīyah,00000,DEX5,M T W T _ S S,DTPRCWNB7YWNGUY6RQC4G12LN9WTSORSDA2CDSROSTW9NLDPXTQ2EIA2OXQRPAZ3,"31.223251807723205,29.93766900982441",1,400 METRE,NA,SATURDAY,SW1,0,450,ENABLED,0,0,DISABLED
8919345927,جنه للأدوات الصحيه,Store Inactive,Alexandria,Al Iskandarīyah,00000,DEX5,M T W T _ S S,DTPRCWNB7YWNGUY6RQC4G12LN9WTSORSDA2CDSROSTW9NLDPXTQ2EIA2OXQRPAZ3,"31.223251807723205,29.93766900982441",1,400 METRE,NA,SATURDAY,SW2,0,450,DISABLED,0,0,DISABLED
8919345927,جنه للأدوات الصحيه,Store Inactive,Alexandria,Al Iskandarīyah,00000,DEX5,M T W T _ S S,DTPRCWNB7YWNGUY6RQC4G12LN9WTSORSDA2CDSROSTW9NLDPXTQ2EIA2OXQRPAZ3,"31.223251807723205,29.93766900982441",1,400 METRE,NA,SUNDAY,SW1,0,450,ENABLED,0,0,DISABLED
8919345927,جنه للأدوات الصحيه,Store Inactive,Alexandria,Al Iskandarīyah,00000,DEX5,M T W T _ S S,DTPRCWNB7YWNGUY6RQC4G12LN9WTSORSDA2CDSROSTW9NLDPXTQ2EIA2OXQRPAZ3,"31.223251807723205,29.93766900982441",1,400 METRE,NA,SUNDAY,SW2,0,450,DISABLED,0,0,DISABLED
6852304055,ALDERY,Store Active,الاسكندريه,Al Iskandarīyah,00000,DEX5,_ T W T F S S,RSSXVQHTGGD2D7IYGCSIG12LN9WTSORSDA2CDSROSTW9NLDPXTQ2EIA2OXHEEVEZ,"31.24001104,29.9642545",4,375 METRE,28 Feb 2024 12:57:49 GMT,MONDAY,SW1,50,425,ENABLED,0,0,DISABLED
6852304055,ALDERY,Store Active,الاسكندريه,Al Iskandarīyah,00000,DEX5,_ T W T F S S,RSSXVQHTGGD2D7IYGCSIG12LN9WTSORSDA2CDSROSTW9NLDPXTQ2EIA2OXHEEVEZ,"31.24001104,29.9642545",4,375 METRE,28 Feb 2024 12:57:49 GMT,MONDAY,SW2,50,425,DISABLED,0,0,DISABLED
6852304055,ALDERY,Store Active,الاسكندريه,Al Iskandarīyah,00000,DEX5,_ T W T F S S,RSSXVQHTGGD2D7IYGCSIG12LN9WTSORSDA2CDSROSTW9NLDPXTQ2EIA2OXHEEVEZ,"31.24001104,29.9642545",4,375 METRE,28 Feb 2024 12:57:49 GMT,TUESDAY,SW1,50,425,ENABLED,0,0,DISABLED
6852304055,ALDERY,Store Active,الاسكندريه,Al Iskandarīyah,00000,DEX5,_ T W T F S S,RSSXVQHTGGD2D7IYGCSIG12LN9WTSORSDA2CDSROSTW9NLDPXTQ2EIA2OXHEEVEZ,"31.24001104,29.9642545",4,375 METRE,28 Feb 2024 12:57:49 GMT,TUESDAY,SW2,50,425,DISABLED,0,0,DISABLED
6852304055,ALDERY,Store Active,الاسكندريه,Al Iskandarīyah,00000,DEX5,_ T W T F S S,RSSXVQHTGGD2D7IYGCSIG12LN9WTSORSDA2CDSROSTW9NLDPXTQ2EIA2OXHEEVEZ,"31.24001104,29.9642545",4,375 METRE,28 Feb 2024 12:57:49 GMT,WEDNESDAY,SW1,50,425,ENABLED,0,0,DISABLED
6852304055,ALDERY,Store Active,الاسكندريه,Al Iskandarīyah,00000,DEX5,_ T W T F S S,RSSXVQHTGGD2D7IYGCSIG12LN9WTSORSDA2CDSROSTW9NLDPXTQ2EIA2OXHEEVEZ,"31.24001104,29.9642545",4,375 METRE,28 Feb 2024 12:57:49 GMT,WEDNESDAY,SW2,50,425,DISABLED,0,0,DISABLED
6852304055,ALDERY,Store Active,الاسكندريه,Al Iskandarīyah,00000,DEX5,_ T W T F S S,RSSXVQHTGGD2D7IYGCSIG12LN9WTSORSDA2CDSROSTW9NLDPXTQ2EIA2OXHEEVEZ,"31.24001104,29.9642545",4,375 METRE,28 Feb 2024 12:57:49 GMT,THURSDAY,SW1,50,425,ENABLED,0,0,DISABLED
6852304055,ALDERY,Store Active,الاسكندريه,Al Iskandarīyah,00000,DEX5,_ T W T F S S,RSSXVQHTGGD2D7IYGCSIG12LN9WTSORSDA2CDSROSTW9NLDPXTQ2EIA2OXHEEVEZ,"31.24001104,29.9642545",4,375 METRE,28 Feb 2024 12:57:49 GMT,THURSDAY,SW2,50,425,DISABLED,0,0,DISABLED
6852304055,ALDERY,Store Active,الاسكندريه,Al Iskandarīyah,00000,DEX5,_ T W T F S S,RSSXVQHTGGD2D7IYGCSIG12LN9WTSORSDA2CDSROSTW9NLDPXTQ2EIA2OXHEEVEZ,"31.24001104,29.9642545",4,375 METRE,28 Feb 2024 12:57:49 GMT,FRIDAY,SW1,50,425,ENABLED,0,0,DISABLED
6852304055,ALDERY,Store Active,الاسكندريه,Al Iskandarīyah,00000,DEX5,_ T W T F S S,RSSXVQHTGGD2D7IYGCSIG12LN9WTSORSDA2CDSROSTW9NLDPXTQ2EIA2OXHEEVEZ,"31.24001104,29.9642545",4,375 METRE,28 Feb 2024 12:57:49 GMT,FRIDAY,SW2,50,425,DISABLED,0,0,DISABLED
6852304055,ALDERY,Store Active,الاسكندريه,Al Iskandarīyah,00000,DEX5,_ T W T F S S,RSSXVQHTGGD2D7IYGCSIG12LN9WTSORSDA2CDSROSTW9NLDPXTQ2EIA2OXHEEVEZ,"31.24001104,29.9642545",4,375 METRE,28 Feb 2024 12:57:49 GMT,SATURDAY,SW1,50,425,ENABLED,0,0,DISABLED
6852304055,ALDERY,Store Active,الاسكندريه,Al Iskandarīyah,00000,DEX5,_ T W T F S S,RSSXVQHTGGD2D7IYGCSIG12LN9WTSORSDA2CDSROSTW9NLDPXTQ2EIA2OXHEEVEZ,"31.24001104,29.9642545",4,375 METRE,28 Feb 2024 12:57:49 GMT,SATURDAY,SW2,50,425,DISABLED,0,0,DISABLED
6852304055,ALDERY,Store Active,الاسكندريه,Al Iskandarīyah,00000,DEX5,_ T W T F S S,RSSXVQHTGGD2D7IYGCSIG12LN9WTSORSDA2CDSROSTW9NLDPXTQ2EIA2OXHEEVEZ,"31.24001104,29.9642545",4,375 METRE,28 Feb 2024 12:57:49 GMT,SUNDAY,SW1,50,425,ENABLED,0,0,DISABLED
6852304055,ALDERY,Store Active,الاسكندريه,Al Iskandarīyah,00000,DEX5,_ T W T F S S,RSSXVQHTGGD2D7IYGCSIG12LN9WTSORSDA2CDSROSTW9NLDPXTQ2EIA2OXHEEVEZ,"31.24001104,29.9642545",4,375 METRE,28 Feb 2024 12:57:49 GMT,SUNDAY,SW2,50,425,DISABLED,0,0,DISABLED
9951235440,ماركت رحيم,Store Active,سموحه,Al Iskandarīyah,00000,DEX5,M T W T F S S,LYSYD77RUKVDZS2JMDLIG12LN9WTSORSDA2CDSROSTW9NLDPXTQ2EIA2OXFV2LGG,"31.210538135490953,29.95929669620788",1,400 METRE,1 Jul 2024 14:42:14 GMT,MONDAY,SW1,50,450,ENABLED,0,0,DISABLED
9951235440,ماركت رحيم,Store Active,سموحه,Al Iskandarīyah,00000,DEX5,M T W T F S S,LYSYD77RUKVDZS2JMDLIG12LN9WTSORSDA2CDSROSTW9NLDPXTQ2EIA2OXFV2LGG,"31.210538135490953,29.95929669620788",1,400 METRE,1 Jul 2024 14:42:14 GMT,MONDAY,SW2,50,450,DISABLED,0,0,DISABLED
9951235440,ماركت رحيم,Store Active,سموحه,Al Iskandarīyah,00000,DEX5,M T W T F S S,LYSYD77RUKVDZS2JMDLIG12LN9WTSORSDA2CDSROSTW9NLDPXTQ2EIA2OXFV2LGG,"31.210538135490953,29.95929669620788",1,400 METRE,1 Jul 2024 14:42:14 GMT,TUESDAY,SW1,50,450,ENABLED,0,0,DISABLED
9951235440,ماركت رحيم,Store Active,سموحه,Al Iskandarīyah,00000,DEX5,M T W T F S S,LYSYD77RUKVDZS2JMDLIG12LN9WTSORSDA2CDSROSTW9NLDPXTQ2EIA2OXFV2LGG,"31.210538135490953,29.95929669620788",1,400 METRE,1 Jul 2024 14:42:14 GMT,TUESDAY,SW2,50,450,DISABLED,0,0,DISABLED
9951235440,ماركت رحيم,Store Active,سموحه,Al Iskandarīyah,00000,DEX5,M T W T F S S,LYSYD77RUKVDZS2JMDLIG12LN9WTSORSDA2CDSROSTW9NLDPXTQ2EIA2OXFV2LGG,"31.210538135490953,29.95929669620788",1,400 METRE,1 Jul 2024 14:42:14 GMT,WEDNESDAY,SW1,50,450,ENABLED,0,0,DISABLED
9951235440,ماركت رحيم,Store Active,سموحه,Al Iskandarīyah,00000,DEX5,M T W T F S S,LYSYD77RUKVDZS2JMDLIG12LN9WTSORSDA2CDSROSTW9NLDPXTQ2EIA2OXFV2LGG,"31.210538135490953,29.95929669620788",1,400 METRE,1 Jul 2024 14:42:14 GMT,WEDNESDAY,SW2,50,450,DISABLED,0,0,DISABLED
9951235440,ماركت رحيم,Store Active,سموحه,Al Iskandarīyah,00000,DEX5,M T W T F S S,LYSYD77RUKVDZS2JMDLIG12LN9WTSORSDA2CDSROSTW9NLDPXTQ2EIA2OXFV2LGG,"31.210538135490953,29.95929669620788",1,400 METRE,1 Jul 2024 14:42:14 GMT,THURSDAY,SW1,50,450,ENABLED,0,0,DISABLED
9951235440,ماركت رحيم,Store Active,سموحه,Al Iskandarīyah,00000,DEX5,M T W T F S S,LYSYD77RUKVDZS2JMDLIG12LN9WTSORSDA2CDSROSTW9NLDPXTQ2EIA2OXFV2LGG,"31.210538135490953,29.95929669620788",1,400 METRE,1 Jul 2024 14:42:14 GMT,THURSDAY,SW2,50,450,DISABLED,0,0,DISABLED
9951235440,ماركت رحيم,Store Active,سموحه,Al Iskandarīyah,00000,DEX5,M T W T F S S,LYSYD77RUKVDZS2JMDLIG12LN9WTSORSDA2CDSROSTW9NLDPXTQ2EIA2OXFV2LGG,"31.210538135490953,29.95929669620788",1,400 METRE,1 Jul 2024 14:42:14 GMT,FRIDAY,SW1,50,450,ENABLED,0,0,DISABLED
9951235440,ماركت رحيم,Store Active,سموحه,Al Iskandarīyah,00000,DEX5,M T W T F S S,LYSYD77RUKVDZS2JMDLIG12LN9WTSORSDA2CDSROSTW9NLDPXTQ2EIA2OXFV2LGG,"31.210538135490953,29.95929669620788",1,400 METRE,1 Jul 2024 14:42:14 GMT,FRIDAY,SW2,50,450,DISABLED,0,0,DISABLED
9951235440,ماركت رحيم,Store Active,سموحه,Al Iskandarīyah,00000,DEX5,M T W T F S S,LYSYD77RUKVDZS2JMDLIG12LN9WTSORSDA2CDSROSTW9NLDPXTQ2EIA2OXFV2LGG,"31.210538135490953,29.95929669620788",1,400 METRE,1 Jul 2024 14:42:14 GMT,SATURDAY,SW1,50,450,ENABLED,0,0,DISABLED
9951235440,ماركت رحيم,Store Active,سموحه,Al Iskandarīyah,00000,DEX5,M T W T F S S,LYSYD77RUKVDZS2JMDLIG12LN9WTSORSDA2CDSROSTW9NLDPXTQ2EIA2OXFV2LGG,"31.210538135490953,29.95929669620788",1,400 METRE,1 Jul 2024 14:42:14 GMT,SATURDAY,SW2,50,450,DISABLED,0,0,DISABLED
9951235440,ماركت رحيم,Store Active,سموحه,Al Iskandarīyah,00000,DEX5,M T W T F S S,LYSYD77RUKVDZS2JMDLIG12LN9WTSORSDA2CDSROSTW9NLDPXTQ2EIA2OXFV2LGG,"31.210538135490953,29.95929669620788",1,400 METRE,1 Jul 2024 14:42:14 GMT,SUNDAY,SW1,50,450,ENABLED,0,0,DISABLED
9951235440,ماركت رحيم,Store Active,سموحه,Al Iskandarīyah,00000,DEX5,M T W T F S S,LYSYD77RUKVDZS2JMDLIG12LN9WTSORSDA2CDSROSTW9NLDPXTQ2EIA2OXFV2LGG,"31.210538135490953,29.95929669620788",1,400 METRE,1 Jul 2024 14:42:14 GMT,SUNDAY,SW2,50,450,DISABLED,0,0,DISABLED
8578470998,Abo iessa,Store Inactive,Roshdy,Al Iskandarīyah,00000,DEX5,M T W T _ S S,64NG65PMA7GUBOSXARE4G12LN9WTSORSDA2CDSROSTW9NLDPXTQ2EIA2OXUJKCXC,"31.227536354301268,29.950881467288095",3,375 METRE,NA,MONDAY,SW1,0,425,ENABLED,0,0,DISABLED
8578470998,Abo iessa,Store Inactive,Roshdy,Al Iskandarīyah,00000,DEX5,M T W T _ S S,64NG65PMA7GUBOSXARE4G12LN9WTSORSDA2CDSROSTW9NLDPXTQ2EIA2OXUJKCXC,"31.227536354301268,29.950881467288095",3,375 METRE,NA,MONDAY,SW2,0,425,DISABLED,0,0,DISABLED
8578470998,Abo iessa,Store Inactive,Roshdy,Al Iskandarīyah,00000,DEX5,M T W T _ S S,64NG65PMA7GUBOSXARE4G12LN9WTSORSDA2CDSROSTW9NLDPXTQ2EIA2OXUJKCXC,"31.227536354301268,29.950881467288095",3,375 METRE,NA,TUESDAY,SW1,0,425,ENABLED,0,0,DISABLED
8578470998,Abo iessa,Store Inactive,Roshdy,Al Iskandarīyah,00000,DEX5,M T W T _ S S,64NG65PMA7GUBOSXARE4G12LN9WTSORSDA2CDSROSTW9NLDPXTQ2EIA2OXUJKCXC,"31.227536354301268,29.950881467288095",3,375 METRE,NA,TUESDAY,SW2,0,425,DISABLED,0,0,DISABLED
8578470998,Abo iessa,Store Inactive,Roshdy,Al Iskandarīyah,00000,DEX5,M T W T _ S S,64NG65PMA7GUBOSXARE4G12LN9WTSORSDA2CDSROSTW9NLDPXTQ2EIA2OXUJKCXC,"31.227536354301268,29.950881467288095",3,375 METRE,NA,WEDNESDAY,SW1,0,425,ENABLED,0,0,DISABLED
8578470998,Abo iessa,Store Inactive,Roshdy,Al Iskandarīyah,00000,DEX5,M T W T _ S S,64NG65PMA7GUBOSXARE4G12LN9WTSORSDA2CDSROSTW9NLDPXTQ2EIA2OXUJKCXC,"31.227536354301268,29.950881467288095",3,375 METRE,NA,WEDNESDAY,SW2,0,425,DISABLED,0,0,DISABLED
8578470998,Abo iessa,Store Inactive,Roshdy,Al Iskandarīyah,00000,DEX5,M T W T _ S S,64NG65PMA7GUBOSXARE4G12LN9WTSORSDA2CDSROSTW9NLDPXTQ2EIA2OXUJKCXC,"31.227536354301268,29.950881467288095",3,375 METRE,NA,THURSDAY,SW1,0,425,ENABLED,0,0,DISABLED
8578470998,Abo iessa,Store Inactive,Roshdy,Al Iskandarīyah,00000,DEX5,M T W T _ S S,64NG65PMA7GUBOSXARE4G12LN9WTSORSDA2CDSROSTW9NLDPXTQ2EIA2OXUJKCXC,"31.227536354301268,29.950881467288095",3,375 METRE,NA,THURSDAY,SW2,0,425,DISABLED,0,0,DISABLED
8578470998,Abo iessa,Store Inactive,Roshdy,Al Iskandarīyah,00000,DEX5,M T W T _ S S,64NG65PMA7GUBOSXARE4G12LN9WTSORSDA2CDSROSTW9NLDPXTQ2EIA2OXUJKCXC,"31.227536354301268,29.950881467288095",3,375 METRE,NA,FRIDAY,SW1,0,425,ENABLED,0,0,DISABLED
8578470998,Abo iessa,Store Inactive,Roshdy,Al Iskandarīyah,00000,DEX5,M T W T _ S S,64NG65PMA7GUBOSXARE4G12LN9WTSORSDA2CDSROSTW9NLDPXTQ2EIA2OXUJKCXC,"31.227536354301268,29.950881467288095",3,375 METRE,NA,FRIDAY,SW2,0,425,DISABLED,0,0,DISABLED
8578470998,Abo iessa,Store Inactive,Roshdy,Al Iskandarīyah,00000,DEX5,M T W T _ S S,64NG65PMA7GUBOSXARE4G12LN9WTSORSDA2CDSROSTW9NLDPXTQ2EIA2OXUJKCXC,"31.227536354301268,29.950881467288095",3,375 METRE,NA,SATURDAY,SW1,0,425,ENABLED,0,0,DISABLED
8578470998,Abo iessa,Store Inactive,Roshdy,Al Iskandarīyah,00000,DEX5,M T W T _ S S,64NG65PMA7GUBOSXARE4G12LN9WTSORSDA2CDSROSTW9NLDPXTQ2EIA2OXUJKCXC,"31.227536354301268,29.950881467288095",3,375 METRE,NA,SATURDAY,SW2,0,425,DISABLED,0,0,DISABLED
8578470998,Abo iessa,Store Inactive,Roshdy,Al Iskandarīyah,00000,DEX5,M T W T _ S S,64NG65PMA7GUBOSXARE4G12LN9WTSORSDA2CDSROSTW9NLDPXTQ2EIA2OXUJKCXC,"31.227536354301268,29.950881467288095",3,375 METRE,NA,SUNDAY,SW1,0,425,ENABLED,0,0,DISABLED
8578470998,Abo iessa,Store Inactive,Roshdy,Al Iskandarīyah,00000,DEX5,M T W T _ S S,64NG65PMA7GUBOSXARE4G12LN9WTSORSDA2CDSROSTW9NLDPXTQ2EIA2OXUJKCXC,"31.227536354301268,29.950881467288095",3,375 METRE,NA,SUNDAY,SW2,0,425,DISABLED,0,0,DISABLED
9488002681,najm Electric,Store Inactive,alexandria,Al Iskandarīyah,00000,DEX5,M T W T _ S S,AGN4CBZUZNSEC3KH4ZEYG12LN9WTSORSDA2CDSROSTW9NLDPXTQ2EIA2OX2YC6Y3,"31.225421282263184,29.952837667395258",1,375 METRE,NA,MONDAY,SW1,0,425,ENABLED,0,0,DISABLED
9488002681,najm Electric,Store Inactive,alexandria,Al Iskandarīyah,00000,DEX5,M T W T _ S S,AGN4CBZUZNSEC3KH4ZEYG12LN9WTSORSDA2CDSROSTW9NLDPXTQ2EIA2OX2YC6Y3,"31.225421282263184,29.952837667395258",1,375 METRE,NA,MONDAY,SW2,0,425,DISABLED,0,0,DISABLED
9488002681,najm Electric,Store Inactive,alexandria,Al Iskandarīyah,00000,DEX5,M T W T _ S S,AGN4CBZUZNSEC3KH4ZEYG12LN9WTSORSDA2CDSROSTW9NLDPXTQ2EIA2OX2YC6Y3,"31.225421282263184,29.952837667395258",1,375 METRE,NA,TUESDAY,SW1,0,425,ENABLED,0,0,DISABLED
9488002681,najm Electric,Store Inactive,alexandria,Al Iskandarīyah,00000,DEX5,M T W T _ S S,AGN4CBZUZNSEC3KH4ZEYG12LN9WTSORSDA2CDSROSTW9NLDPXTQ2EIA2OX2YC6Y3,"31.225421282263184,29.952837667395258",1,375 METRE,NA,TUESDAY,SW2,0,425,DISABLED,0,0,DISABLED
9488002681,najm Electric,Store Inactive,alexandria,Al Iskandarīyah,00000,DEX5,M T W T _ S S,AGN4CBZUZNSEC3KH4ZEYG12LN9WTSORSDA2CDSROSTW9NLDPXTQ2EIA2OX2YC6Y3,"31.225421282263184,29.952837667395258",1,375 METRE,NA,WEDNESDAY,SW1,0,425,ENABLED,0,0,DISABLED
9488002681,najm Electric,Store Inactive,alexandria,Al Iskandarīyah,00000,DEX5,M T W T _ S S,AGN4CBZUZNSEC3KH4ZEYG12LN9WTSORSDA2CDSROSTW9NLDPXTQ2EIA2OX2YC6Y3,"31.225421282263184,29.952837667395258",1,375 METRE,NA,WEDNESDAY,SW2,0,425,DISABLED,0,0,DISABLED
9488002681,najm Electric,Store Inactive,alexandria,Al Iskandarīyah,00000,DEX5,M T W T _ S S,AGN4CBZUZNSEC3KH4ZEYG12LN9WTSORSDA2CDSROSTW9NLDPXTQ2EIA2OX2YC6Y3,"31.225421282263184,29.952837667395258",1,375 METRE,NA,THURSDAY,SW1,0,425,ENABLED,0,0,DISABLED
9488002681,najm Electric,Store Inactive,alexandria,Al Iskandarīyah,00000,DEX5,M T W T _ S S,AGN4CBZUZNSEC3KH4ZEYG12LN9WTSORSDA2CDSROSTW9NLDPXTQ2EIA2OX2YC6Y3,"31.225421282263184,29.952837667395258",1,375 METRE,NA,THURSDAY,SW2,0,425,DISABLED,0,0,DISABLED
9488002681,najm Electric,Store Inactive,alexandria,Al Iskandarīyah,00000,DEX5,M T W T _ S S,AGN4CBZUZNSEC3KH4ZEYG12LN9WTSORSDA2CDSROSTW9NLDPXTQ2EIA2OX2YC6Y3,"31.225421282263184,29.952837667395258",1,375 METRE,NA,FRIDAY,SW1,0,425,ENABLED,0,0,DISABLED
9488002681,najm Electric,Store Inactive,alexandria,Al Iskandarīyah,00000,DEX5,M T W T _ S S,AGN4CBZUZNSEC3KH4ZEYG12LN9WTSORSDA2CDSROSTW9NLDPXTQ2EIA2OX2YC6Y3,"31.225421282263184,29.952837667395258",1,375 METRE,NA,FRIDAY,SW2,0,425,DISABLED,0,0,DISABLED
9488002681,najm Electric,Store Inactive,alexandria,Al Iskandarīyah,00000,DEX5,M T W T _ S S,AGN4CBZUZNSEC3KH4ZEYG12LN9WTSORSDA2CDSROSTW9NLDPXTQ2EIA2OX2YC6Y3,"31.225421282263184,29.952837667395258",1,375 METRE,NA,SATURDAY,SW1,0,425,ENABLED,0,0,DISABLED
9488002681,najm Electric,Store Inactive,alexandria,Al Iskandarīyah,00000,DEX5,M T W T _ S S,AGN4CBZUZNSEC3KH4ZEYG12LN9WTSORSDA2CDSROSTW9NLDPXTQ2EIA2OX2YC6Y3,"31.225421282263184,29.952837667395258",1,375 METRE,NA,SATURDAY,SW2,0,425,DISABLED,0,0,DISABLED
9488002681,najm Electric,Store Inactive,alexandria,Al Iskandarīyah,00000,DEX5,M T W T _ S S,AGN4CBZUZNSEC3KH4ZEYG12LN9WTSORSDA2CDSROSTW9NLDPXTQ2EIA2OX2YC6Y3,"31.225421282263184,29.952837667395258",1,375 METRE,NA,SUNDAY,SW1,0,425,ENABLED,0,0,DISABLED
9488002681,najm Electric,Store Inactive,alexandria,Al Iskandarīyah,00000,DEX5,M T W T _ S S,AGN4CBZUZNSEC3KH4ZEYG12LN9WTSORSDA2CDSROSTW9NLDPXTQ2EIA2OX2YC6Y3,"31.225421282263184,29.952837667395258",1,375 METRE,NA,SUNDAY,SW2,0,425,DISABLED,0,0,DISABLED
1151800427,Al-Fath Laundry,Store Active,Alexandria,Al Iskandarīyah,00000,DEX5,M T W T _ S S,6MMAS4FMTZII6HFGRBWUG12LN9WTSORSDA2CDSROSTW9NLDPXTQ2EIA2OXYV4SXB,"31.234128579049116,29.96302675379509",1,375 METRE,5 May 2025 06:07:46 GMT,MONDAY,SW1,50,425,ENABLED,0,0,DISABLED
1151800427,Al-Fath Laundry,Store Active,Alexandria,Al Iskandarīyah,00000,DEX5,M T W T _ S S,6MMAS4FMTZII6HFGRBWUG12LN9WTSORSDA2CDSROSTW9NLDPXTQ2EIA2OXYV4SXB,"31.234128579049116,29.96302675379509",1,375 METRE,5 May 2025 06:07:46 GMT,MONDAY,SW2,50,425,DISABLED,0,0,DISABLED
1151800427,Al-Fath Laundry,Store Active,Alexandria,Al Iskandarīyah,00000,DEX5,M T W T _ S S,6MMAS4FMTZII6HFGRBWUG12LN9WTSORSDA2CDSROSTW9NLDPXTQ2EIA2OXYV4SXB,"31.234128579049116,29.96302675379509",1,375 METRE,5 May 2025 06:07:46 GMT,TUESDAY,SW1,50,425,ENABLED,0,0,DISABLED
1151800427,Al-Fath Laundry,Store Active,Alexandria,Al Iskandarīyah,00000,DEX5,M T W T _ S S,6MMAS4FMTZII6HFGRBWUG12LN9WTSORSDA2CDSROSTW9NLDPXTQ2EIA2OXYV4SXB,"31.234128579049116,29.96302675379509",1,375 METRE,5 May 2025 06:07:46 GMT,TUESDAY,SW2,50,425,DISABLED,0,0,DISABLED
1151800427,Al-Fath Laundry,Store Active,Alexandria,Al Iskandarīyah,00000,DEX5,M T W T _ S S,6MMAS4FMTZII6HFGRBWUG12LN9WTSORSDA2CDSROSTW9NLDPXTQ2EIA2OXYV4SXB,"31.234128579049116,29.96302675379509",1,375 METRE,5 May 2025 06:07:46 GMT,WEDNESDAY,SW1,50,425,ENABLED,0,0,DISABLED
1151800427,Al-Fath Laundry,Store Active,Alexandria,Al Iskandarīyah,00000,DEX5,M T W T _ S S,6MMAS4FMTZII6HFGRBWUG12LN9WTSORSDA2CDSROSTW9NLDPXTQ2EIA2OXYV4SXB,"31.234128579049116,29.96302675379509",1,375 METRE,5 May 2025 06:07:46 GMT,WEDNESDAY,SW2,50,425,DISABLED,0,0,DISABLED
1151800427,Al-Fath Laundry,Store Active,Alexandria,Al Iskandarīyah,00000,DEX5,M T W T _ S S,6MMAS4FMTZII6HFGRBWUG12LN9WTSORSDA2CDSROSTW9NLDPXTQ2EIA2OXYV4SXB,"31.234128579049116,29.96302675379509",1,375 METRE,5 May 2025 06:07:46 GMT,THURSDAY,SW1,50,425,ENABLED,0,0,DISABLED
1151800427,Al-Fath Laundry,Store Active,Alexandria,Al Iskandarīyah,00000,DEX5,M T W T _ S S,6MMAS4FMTZII6HFGRBWUG12LN9WTSORSDA2CDSROSTW9NLDPXTQ2EIA2OXYV4SXB,"31.234128579049116,29.96302675379509",1,375 METRE,5 May 2025 06:07:46 GMT,THURSDAY,SW2,50,425,DISABLED,0,0,DISABLED
1151800427,Al-Fath Laundry,Store Active,Alexandria,Al Iskandarīyah,00000,DEX5,M T W T _ S S,6MMAS4FMTZII6HFGRBWUG12LN9WTSORSDA2CDSROSTW9NLDPXTQ2EIA2OXYV4SXB,"31.234128579049116,29.96302675379509",1,375 METRE,5 May 2025 06:07:46 GMT,FRIDAY,SW1,50,425,ENABLED,0,0,DISABLED
1151800427,Al-Fath Laundry,Store Active,Alexandria,Al Iskandarīyah,00000,DEX5,M T W T _ S S,6MMAS4FMTZII6HFGRBWUG12LN9WTSORSDA2CDSROSTW9NLDPXTQ2EIA2OXYV4SXB,"31.234128579049116,29.96302675379509",1,375 METRE,5 May 2025 06:07:46 GMT,FRIDAY,SW2,50,425,DISABLED,0,0,DISABLED
1151800427,Al-Fath Laundry,Store Active,Alexandria,Al Iskandarīyah,00000,DEX5,M T W T _ S S,6MMAS4FMTZII6HFGRBWUG12LN9WTSORSDA2CDSROSTW9NLDPXTQ2EIA2OXYV4SXB,"31.234128579049116,29.96302675379509",1,375 METRE,5 May 2025 06:07:46 GMT,SATURDAY,SW1,50,425,ENABLED,0,0,DISABLED
1151800427,Al-Fath Laundry,Store Active,Alexandria,Al Iskandarīyah,00000,DEX5,M T W T _ S S,6MMAS4FMTZII6HFGRBWUG12LN9WTSORSDA2CDSROSTW9NLDPXTQ2EIA2OXYV4SXB,"31.234128579049116,29.96302675379509",1,375 METRE,5 May 2025 06:07:46 GMT,SATURDAY,SW2,50,425,DISABLED,0,0,DISABLED
1151800427,Al-Fath Laundry,Store Active,Alexandria,Al Iskandarīyah,00000,DEX5,M T W T _ S S,6MMAS4FMTZII6HFGRBWUG12LN9WTSORSDA2CDSROSTW9NLDPXTQ2EIA2OXYV4SXB,"31.234128579049116,29.96302675379509",1,375 METRE,5 May 2025 06:07:46 GMT,SUNDAY,SW1,50,425,ENABLED,0,0,DISABLED
1151800427,Al-Fath Laundry,Store Active,Alexandria,Al Iskandarīyah,00000,DEX5,M T W T _ S S,6MMAS4FMTZII6HFGRBWUG12LN9WTSORSDA2CDSROSTW9NLDPXTQ2EIA2OXYV4SXB,"31.234128579049116,29.96302675379509",1,375 METRE,5 May 2025 06:07:46 GMT,SUNDAY,SW2,50,425,DISABLED,0,0,DISABLED
2960600661,Turkey,Store Inactive,Alexandria,Al Iskandarīyah,00000,DEX5,M T W T _ S S,KVPRZK2PPPHZG5Z443QMG12LN9WTSORSDA2CDSROSTW9NLDPXTQ2EIA2OXJVTC3E,"31.229028120838652,29.951314696172815",1,375 METRE,NA,MONDAY,SW1,0,425,ENABLED,0,0,DISABLED
2960600661,Turkey,Store Inactive,Alexandria,Al Iskandarīyah,00000,DEX5,M T W T _ S S,KVPRZK2PPPHZG5Z443QMG12LN9WTSORSDA2CDSROSTW9NLDPXTQ2EIA2OXJVTC3E,"31.229028120838652,29.951314696172815",1,375 METRE,NA,MONDAY,SW2,0,425,DISABLED,0,0,DISABLED
2960600661,Turkey,Store Inactive,Alexandria,Al Iskandarīyah,00000,DEX5,M T W T _ S S,KVPRZK2PPPHZG5Z443QMG12LN9WTSORSDA2CDSROSTW9NLDPXTQ2EIA2OXJVTC3E,"31.229028120838652,29.951314696172815",1,375 METRE,NA,TUESDAY,SW1,0,425,ENABLED,0,0,DISABLED
2960600661,Turkey,Store Inactive,Alexandria,Al Iskandarīyah,00000,DEX5,M T W T _ S S,KVPRZK2PPPHZG5Z443QMG12LN9WTSORSDA2CDSROSTW9NLDPXTQ2EIA2OXJVTC3E,"31.229028120838652,29.951314696172815",1,375 METRE,NA,TUESDAY,SW2,0,425,DISABLED,0,0,DISABLED
2960600661,Turkey,Store Inactive,Alexandria,Al Iskandarīyah,00000,DEX5,M T W T _ S S,KVPRZK2PPPHZG5Z443QMG12LN9WTSORSDA2CDSROSTW9NLDPXTQ2EIA2OXJVTC3E,"31.229028120838652,29.951314696172815",1,375 METRE,NA,WEDNESDAY,SW1,0,425,ENABLED,0,0,DISABLED
2960600661,Turkey,Store Inactive,Alexandria,Al Iskandarīyah,00000,DEX5,M T W T _ S S,KVPRZK2PPPHZG5Z443QMG12LN9WTSORSDA2CDSROSTW9NLDPXTQ2EIA2OXJVTC3E,"31.229028120838652,29.951314696172815",1,375 METRE,NA,WEDNESDAY,SW2,0,425,DISABLED,0,0,DISABLED
2960600661,Turkey,Store Inactive,Alexandria,Al Iskandarīyah,00000,DEX5,M T W T _ S S,KVPRZK2PPPHZG5Z443QMG12LN9WTSORSDA2CDSROSTW9NLDPXTQ2EIA2OXJVTC3E,"31.229028120838652,29.951314696172815",1,375 METRE,NA,THURSDAY,SW1,0,425,ENABLED,0,0,DISABLED
2960600661,Turkey,Store Inactive,Alexandria,Al Iskandarīyah,00000,DEX5,M T W T _ S S,KVPRZK2PPPHZG5Z443QMG12LN9WTSORSDA2CDSROSTW9NLDPXTQ2EIA2OXJVTC3E,"31.229028120838652,29.951314696172815",1,375 METRE,NA,THURSDAY,SW2,0,425,DISABLED,0,0,DISABLED
2960600661,Turkey,Store Inactive,Alexandria,Al Iskandarīyah,00000,DEX5,M T W T _ S S,KVPRZK2PPPHZG5Z443QMG12LN9WTSORSDA2CDSROSTW9NLDPXTQ2EIA2OXJVTC3E,"31.229028120838652,29.951314696172815",1,375 METRE,NA,FRIDAY,SW1,0,425,ENABLED,0,0,DISABLED
2960600661,Turkey,Store Inactive,Alexandria,Al Iskandarīyah,00000,DEX5,M T W T _ S S,KVPRZK2PPPHZG5Z443QMG12LN9WTSORSDA2CDSROSTW9NLDPXTQ2EIA2OXJVTC3E,"31.229028120838652,29.951314696172815",1,375 METRE,NA,FRIDAY,SW2,0,425,DISABLED,0,0,DISABLED
2960600661,Turkey,Store Inactive,Alexandria,Al Iskandarīyah,00000,DEX5,M T W T _ S S,KVPRZK2PPPHZG5Z443QMG12LN9WTSORSDA2CDSROSTW9NLDPXTQ2EIA2OXJVTC3E,"31.229028120838652,29.951314696172815",1,375 METRE,NA,SATURDAY,SW1,0,425,ENABLED,0,0,DISABLED
2960600661,Turkey,Store Inactive,Alexandria,Al Iskandarīyah,00000,DEX5,M T W T _ S S,KVPRZK2PPPHZG5Z443QMG12LN9WTSORSDA2CDSROSTW9NLDPXTQ2EIA2OXJVTC3E,"31.229028120838652,29.951314696172815",1,375 METRE,NA,SATURDAY,SW2,0,425,DISABLED,0,0,DISABLED
2960600661,Turkey,Store Inactive,Alexandria,Al Iskandarīyah,00000,DEX5,M T W T _ S S,KVPRZK2PPPHZG5Z443QMG12LN9WTSORSDA2CDSROSTW9NLDPXTQ2EIA2OXJVTC3E,"31.229028120838652,29.951314696172815",1,375 METRE,NA,SUNDAY,SW1,0,425,ENABLED,0,0,DISABLED
2960600661,Turkey,Store Inactive,Alexandria,Al Iskandarīyah,00000,DEX5,M T W T _ S S,KVPRZK2PPPHZG5Z443QMG12LN9WTSORSDA2CDSROSTW9NLDPXTQ2EIA2OXJVTC3E,"31.229028120838652,29.951314696172815",1,375 METRE,NA,SUNDAY,SW2,0,425,DISABLED,0,0,DISABLED
3221758880,Pet food,Store Active,Alexandria,Al Iskandarīyah,00000,DEX5,M T W T _ S S,AI3EWPAVESTWRYLHLGSQG12LN9WTSORSDA2CDSROSTW9NLDPXTQ2EIA2OXY3CGZS,"31.20859998599882,29.928863346348383",1,375 METRE,30 Jun 2025 14:42:54 GMT,MONDAY,SW1,50,425,ENABLED,0,0,DISABLED
3221758880,Pet food,Store Active,Alexandria,Al Iskandarīyah,00000,DEX5,M T W T _ S S,AI3EWPAVESTWRYLHLGSQG12LN9WTSORSDA2CDSROSTW9NLDPXTQ2EIA2OXY3CGZS,"31.20859998599882,29.928863346348383",1,375 METRE,30 Jun 2025 14:42:54 GMT,MONDAY,SW2,50,425,DISABLED,0,0,DISABLED
3221758880,Pet food,Store Active,Alexandria,Al Iskandarīyah,00000,DEX5,M T W T _ S S,AI3EWPAVESTWRYLHLGSQG12LN9WTSORSDA2CDSROSTW9NLDPXTQ2EIA2OXY3CGZS,"31.20859998599882,29.928863346348383",1,375 METRE,30 Jun 2025 14:42:54 GMT,TUESDAY,SW1,50,425,ENABLED,0,0,DISABLED
3221758880,Pet food,Store Active,Alexandria,Al Iskandarīyah,00000,DEX5,M T W T _ S S,AI3EWPAVESTWRYLHLGSQG12LN9WTSORSDA2CDSROSTW9NLDPXTQ2EIA2OXY3CGZS,"31.20859998599882,29.928863346348383",1,375 METRE,30 Jun 2025 14:42:54 GMT,TUESDAY,SW2,50,425,DISABLED,0,0,DISABLED
3221758880,Pet food,Store Active,Alexandria,Al Iskandarīyah,00000,DEX5,M T W T _ S S,AI3EWPAVESTWRYLHLGSQG12LN9WTSORSDA2CDSROSTW9NLDPXTQ2EIA2OXY3CGZS,"31.20859998599882,29.928863346348383",1,375 METRE,30 Jun 2025 14:42:54 GMT,WEDNESDAY,SW1,50,425,ENABLED,0,0,DISABLED
3221758880,Pet food,Store Active,Alexandria,Al Iskandarīyah,00000,DEX5,M T W T _ S S,AI3EWPAVESTWRYLHLGSQG12LN9WTSORSDA2CDSROSTW9NLDPXTQ2EIA2OXY3CGZS,"31.20859998599882,29.928863346348383",1,375 METRE,30 Jun 2025 14:42:54 GMT,WEDNESDAY,SW2,50,425,DISABLED,0,0,DISABLED
3221758880,Pet food,Store Active,Alexandria,Al Iskandarīyah,00000,DEX5,M T W T _ S S,AI3EWPAVESTWRYLHLGSQG12LN9WTSORSDA2CDSROSTW9NLDPXTQ2EIA2OXY3CGZS,"31.20859998599882,29.928863346348383",1,375 METRE,30 Jun 2025 14:42:54 GMT,THURSDAY,SW1,50,425,ENABLED,0,0,DISABLED
3221758880,Pet food,Store Active,Alexandria,Al Iskandarīyah,00000,DEX5,M T W T _ S S,AI3EWPAVESTWRYLHLGSQG12LN9WTSORSDA2CDSROSTW9NLDPXTQ2EIA2OXY3CGZS,"31.20859998599882,29.928863346348383",1,375 METRE,30 Jun 2025 14:42:54 GMT,THURSDAY,SW2,50,425,DISABLED,0,0,DISABLED
3221758880,Pet food,Store Active,Alexandria,Al Iskandarīyah,00000,DEX5,M T W T _ S S,AI3EWPAVESTWRYLHLGSQG12LN9WTSORSDA2CDSROSTW9NLDPXTQ2EIA2OXY3CGZS,"31.20859998599882,29.928863346348383",1,375 METRE,30 Jun 2025 14:42:54 GMT,FRIDAY,SW1,50,425,ENABLED,0,0,DISABLED
3221758880,Pet food,Store Active,Alexandria,Al Iskandarīyah,00000,DEX5,M T W T _ S S,AI3EWPAVESTWRYLHLGSQG12LN9WTSORSDA2CDSROSTW9NLDPXTQ2EIA2OXY3CGZS,"31.20859998599882,29.928863346348383",1,375 METRE,30 Jun 2025 14:42:54 GMT,FRIDAY,SW2,50,425,DISABLED,0,0,DISABLED
3221758880,Pet food,Store Active,Alexandria,Al Iskandarīyah,00000,DEX5,M T W T _ S S,AI3EWPAVESTWRYLHLGSQG12LN9WTSORSDA2CDSROSTW9NLDPXTQ2EIA2OXY3CGZS,"31.20859998599882,29.928863346348383",1,375 METRE,30 Jun 2025 14:42:54 GMT,SATURDAY,SW1,50,425,ENABLED,0,0,DISABLED
3221758880,Pet food,Store Active,Alexandria,Al Iskandarīyah,00000,DEX5,M T W T _ S S,AI3EWPAVESTWRYLHLGSQG12LN9WTSORSDA2CDSROSTW9NLDPXTQ2EIA2OXY3CGZS,"31.20859998599882,29.928863346348383",1,375 METRE,30 Jun 2025 14:42:54 GMT,SATURDAY,SW2,50,425,DISABLED,0,0,DISABLED
3221758880,Pet food,Store Active,Alexandria,Al Iskandarīyah,00000,DEX5,M T W T _ S S,AI3EWPAVESTWRYLHLGSQG12LN9WTSORSDA2CDSROSTW9NLDPXTQ2EIA2OXY3CGZS,"31.20859998599882,29.928863346348383",1,375 METRE,30 Jun 2025 14:42:54 GMT,SUNDAY,SW1,50,425,ENABLED,0,0,DISABLED
3221758880,Pet food,Store Active,Alexandria,Al Iskandarīyah,00000,DEX5,M T W T _ S S,AI3EWPAVESTWRYLHLGSQG12LN9WTSORSDA2CDSROSTW9NLDPXTQ2EIA2OXY3CGZS,"31.20859998599882,29.928863346348383",1,375 METRE,30 Jun 2025 14:42:54 GMT,SUNDAY,SW2,50,425,DISABLED,0,0,DISABLED
3182541476,Perfect,Store Active,Alexandria,Al Iskandarīyah,00000,DEX5,M T W T _ S S,2CVOJOC3VZKKERKLMQV4G12LN9WTSORSDA2CDSROSTW9NLDPXTQ2EIA2OXKITGBV,"31.233114651025588,29.96251108465785",1,500 METRE,19 May 2026 09:15:42 GMT,MONDAY,SW1,25,550,ENABLED,0,0,DISABLED
3182541476,Perfect,Store Active,Alexandria,Al Iskandarīyah,00000,DEX5,M T W T _ S S,2CVOJOC3VZKKERKLMQV4G12LN9WTSORSDA2CDSROSTW9NLDPXTQ2EIA2OXKITGBV,"31.233114651025588,29.96251108465785",1,500 METRE,19 May 2026 09:15:42 GMT,MONDAY,SW2,25,550,DISABLED,0,0,DISABLED
3182541476,Perfect,Store Active,Alexandria,Al Iskandarīyah,00000,DEX5,M T W T _ S S,2CVOJOC3VZKKERKLMQV4G12LN9WTSORSDA2CDSROSTW9NLDPXTQ2EIA2OXKITGBV,"31.233114651025588,29.96251108465785",1,500 METRE,19 May 2026 09:15:42 GMT,TUESDAY,SW1,25,550,ENABLED,0,0,DISABLED
3182541476,Perfect,Store Active,Alexandria,Al Iskandarīyah,00000,DEX5,M T W T _ S S,2CVOJOC3VZKKERKLMQV4G12LN9WTSORSDA2CDSROSTW9NLDPXTQ2EIA2OXKITGBV,"31.233114651025588,29.96251108465785",1,500 METRE,19 May 2026 09:15:42 GMT,TUESDAY,SW2,25,550,DISABLED,0,0,DISABLED
3182541476,Perfect,Store Active,Alexandria,Al Iskandarīyah,00000,DEX5,M T W T _ S S,2CVOJOC3VZKKERKLMQV4G12LN9WTSORSDA2CDSROSTW9NLDPXTQ2EIA2OXKITGBV,"31.233114651025588,29.96251108465785",1,500 METRE,19 May 2026 09:15:42 GMT,WEDNESDAY,SW1,25,550,ENABLED,0,0,DISABLED
3182541476,Perfect,Store Active,Alexandria,Al Iskandarīyah,00000,DEX5,M T W T _ S S,2CVOJOC3VZKKERKLMQV4G12LN9WTSORSDA2CDSROSTW9NLDPXTQ2EIA2OXKITGBV,"31.233114651025588,29.96251108465785",1,500 METRE,19 May 2026 09:15:42 GMT,WEDNESDAY,SW2,25,550,DISABLED,0,0,DISABLED
3182541476,Perfect,Store Active,Alexandria,Al Iskandarīyah,00000,DEX5,M T W T _ S S,2CVOJOC3VZKKERKLMQV4G12LN9WTSORSDA2CDSROSTW9NLDPXTQ2EIA2OXKITGBV,"31.233114651025588,29.96251108465785",1,500 METRE,19 May 2026 09:15:42 GMT,THURSDAY,SW1,25,550,ENABLED,0,0,DISABLED
3182541476,Perfect,Store Active,Alexandria,Al Iskandarīyah,00000,DEX5,M T W T _ S S,2CVOJOC3VZKKERKLMQV4G12LN9WTSORSDA2CDSROSTW9NLDPXTQ2EIA2OXKITGBV,"31.233114651025588,29.96251108465785",1,500 METRE,19 May 2026 09:15:42 GMT,THURSDAY,SW2,25,550,DISABLED,0,0,DISABLED
3182541476,Perfect,Store Active,Alexandria,Al Iskandarīyah,00000,DEX5,M T W T _ S S,2CVOJOC3VZKKERKLMQV4G12LN9WTSORSDA2CDSROSTW9NLDPXTQ2EIA2OXKITGBV,"31.233114651025588,29.96251108465785",1,500 METRE,19 May 2026 09:15:42 GMT,FRIDAY,SW1,25,550,ENABLED,0,0,DISABLED
3182541476,Perfect,Store Active,Alexandria,Al Iskandarīyah,00000,DEX5,M T W T _ S S,2CVOJOC3VZKKERKLMQV4G12LN9WTSORSDA2CDSROSTW9NLDPXTQ2EIA2OXKITGBV,"31.233114651025588,29.96251108465785",1,500 METRE,19 May 2026 09:15:42 GMT,FRIDAY,SW2,25,550,DISABLED,0,0,DISABLED
3182541476,Perfect,Store Active,Alexandria,Al Iskandarīyah,00000,DEX5,M T W T _ S S,2CVOJOC3VZKKERKLMQV4G12LN9WTSORSDA2CDSROSTW9NLDPXTQ2EIA2OXKITGBV,"31.233114651025588,29.96251108465785",1,500 METRE,19 May 2026 09:15:42 GMT,SATURDAY,SW1,25,550,ENABLED,0,0,DISABLED
3182541476,Perfect,Store Active,Alexandria,Al Iskandarīyah,00000,DEX5,M T W T _ S S,2CVOJOC3VZKKERKLMQV4G12LN9WTSORSDA2CDSROSTW9NLDPXTQ2EIA2OXKITGBV,"31.233114651025588,29.96251108465785",1,500 METRE,19 May 2026 09:15:42 GMT,SATURDAY,SW2,25,550,DISABLED,0,0,DISABLED
3182541476,Perfect,Store Active,Alexandria,Al Iskandarīyah,00000,DEX5,M T W T _ S S,2CVOJOC3VZKKERKLMQV4G12LN9WTSORSDA2CDSROSTW9NLDPXTQ2EIA2OXKITGBV,"31.233114651025588,29.96251108465785",1,500 METRE,19 May 2026 09:15:42 GMT,SUNDAY,SW1,25,550,ENABLED,0,0,DISABLED
3182541476,Perfect,Store Active,Alexandria,Al Iskandarīyah,00000,DEX5,M T W T _ S S,2CVOJOC3VZKKERKLMQV4G12LN9WTSORSDA2CDSROSTW9NLDPXTQ2EIA2OXKITGBV,"31.233114651025588,29.96251108465785",1,500 METRE,19 May 2026 09:15:42 GMT,SUNDAY,SW2,25,550,DISABLED,0,0,DISABLED
1228844307,مكتبة ورقه وقلم,Store Inactive,smouha,Al Iskandarīyah,00000,DEX5,M T W T _ S S,ZC5JGDFV2BWT4MRQDK3EG12LN9WTSORSDA2CDSROSTW9NLDPXTQ2EQA2OX3HLESF,"31.20822305,29.9522157",1,375 METRE,NA,MONDAY,SW1,0,425,ENABLED,0,0,DISABLED
1228844307,مكتبة ورقه وقلم,Store Inactive,smouha,Al Iskandarīyah,00000,DEX5,M T W T _ S S,ZC5JGDFV2BWT4MRQDK3EG12LN9WTSORSDA2CDSROSTW9NLDPXTQ2EQA2OX3HLESF,"31.20822305,29.9522157",1,375 METRE,NA,MONDAY,SW2,0,425,DISABLED,0,0,DISABLED
1228844307,مكتبة ورقه وقلم,Store Inactive,smouha,Al Iskandarīyah,00000,DEX5,M T W T _ S S,ZC5JGDFV2BWT4MRQDK3EG12LN9WTSORSDA2CDSROSTW9NLDPXTQ2EQA2OX3HLESF,"31.20822305,29.9522157",1,375 METRE,NA,TUESDAY,SW1,0,425,ENABLED,0,0,DISABLED
1228844307,مكتبة ورقه وقلم,Store Inactive,smouha,Al Iskandarīyah,00000,DEX5,M T W T _ S S,ZC5JGDFV2BWT4MRQDK3EG12LN9WTSORSDA2CDSROSTW9NLDPXTQ2EQA2OX3HLESF,"31.20822305,29.9522157",1,375 METRE,NA,TUESDAY,SW2,0,425,DISABLED,0,0,DISABLED
1228844307,مكتبة ورقه وقلم,Store Inactive,smouha,Al Iskandarīyah,00000,DEX5,M T W T _ S S,ZC5JGDFV2BWT4MRQDK3EG12LN9WTSORSDA2CDSROSTW9NLDPXTQ2EQA2OX3HLESF,"31.20822305,29.9522157",1,375 METRE,NA,WEDNESDAY,SW1,0,425,ENABLED,0,0,DISABLED
1228844307,مكتبة ورقه وقلم,Store Inactive,smouha,Al Iskandarīyah,00000,DEX5,M T W T _ S S,ZC5JGDFV2BWT4MRQDK3EG12LN9WTSORSDA2CDSROSTW9NLDPXTQ2EQA2OX3HLESF,"31.20822305,29.9522157",1,375 METRE,NA,WEDNESDAY,SW2,0,425,DISABLED,0,0,DISABLED
1228844307,مكتبة ورقه وقلم,Store Inactive,smouha,Al Iskandarīyah,00000,DEX5,M T W T _ S S,ZC5JGDFV2BWT4MRQDK3EG12LN9WTSORSDA2CDSROSTW9NLDPXTQ2EQA2OX3HLESF,"31.20822305,29.9522157",1,375 METRE,NA,THURSDAY,SW1,0,425,ENABLED,0,0,DISABLED
1228844307,مكتبة ورقه وقلم,Store Inactive,smouha,Al Iskandarīyah,00000,DEX5,M T W T _ S S,ZC5JGDFV2BWT4MRQDK3EG12LN9WTSORSDA2CDSROSTW9NLDPXTQ2EQA2OX3HLESF,"31.20822305,29.9522157",1,375 METRE,NA,THURSDAY,SW2,0,425,DISABLED,0,0,DISABLED
1228844307,مكتبة ورقه وقلم,Store Inactive,smouha,Al Iskandarīyah,00000,DEX5,M T W T _ S S,ZC5JGDFV2BWT4MRQDK3EG12LN9WTSORSDA2CDSROSTW9NLDPXTQ2EQA2OX3HLESF,"31.20822305,29.9522157",1,375 METRE,NA,FRIDAY,SW1,0,425,ENABLED,0,0,DISABLED
1228844307,مكتبة ورقه وقلم,Store Inactive,smouha,Al Iskandarīyah,00000,DEX5,M T W T _ S S,ZC5JGDFV2BWT4MRQDK3EG12LN9WTSORSDA2CDSROSTW9NLDPXTQ2EQA2OX3HLESF,"31.20822305,29.9522157",1,375 METRE,NA,FRIDAY,SW2,0,425,DISABLED,0,0,DISABLED
1228844307,مكتبة ورقه وقلم,Store Inactive,smouha,Al Iskandarīyah,00000,DEX5,M T W T _ S S,ZC5JGDFV2BWT4MRQDK3EG12LN9WTSORSDA2CDSROSTW9NLDPXTQ2EQA2OX3HLESF,"31.20822305,29.9522157",1,375 METRE,NA,SATURDAY,SW1,0,425,ENABLED,0,0,DISABLED
1228844307,مكتبة ورقه وقلم,Store Inactive,smouha,Al Iskandarīyah,00000,DEX5,M T W T _ S S,ZC5JGDFV2BWT4MRQDK3EG12LN9WTSORSDA2CDSROSTW9NLDPXTQ2EQA2OX3HLESF,"31.20822305,29.9522157",1,375 METRE,NA,SATURDAY,SW2,0,425,DISABLED,0,0,DISABLED
1228844307,مكتبة ورقه وقلم,Store Inactive,smouha,Al Iskandarīyah,00000,DEX5,M T W T _ S S,ZC5JGDFV2BWT4MRQDK3EG12LN9WTSORSDA2CDSROSTW9NLDPXTQ2EQA2OX3HLESF,"31.20822305,29.9522157",1,375 METRE,NA,SUNDAY,SW1,0,425,ENABLED,0,0,DISABLED
1228844307,مكتبة ورقه وقلم,Store Inactive,smouha,Al Iskandarīyah,00000,DEX5,M T W T _ S S,ZC5JGDFV2BWT4MRQDK3EG12LN9WTSORSDA2CDSROSTW9NLDPXTQ2EQA2OX3HLESF,"31.20822305,29.9522157",1,375 METRE,NA,SUNDAY,SW2,0,425,DISABLED,0,0,DISABLED
7384025292,فكهانى اانصر,Store Inactive,Alexandria,Al Iskandarīyah,00000,DEX5,M T W T _ S S,TFVQC77GB4NYJHVGZW4UG12LN9WTSORSDA2CDSROSTW9NLDPXTQ2EIA2OXSTS24E,"31.227350010487022,29.951012915776882",1,400 METRE,NA,MONDAY,SW1,0,450,ENABLED,0,0,DISABLED
7384025292,فكهانى اانصر,Store Inactive,Alexandria,Al Iskandarīyah,00000,DEX5,M T W T _ S S,TFVQC77GB4NYJHVGZW4UG12LN9WTSORSDA2CDSROSTW9NLDPXTQ2EIA2OXSTS24E,"31.227350010487022,29.951012915776882",1,400 METRE,NA,MONDAY,SW2,0,450,DISABLED,0,0,DISABLED
7384025292,فكهانى اانصر,Store Inactive,Alexandria,Al Iskandarīyah,00000,DEX5,M T W T _ S S,TFVQC77GB4NYJHVGZW4UG12LN9WTSORSDA2CDSROSTW9NLDPXTQ2EIA2OXSTS24E,"31.227350010487022,29.951012915776882",1,400 METRE,NA,TUESDAY,SW1,0,450,ENABLED,0,0,DISABLED
7384025292,فكهانى اانصر,Store Inactive,Alexandria,Al Iskandarīyah,00000,DEX5,M T W T _ S S,TFVQC77GB4NYJHVGZW4UG12LN9WTSORSDA2CDSROSTW9NLDPXTQ2EIA2OXSTS24E,"31.227350010487022,29.951012915776882",1,400 METRE,NA,TUESDAY,SW2,0,450,DISABLED,0,0,DISABLED
7384025292,فكهانى اانصر,Store Inactive,Alexandria,Al Iskandarīyah,00000,DEX5,M T W T _ S S,TFVQC77GB4NYJHVGZW4UG12LN9WTSORSDA2CDSROSTW9NLDPXTQ2EIA2OXSTS24E,"31.227350010487022,29.951012915776882",1,400 METRE,NA,WEDNESDAY,SW1,0,450,ENABLED,0,0,DISABLED
7384025292,فكهانى اانصر,Store Inactive,Alexandria,Al Iskandarīyah,00000,DEX5,M T W T _ S S,TFVQC77GB4NYJHVGZW4UG12LN9WTSORSDA2CDSROSTW9NLDPXTQ2EIA2OXSTS24E,"31.227350010487022,29.951012915776882",1,400 METRE,NA,WEDNESDAY,SW2,0,450,DISABLED,0,0,DISABLED
7384025292,فكهانى اانصر,Store Inactive,Alexandria,Al Iskandarīyah,00000,DEX5,M T W T _ S S,TFVQC77GB4NYJHVGZW4UG12LN9WTSORSDA2CDSROSTW9NLDPXTQ2EIA2OXSTS24E,"31.227350010487022,29.951012915776882",1,400 METRE,NA,THURSDAY,SW1,0,450,ENABLED,0,0,DISABLED
7384025292,فكهانى اانصر,Store Inactive,Alexandria,Al Iskandarīyah,00000,DEX5,M T W T _ S S,TFVQC77GB4NYJHVGZW4UG12LN9WTSORSDA2CDSROSTW9NLDPXTQ2EIA2OXSTS24E,"31.227350010487022,29.951012915776882",1,400 METRE,NA,THURSDAY,SW2,0,450,DISABLED,0,0,DISABLED
7384025292,فكهانى اانصر,Store Inactive,Alexandria,Al Iskandarīyah,00000,DEX5,M T W T _ S S,TFVQC77GB4NYJHVGZW4UG12LN9WTSORSDA2CDSROSTW9NLDPXTQ2EIA2OXSTS24E,"31.227350010487022,29.951012915776882",1,400 METRE,NA,FRIDAY,SW1,0,450,ENABLED,0,0,DISABLED
7384025292,فكهانى اانصر,Store Inactive,Alexandria,Al Iskandarīyah,00000,DEX5,M T W T _ S S,TFVQC77GB4NYJHVGZW4UG12LN9WTSORSDA2CDSROSTW9NLDPXTQ2EIA2OXSTS24E,"31.227350010487022,29.951012915776882",1,400 METRE,NA,FRIDAY,SW2,0,450,DISABLED,0,0,DISABLED
7384025292,فكهانى اانصر,Store Inactive,Alexandria,Al Iskandarīyah,00000,DEX5,M T W T _ S S,TFVQC77GB4NYJHVGZW4UG12LN9WTSORSDA2CDSROSTW9NLDPXTQ2EIA2OXSTS24E,"31.227350010487022,29.951012915776882",1,400 METRE,NA,SATURDAY,SW1,0,450,ENABLED,0,0,DISABLED
7384025292,فكهانى اانصر,Store Inactive,Alexandria,Al Iskandarīyah,00000,DEX5,M T W T _ S S,TFVQC77GB4NYJHVGZW4UG12LN9WTSORSDA2CDSROSTW9NLDPXTQ2EIA2OXSTS24E,"31.227350010487022,29.951012915776882",1,400 METRE,NA,SATURDAY,SW2,0,450,DISABLED,0,0,DISABLED
7384025292,فكهانى اانصر,Store Inactive,Alexandria,Al Iskandarīyah,00000,DEX5,M T W T _ S S,TFVQC77GB4NYJHVGZW4UG12LN9WTSORSDA2CDSROSTW9NLDPXTQ2EIA2OXSTS24E,"31.227350010487022,29.951012915776882",1,400 METRE,NA,SUNDAY,SW1,0,450,ENABLED,0,0,DISABLED
7384025292,فكهانى اانصر,Store Inactive,Alexandria,Al Iskandarīyah,00000,DEX5,M T W T _ S S,TFVQC77GB4NYJHVGZW4UG12LN9WTSORSDA2CDSROSTW9NLDPXTQ2EIA2OXSTS24E,"31.227350010487022,29.951012915776882",1,400 METRE,NA,SUNDAY,SW2,0,450,DISABLED,0,0,DISABLED
5196854048,ماركت عصام,Store Active,alexandria,Al Iskandarīyah,00000,DEX5,M T W T _ S S,H24ZJEJGD5GZ4HB6JXE4G12LN9WTSORSDA2CDSROSTW9NLDPXTQ2EIA2OXIHNA2B,"31.228327,29.946631",0,400 METRE,14 Aug 2026 15:08:45 GMT,MONDAY,SW1,25,450,ENABLED,0,0,DISABLED
5196854048,ماركت عصام,Store Active,alexandria,Al Iskandarīyah,00000,DEX5,M T W T _ S S,H24ZJEJGD5GZ4HB6JXE4G12LN9WTSORSDA2CDSROSTW9NLDPXTQ2EIA2OXIHNA2B,"31.228327,29.946631",0,400 METRE,14 Aug 2026 15:08:45 GMT,MONDAY,SW2,25,450,DISABLED,0,0,DISABLED
5196854048,ماركت عصام,Store Active,alexandria,Al Iskandarīyah,00000,DEX5,M T W T _ S S,H24ZJEJGD5GZ4HB6JXE4G12LN9WTSORSDA2CDSROSTW9NLDPXTQ2EIA2OXIHNA2B,"31.228327,29.946631",0,400 METRE,14 Aug 2026 15:08:45 GMT,TUESDAY,SW1,25,450,ENABLED,0,0,DISABLED
5196854048,ماركت عصام,Store Active,alexandria,Al Iskandarīyah,00000,DEX5,M T W T _ S S,H24ZJEJGD5GZ4HB6JXE4G12LN9WTSORSDA2CDSROSTW9NLDPXTQ2EIA2OXIHNA2B,"31.228327,29.946631",0,400 METRE,14 Aug 2026 15:08:45 GMT,TUESDAY,SW2,25,450,DISABLED,0,0,DISABLED
5196854048,ماركت عصام,Store Active,alexandria,Al Iskandarīyah,00000,DEX5,M T W T _ S S,H24ZJEJGD5GZ4HB6JXE4G12LN9WTSORSDA2CDSROSTW9NLDPXTQ2EIA2OXIHNA2B,"31.228327,29.946631",0,400 METRE,14 Aug 2026 15:08:45 GMT,WEDNESDAY,SW1,25,450,ENABLED,0,0,DISABLED
5196854048,ماركت عصام,Store Active,alexandria,Al Iskandarīyah,00000,DEX5,M T W T _ S S,H24ZJEJGD5GZ4HB6JXE4G12LN9WTSORSDA2CDSROSTW9NLDPXTQ2EIA2OXIHNA2B,"31.228327,29.946631",0,400 METRE,14 Aug 2026 15:08:45 GMT,WEDNESDAY,SW2,25,450,DISABLED,0,0,DISABLED
5196854048,ماركت عصام,Store Active,alexandria,Al Iskandarīyah,00000,DEX5,M T W T _ S S,H24ZJEJGD5GZ4HB6JXE4G12LN9WTSORSDA2CDSROSTW9NLDPXTQ2EIA2OXIHNA2B,"31.228327,29.946631",0,400 METRE,14 Aug 2026 15:08:45 GMT,THURSDAY,SW1,25,450,ENABLED,0,0,DISABLED
5196854048,ماركت عصام,Store Active,alexandria,Al Iskandarīyah,00000,DEX5,M T W T _ S S,H24ZJEJGD5GZ4HB6JXE4G12LN9WTSORSDA2CDSROSTW9NLDPXTQ2EIA2OXIHNA2B,"31.228327,29.946631",0,400 METRE,14 Aug 2026 15:08:45 GMT,THURSDAY,SW2,25,450,DISABLED,0,0,DISABLED
5196854048,ماركت عصام,Store Active,alexandria,Al Iskandarīyah,00000,DEX5,M T W T _ S S,H24ZJEJGD5GZ4HB6JXE4G12LN9WTSORSDA2CDSROSTW9NLDPXTQ2EIA2OXIHNA2B,"31.228327,29.946631",0,400 METRE,14 Aug 2026 15:08:45 GMT,FRIDAY,SW1,25,450,ENABLED,0,0,DISABLED
5196854048,ماركت عصام,Store Active,alexandria,Al Iskandarīyah,00000,DEX5,M T W T _ S S,H24ZJEJGD5GZ4HB6JXE4G12LN9WTSORSDA2CDSROSTW9NLDPXTQ2EIA2OXIHNA2B,"31.228327,29.946631",0,400 METRE,14 Aug 2026 15:08:45 GMT,FRIDAY,SW2,25,450,DISABLED,0,0,DISABLED
5196854048,ماركت عصام,Store Active,alexandria,Al Iskandarīyah,00000,DEX5,M T W T _ S S,H24ZJEJGD5GZ4HB6JXE4G12LN9WTSORSDA2CDSROSTW9NLDPXTQ2EIA2OXIHNA2B,"31.228327,29.946631",0,400 METRE,14 Aug 2026 15:08:45 GMT,SATURDAY,SW1,25,450,ENABLED,0,0,DISABLED
5196854048,ماركت عصام,Store Active,alexandria,Al Iskandarīyah,00000,DEX5,M T W T _ S S,H24ZJEJGD5GZ4HB6JXE4G12LN9WTSORSDA2CDSROSTW9NLDPXTQ2EIA2OXIHNA2B,"31.228327,29.946631",0,400 METRE,14 Aug 2026 15:08:45 GMT,SATURDAY,SW2,25,450,DISABLED,0,0,DISABLED
5196854048,ماركت عصام,Store Active,alexandria,Al Iskandarīyah,00000,DEX5,M T W T _ S S,H24ZJEJGD5GZ4HB6JXE4G12LN9WTSORSDA2CDSROSTW9NLDPXTQ2EIA2OXIHNA2B,"31.228327,29.946631",0,400 METRE,14 Aug 2026 15:08:45 GMT,SUNDAY,SW1,25,450,ENABLED,0,0,DISABLED
5196854048,ماركت عصام,Store Active,alexandria,Al Iskandarīyah,00000,DEX5,M T W T _ S S,H24ZJEJGD5GZ4HB6JXE4G12LN9WTSORSDA2CDSROSTW9NLDPXTQ2EIA2OXIHNA2B,"31.228327,29.946631",0,400 METRE,14 Aug 2026 15:08:45 GMT,SUNDAY,SW2,25,450,DISABLED,0,0,DISABLED
9884842152,bazar fuad,Store Active,alexandria,Al Iskandarīyah,00000,DEX5,M T W T _ S S,CFEK27QHLRMPZLU3OOAEG12LN9WTSORSDA2CDSROSTW9NLDPXTQ2EIA2OXASAVS2,"31.242583846636432,29.975892996268904",1,375 METRE,2 Aug 2026 21:28:21 GMT,MONDAY,SW1,30,425,ENABLED,0,0,DISABLED
9884842152,bazar fuad,Store Active,alexandria,Al Iskandarīyah,00000,DEX5,M T W T _ S S,CFEK27QHLRMPZLU3OOAEG12LN9WTSORSDA2CDSROSTW9NLDPXTQ2EIA2OXASAVS2,"31.242583846636432,29.975892996268904",1,375 METRE,2 Aug 2026 21:28:21 GMT,MONDAY,SW2,1,425,DISABLED,0,0,DISABLED
9884842152,bazar fuad,Store Active,alexandria,Al Iskandarīyah,00000,DEX5,M T W T _ S S,CFEK27QHLRMPZLU3OOAEG12LN9WTSORSDA2CDSROSTW9NLDPXTQ2EIA2OXASAVS2,"31.242583846636432,29.975892996268904",1,375 METRE,2 Aug 2026 21:28:21 GMT,TUESDAY,SW1,30,425,ENABLED,0,0,DISABLED
9884842152,bazar fuad,Store Active,alexandria,Al Iskandarīyah,00000,DEX5,M T W T _ S S,CFEK27QHLRMPZLU3OOAEG12LN9WTSORSDA2CDSROSTW9NLDPXTQ2EIA2OXASAVS2,"31.242583846636432,29.975892996268904",1,375 METRE,2 Aug 2026 21:28:21 GMT,TUESDAY,SW2,1,425,DISABLED,0,0,DISABLED
9884842152,bazar fuad,Store Active,alexandria,Al Iskandarīyah,00000,DEX5,M T W T _ S S,CFEK27QHLRMPZLU3OOAEG12LN9WTSORSDA2CDSROSTW9NLDPXTQ2EIA2OXASAVS2,"31.242583846636432,29.975892996268904",1,375 METRE,2 Aug 2026 21:28:21 GMT,WEDNESDAY,SW1,30,425,ENABLED,0,0,DISABLED
9884842152,bazar fuad,Store Active,alexandria,Al Iskandarīyah,00000,DEX5,M T W T _ S S,CFEK27QHLRMPZLU3OOAEG12LN9WTSORSDA2CDSROSTW9NLDPXTQ2EIA2OXASAVS2,"31.242583846636432,29.975892996268904",1,375 METRE,2 Aug 2026 21:28:21 GMT,WEDNESDAY,SW2,1,425,DISABLED,0,0,DISABLED
9884842152,bazar fuad,Store Active,alexandria,Al Iskandarīyah,00000,DEX5,M T W T _ S S,CFEK27QHLRMPZLU3OOAEG12LN9WTSORSDA2CDSROSTW9NLDPXTQ2EIA2OXASAVS2,"31.242583846636432,29.975892996268904",1,375 METRE,2 Aug 2026 21:28:21 GMT,THURSDAY,SW1,30,425,ENABLED,0,0,DISABLED
9884842152,bazar fuad,Store Active,alexandria,Al Iskandarīyah,00000,DEX5,M T W T _ S S,CFEK27QHLRMPZLU3OOAEG12LN9WTSORSDA2CDSROSTW9NLDPXTQ2EIA2OXASAVS2,"31.242583846636432,29.975892996268904",1,375 METRE,2 Aug 2026 21:28:21 GMT,THURSDAY,SW2,1,425,DISABLED,0,0,DISABLED
9884842152,bazar fuad,Store Active,alexandria,Al Iskandarīyah,00000,DEX5,M T W T _ S S,CFEK27QHLRMPZLU3OOAEG12LN9WTSORSDA2CDSROSTW9NLDPXTQ2EIA2OXASAVS2,"31.242583846636432,29.975892996268904",1,375 METRE,2 Aug 2026 21:28:21 GMT,FRIDAY,SW1,30,425,ENABLED,0,0,DISABLED
9884842152,bazar fuad,Store Active,alexandria,Al Iskandarīyah,00000,DEX5,M T W T _ S S,CFEK27QHLRMPZLU3OOAEG12LN9WTSORSDA2CDSROSTW9NLDPXTQ2EIA2OXASAVS2,"31.242583846636432,29.975892996268904",1,375 METRE,2 Aug 2026 21:28:21 GMT,FRIDAY,SW2,1,425,DISABLED,0,0,DISABLED
9884842152,bazar fuad,Store Active,alexandria,Al Iskandarīyah,00000,DEX5,M T W T _ S S,CFEK27QHLRMPZLU3OOAEG12LN9WTSORSDA2CDSROSTW9NLDPXTQ2EIA2OXASAVS2,"31.242583846636432,29.975892996268904",1,375 METRE,2 Aug 2026 21:28:21 GMT,SATURDAY,SW1,30,425,ENABLED,0,0,DISABLED
9884842152,bazar fuad,Store Active,alexandria,Al Iskandarīyah,00000,DEX5,M T W T _ S S,CFEK27QHLRMPZLU3OOAEG12LN9WTSORSDA2CDSROSTW9NLDPXTQ2EIA2OXASAVS2,"31.242583846636432,29.975892996268904",1,375 METRE,2 Aug 2026 21:28:21 GMT,SATURDAY,SW2,1,425,DISABLED,0,0,DISABLED
9884842152,bazar fuad,Store Active,alexandria,Al Iskandarīyah,00000,DEX5,M T W T _ S S,CFEK27QHLRMPZLU3OOAEG12LN9WTSORSDA2CDSROSTW9NLDPXTQ2EIA2OXASAVS2,"31.242583846636432,29.975892996268904",1,375 METRE,2 Aug 2026 21:28:21 GMT,SUNDAY,SW1,30,425,ENABLED,0,0,DISABLED
9884842152,bazar fuad,Store Active,alexandria,Al Iskandarīyah,00000,DEX5,M T W T _ S S,CFEK27QHLRMPZLU3OOAEG12LN9WTSORSDA2CDSROSTW9NLDPXTQ2EIA2OXASAVS2,"31.242583846636432,29.975892996268904",1,375 METRE,2 Aug 2026 21:28:21 GMT,SUNDAY,SW2,1,425,DISABLED,0,0,DISABLED
9133473426,Misho,Store Active,Alexandria,Al Iskandarīyah,00000,DEX5,M T W T _ S S,TTYNZ2AKZPK5DR4ZEWFQG12LN9WTSORSDA2CDSROSTW9NLDPXTQ2EIA2OXLTTW2E,"31.229778,29.960451",2,400 METRE,25 Apr 2026 11:06:14 GMT,MONDAY,SW1,50,450,ENABLED,0,0,DISABLED
9133473426,Misho,Store Active,Alexandria,Al Iskandarīyah,00000,DEX5,M T W T _ S S,TTYNZ2AKZPK5DR4ZEWFQG12LN9WTSORSDA2CDSROSTW9NLDPXTQ2EIA2OXLTTW2E,"31.229778,29.960451",2,400 METRE,25 Apr 2026 11:06:14 GMT,MONDAY,SW2,50,450,DISABLED,0,0,DISABLED
9133473426,Misho,Store Active,Alexandria,Al Iskandarīyah,00000,DEX5,M T W T _ S S,TTYNZ2AKZPK5DR4ZEWFQG12LN9WTSORSDA2CDSROSTW9NLDPXTQ2EIA2OXLTTW2E,"31.229778,29.960451",2,400 METRE,25 Apr 2026 11:06:14 GMT,TUESDAY,SW1,50,450,ENABLED,0,0,DISABLED
9133473426,Misho,Store Active,Alexandria,Al Iskandarīyah,00000,DEX5,M T W T _ S S,TTYNZ2AKZPK5DR4ZEWFQG12LN9WTSORSDA2CDSROSTW9NLDPXTQ2EIA2OXLTTW2E,"31.229778,29.960451",2,400 METRE,25 Apr 2026 11:06:14 GMT,TUESDAY,SW2,50,450,DISABLED,0,0,DISABLED
9133473426,Misho,Store Active,Alexandria,Al Iskandarīyah,00000,DEX5,M T W T _ S S,TTYNZ2AKZPK5DR4ZEWFQG12LN9WTSORSDA2CDSROSTW9NLDPXTQ2EIA2OXLTTW2E,"31.229778,29.960451",2,400 METRE,25 Apr 2026 11:06:14 GMT,WEDNESDAY,SW1,50,450,ENABLED,0,0,DISABLED
9133473426,Misho,Store Active,Alexandria,Al Iskandarīyah,00000,DEX5,M T W T _ S S,TTYNZ2AKZPK5DR4ZEWFQG12LN9WTSORSDA2CDSROSTW9NLDPXTQ2EIA2OXLTTW2E,"31.229778,29.960451",2,400 METRE,25 Apr 2026 11:06:14 GMT,WEDNESDAY,SW2,50,450,DISABLED,0,0,DISABLED
9133473426,Misho,Store Active,Alexandria,Al Iskandarīyah,00000,DEX5,M T W T _ S S,TTYNZ2AKZPK5DR4ZEWFQG12LN9WTSORSDA2CDSROSTW9NLDPXTQ2EIA2OXLTTW2E,"31.229778,29.960451",2,400 METRE,25 Apr 2026 11:06:14 GMT,THURSDAY,SW1,50,450,ENABLED,0,0,DISABLED
9133473426,Misho,Store Active,Alexandria,Al Iskandarīyah,00000,DEX5,M T W T _ S S,TTYNZ2AKZPK5DR4ZEWFQG12LN9WTSORSDA2CDSROSTW9NLDPXTQ2EIA2OXLTTW2E,"31.229778,29.960451",2,400 METRE,25 Apr 2026 11:06:14 GMT,THURSDAY,SW2,50,450,DISABLED,0,0,DISABLED
9133473426,Misho,Store Active,Alexandria,Al Iskandarīyah,00000,DEX5,M T W T _ S S,TTYNZ2AKZPK5DR4ZEWFQG12LN9WTSORSDA2CDSROSTW9NLDPXTQ2EIA2OXLTTW2E,"31.229778,29.960451",2,400 METRE,25 Apr 2026 11:06:14 GMT,FRIDAY,SW1,50,450,ENABLED,0,0,DISABLED
9133473426,Misho,Store Active,Alexandria,Al Iskandarīyah,00000,DEX5,M T W T _ S S,TTYNZ2AKZPK5DR4ZEWFQG12LN9WTSORSDA2CDSROSTW9NLDPXTQ2EIA2OXLTTW2E,"31.229778,29.960451",2,400 METRE,25 Apr 2026 11:06:14 GMT,FRIDAY,SW2,50,450,DISABLED,0,0,DISABLED
9133473426,Misho,Store Active,Alexandria,Al Iskandarīyah,00000,DEX5,M T W T _ S S,TTYNZ2AKZPK5DR4ZEWFQG12LN9WTSORSDA2CDSROSTW9NLDPXTQ2EIA2OXLTTW2E,"31.229778,29.960451",2,400 METRE,25 Apr 2026 11:06:14 GMT,SATURDAY,SW1,50,450,ENABLED,0,0,DISABLED
9133473426,Misho,Store Active,Alexandria,Al Iskandarīyah,00000,DEX5,M T W T _ S S,TTYNZ2AKZPK5DR4ZEWFQG12LN9WTSORSDA2CDSROSTW9NLDPXTQ2EIA2OXLTTW2E,"31.229778,29.960451",2,400 METRE,25 Apr 2026 11:06:14 GMT,SATURDAY,SW2,50,450,DISABLED,0,0,DISABLED
9133473426,Misho,Store Active,Alexandria,Al Iskandarīyah,00000,DEX5,M T W T _ S S,TTYNZ2AKZPK5DR4ZEWFQG12LN9WTSORSDA2CDSROSTW9NLDPXTQ2EIA2OXLTTW2E,"31.229778,29.960451",2,400 METRE,25 Apr 2026 11:06:14 GMT,SUNDAY,SW1,50,450,ENABLED,0,0,DISABLED
9133473426,Misho,Store Active,Alexandria,Al Iskandarīyah,00000,DEX5,M T W T _ S S,TTYNZ2AKZPK5DR4ZEWFQG12LN9WTSORSDA2CDSROSTW9NLDPXTQ2EIA2OXLTTW2E,"31.229778,29.960451",2,400 METRE,25 Apr 2026 11:06:14 GMT,SUNDAY,SW2,50,450,DISABLED,0,0,DISABLED
5608949960,بلايستيشن فوكس,Store Active,الإسكندرية,Al Iskandarīyah,00000,DEX5,M T W T F S S,ZSNXJTA5FPTBEPXMAZRQG12LN9WTSORSDA2CDSROSTW9NLDPXTQ2EIA2OX6IGRQP,"31.23657244333057,29.958658196272246",2,375 METRE,12 Aug 2024 07:59:47 GMT,MONDAY,SW1,50,425,ENABLED,0,0,DISABLED
5608949960,بلايستيشن فوكس,Store Active,الإسكندرية,Al Iskandarīyah,00000,DEX5,M T W T F S S,ZSNXJTA5FPTBEPXMAZRQG12LN9WTSORSDA2CDSROSTW9NLDPXTQ2EIA2OX6IGRQP,"31.23657244333057,29.958658196272246",2,375 METRE,12 Aug 2024 07:59:47 GMT,MONDAY,SW2,50,425,DISABLED,0,0,DISABLED
5608949960,بلايستيشن فوكس,Store Active,الإسكندرية,Al Iskandarīyah,00000,DEX5,M T W T F S S,ZSNXJTA5FPTBEPXMAZRQG12LN9WTSORSDA2CDSROSTW9NLDPXTQ2EIA2OX6IGRQP,"31.23657244333057,29.958658196272246",2,375 METRE,12 Aug 2024 07:59:47 GMT,TUESDAY,SW1,50,425,ENABLED,0,0,DISABLED
5608949960,بلايستيشن فوكس,Store Active,الإسكندرية,Al Iskandarīyah,00000,DEX5,M T W T F S S,ZSNXJTA5FPTBEPXMAZRQG12LN9WTSORSDA2CDSROSTW9NLDPXTQ2EIA2OX6IGRQP,"31.23657244333057,29.958658196272246",2,375 METRE,12 Aug 2024 07:59:47 GMT,TUESDAY,SW2,50,425,DISABLED,0,0,DISABLED
5608949960,بلايستيشن فوكس,Store Active,الإسكندرية,Al Iskandarīyah,00000,DEX5,M T W T F S S,ZSNXJTA5FPTBEPXMAZRQG12LN9WTSORSDA2CDSROSTW9NLDPXTQ2EIA2OX6IGRQP,"31.23657244333057,29.958658196272246",2,375 METRE,12 Aug 2024 07:59:47 GMT,WEDNESDAY,SW1,50,425,ENABLED,0,0,DISABLED
5608949960,بلايستيشن فوكس,Store Active,الإسكندرية,Al Iskandarīyah,00000,DEX5,M T W T F S S,ZSNXJTA5FPTBEPXMAZRQG12LN9WTSORSDA2CDSROSTW9NLDPXTQ2EIA2OX6IGRQP,"31.23657244333057,29.958658196272246",2,375 METRE,12 Aug 2024 07:59:47 GMT,WEDNESDAY,SW2,50,425,DISABLED,0,0,DISABLED
5608949960,بلايستيشن فوكس,Store Active,الإسكندرية,Al Iskandarīyah,00000,DEX5,M T W T F S S,ZSNXJTA5FPTBEPXMAZRQG12LN9WTSORSDA2CDSROSTW9NLDPXTQ2EIA2OX6IGRQP,"31.23657244333057,29.958658196272246",2,375 METRE,12 Aug 2024 07:59:47 GMT,THURSDAY,SW1,50,425,ENABLED,0,0,DISABLED
5608949960,بلايستيشن فوكس,Store Active,الإسكندرية,Al Iskandarīyah,00000,DEX5,M T W T F S S,ZSNXJTA5FPTBEPXMAZRQG12LN9WTSORSDA2CDSROSTW9NLDPXTQ2EIA2OX6IGRQP,"31.23657244333057,29.958658196272246",2,375 METRE,12 Aug 2024 07:59:47 GMT,THURSDAY,SW2,50,425,DISABLED,0,0,DISABLED
5608949960,بلايستيشن فوكس,Store Active,الإسكندرية,Al Iskandarīyah,00000,DEX5,M T W T F S S,ZSNXJTA5FPTBEPXMAZRQG12LN9WTSORSDA2CDSROSTW9NLDPXTQ2EIA2OX6IGRQP,"31.23657244333057,29.958658196272246",2,375 METRE,12 Aug 2024 07:59:47 GMT,FRIDAY,SW1,50,425,ENABLED,0,0,DISABLED
5608949960,بلايستيشن فوكس,Store Active,الإسكندرية,Al Iskandarīyah,00000,DEX5,M T W T F S S,ZSNXJTA5FPTBEPXMAZRQG12LN9WTSORSDA2CDSROSTW9NLDPXTQ2EIA2OX6IGRQP,"31.23657244333057,29.958658196272246",2,375 METRE,12 Aug 2024 07:59:47 GMT,FRIDAY,SW2,50,425,DISABLED,0,0,DISABLED
5608949960,بلايستيشن فوكس,Store Active,الإسكندرية,Al Iskandarīyah,00000,DEX5,M T W T F S S,ZSNXJTA5FPTBEPXMAZRQG12LN9WTSORSDA2CDSROSTW9NLDPXTQ2EIA2OX6IGRQP,"31.23657244333057,29.958658196272246",2,375 METRE,12 Aug 2024 07:59:47 GMT,SATURDAY,SW1,50,425,ENABLED,0,0,DISABLED
5608949960,بلايستيشن فوكس,Store Active,الإسكندرية,Al Iskandarīyah,00000,DEX5,M T W T F S S,ZSNXJTA5FPTBEPXMAZRQG12LN9WTSORSDA2CDSROSTW9NLDPXTQ2EIA2OX6IGRQP,"31.23657244333057,29.958658196272246",2,375 METRE,12 Aug 2024 07:59:47 GMT,SATURDAY,SW2,50,425,DISABLED,0,0,DISABLED
5608949960,بلايستيشن فوكس,Store Active,الإسكندرية,Al Iskandarīyah,00000,DEX5,M T W T F S S,ZSNXJTA5FPTBEPXMAZRQG12LN9WTSORSDA2CDSROSTW9NLDPXTQ2EIA2OX6IGRQP,"31.23657244333057,29.958658196272246",2,375 METRE,12 Aug 2024 07:59:47 GMT,SUNDAY,SW1,50,425,ENABLED,0,0,DISABLED
5608949960,بلايستيشن فوكس,Store Active,الإسكندرية,Al Iskandarīyah,00000,DEX5,M T W T F S S,ZSNXJTA5FPTBEPXMAZRQG12LN9WTSORSDA2CDSROSTW9NLDPXTQ2EIA2OX6IGRQP,"31.23657244333057,29.958658196272246",2,375 METRE,12 Aug 2024 07:59:47 GMT,SUNDAY,SW2,50,425,DISABLED,0,0,DISABLED
4712586433,الدخاخني,Store Active,الاسكندريه,Al Iskandarīyah,00000,DEX5,_ T W T F S S,NGEXLJYD6PRSIYHHUU4AG12LN9WTSORSDA2CDSROSTW9NLDPXTQ2EIA2OX43FPFK,"31.23909525,29.95632496",1,375 METRE,29 May 2024 14:21:01 GMT,MONDAY,SW1,50,425,ENABLED,0,0,DISABLED
4712586433,الدخاخني,Store Active,الاسكندريه,Al Iskandarīyah,00000,DEX5,_ T W T F S S,NGEXLJYD6PRSIYHHUU4AG12LN9WTSORSDA2CDSROSTW9NLDPXTQ2EIA2OX43FPFK,"31.23909525,29.95632496",1,375 METRE,29 May 2024 14:21:01 GMT,MONDAY,SW2,50,425,DISABLED,0,0,DISABLED
4712586433,الدخاخني,Store Active,الاسكندريه,Al Iskandarīyah,00000,DEX5,_ T W T F S S,NGEXLJYD6PRSIYHHUU4AG12LN9WTSORSDA2CDSROSTW9NLDPXTQ2EIA2OX43FPFK,"31.23909525,29.95632496",1,375 METRE,29 May 2024 14:21:01 GMT,TUESDAY,SW1,50,425,ENABLED,0,0,DISABLED
4712586433,الدخاخني,Store Active,الاسكندريه,Al Iskandarīyah,00000,DEX5,_ T W T F S S,NGEXLJYD6PRSIYHHUU4AG12LN9WTSORSDA2CDSROSTW9NLDPXTQ2EIA2OX43FPFK,"31.23909525,29.95632496",1,375 METRE,29 May 2024 14:21:01 GMT,TUESDAY,SW2,50,425,DISABLED,0,0,DISABLED
4712586433,الدخاخني,Store Active,الاسكندريه,Al Iskandarīyah,00000,DEX5,_ T W T F S S,NGEXLJYD6PRSIYHHUU4AG12LN9WTSORSDA2CDSROSTW9NLDPXTQ2EIA2OX43FPFK,"31.23909525,29.95632496",1,375 METRE,29 May 2024 14:21:01 GMT,WEDNESDAY,SW1,50,425,ENABLED,0,0,DISABLED
4712586433,الدخاخني,Store Active,الاسكندريه,Al Iskandarīyah,00000,DEX5,_ T W T F S S,NGEXLJYD6PRSIYHHUU4AG12LN9WTSORSDA2CDSROSTW9NLDPXTQ2EIA2OX43FPFK,"31.23909525,29.95632496",1,375 METRE,29 May 2024 14:21:01 GMT,WEDNESDAY,SW2,50,425,DISABLED,0,0,DISABLED
4712586433,الدخاخني,Store Active,الاسكندريه,Al Iskandarīyah,00000,DEX5,_ T W T F S S,NGEXLJYD6PRSIYHHUU4AG12LN9WTSORSDA2CDSROSTW9NLDPXTQ2EIA2OX43FPFK,"31.23909525,29.95632496",1,375 METRE,29 May 2024 14:21:01 GMT,THURSDAY,SW1,50,425,ENABLED,0,0,DISABLED
4712586433,الدخاخني,Store Active,الاسكندريه,Al Iskandarīyah,00000,DEX5,_ T W T F S S,NGEXLJYD6PRSIYHHUU4AG12LN9WTSORSDA2CDSROSTW9NLDPXTQ2EIA2OX43FPFK,"31.23909525,29.95632496",1,375 METRE,29 May 2024 14:21:01 GMT,THURSDAY,SW2,50,425,DISABLED,0,0,DISABLED
4712586433,الدخاخني,Store Active,الاسكندريه,Al Iskandarīyah,00000,DEX5,_ T W T F S S,NGEXLJYD6PRSIYHHUU4AG12LN9WTSORSDA2CDSROSTW9NLDPXTQ2EIA2OX43FPFK,"31.23909525,29.95632496",1,375 METRE,29 May 2024 14:21:01 GMT,FRIDAY,SW1,50,425,ENABLED,0,0,DISABLED
4712586433,الدخاخني,Store Active,الاسكندريه,Al Iskandarīyah,00000,DEX5,_ T W T F S S,NGEXLJYD6PRSIYHHUU4AG12LN9WTSORSDA2CDSROSTW9NLDPXTQ2EIA2OX43FPFK,"31.23909525,29.95632496",1,375 METRE,29 May 2024 14:21:01 GMT,FRIDAY,SW2,50,425,DISABLED,0,0,DISABLED
4712586433,الدخاخني,Store Active,الاسكندريه,Al Iskandarīyah,00000,DEX5,_ T W T F S S,NGEXLJYD6PRSIYHHUU4AG12LN9WTSORSDA2CDSROSTW9NLDPXTQ2EIA2OX43FPFK,"31.23909525,29.95632496",1,375 METRE,29 May 2024 14:21:01 GMT,SATURDAY,SW1,50,425,ENABLED,0,0,DISABLED
4712586433,الدخاخني,Store Active,الاسكندريه,Al Iskandarīyah,00000,DEX5,_ T W T F S S,NGEXLJYD6PRSIYHHUU4AG12LN9WTSORSDA2CDSROSTW9NLDPXTQ2EIA2OX43FPFK,"31.23909525,29.95632496",1,375 METRE,29 May 2024 14:21:01 GMT,SATURDAY,SW2,50,425,DISABLED,0,0,DISABLED
4712586433,الدخاخني,Store Active,الاسكندريه,Al Iskandarīyah,00000,DEX5,_ T W T F S S,NGEXLJYD6PRSIYHHUU4AG12LN9WTSORSDA2CDSROSTW9NLDPXTQ2EIA2OX43FPFK,"31.23909525,29.95632496",1,375 METRE,29 May 2024 14:21:01 GMT,SUNDAY,SW1,50,425,ENABLED,0,0,DISABLED
4712586433,الدخاخني,Store Active,الاسكندريه,Al Iskandarīyah,00000,DEX5,_ T W T F S S,NGEXLJYD6PRSIYHHUU4AG12LN9WTSORSDA2CDSROSTW9NLDPXTQ2EIA2OX43FPFK,"31.23909525,29.95632496",1,375 METRE,29 May 2024 14:21:01 GMT,SUNDAY,SW2,50,425,DISABLED,0,0,DISABLED
7484062773,Engiz Services ,Store Active,Alxnadre,Al Iskandarīyah,00000,DEX5,M T W T _ S S,BJU3RVJS2YOIPGPKAAVAG12LN9WTSORSDA2CDSROSTW9NLDPXTQ2EIA2OXPOD5EF,"31.240423323886272,29.97308214030184",1,375 METRE,25 Jun 2025 15:10:52 GMT,MONDAY,SW1,50,425,ENABLED,0,0,DISABLED
7484062773,Engiz Services ,Store Active,Alxnadre,Al Iskandarīyah,00000,DEX5,M T W T _ S S,BJU3RVJS2YOIPGPKAAVAG12LN9WTSORSDA2CDSROSTW9NLDPXTQ2EIA2OXPOD5EF,"31.240423323886272,29.97308214030184",1,375 METRE,25 Jun 2025 15:10:52 GMT,MONDAY,SW2,50,425,DISABLED,0,0,DISABLED
7484062773,Engiz Services ,Store Active,Alxnadre,Al Iskandarīyah,00000,DEX5,M T W T _ S S,BJU3RVJS2YOIPGPKAAVAG12LN9WTSORSDA2CDSROSTW9NLDPXTQ2EIA2OXPOD5EF,"31.240423323886272,29.97308214030184",1,375 METRE,25 Jun 2025 15:10:52 GMT,TUESDAY,SW1,50,425,ENABLED,0,0,DISABLED
7484062773,Engiz Services ,Store Active,Alxnadre,Al Iskandarīyah,00000,DEX5,M T W T _ S S,BJU3RVJS2YOIPGPKAAVAG12LN9WTSORSDA2CDSROSTW9NLDPXTQ2EIA2OXPOD5EF,"31.240423323886272,29.97308214030184",1,375 METRE,25 Jun 2025 15:10:52 GMT,TUESDAY,SW2,50,425,DISABLED,0,0,DISABLED
7484062773,Engiz Services ,Store Active,Alxnadre,Al Iskandarīyah,00000,DEX5,M T W T _ S S,BJU3RVJS2YOIPGPKAAVAG12LN9WTSORSDA2CDSROSTW9NLDPXTQ2EIA2OXPOD5EF,"31.240423323886272,29.97308214030184",1,375 METRE,25 Jun 2025 15:10:52 GMT,WEDNESDAY,SW1,50,425,ENABLED,0,0,DISABLED
7484062773,Engiz Services ,Store Active,Alxnadre,Al Iskandarīyah,00000,DEX5,M T W T _ S S,BJU3RVJS2YOIPGPKAAVAG12LN9WTSORSDA2CDSROSTW9NLDPXTQ2EIA2OXPOD5EF,"31.240423323886272,29.97308214030184",1,375 METRE,25 Jun 2025 15:10:52 GMT,WEDNESDAY,SW2,50,425,DISABLED,0,0,DISABLED
7484062773,Engiz Services ,Store Active,Alxnadre,Al Iskandarīyah,00000,DEX5,M T W T _ S S,BJU3RVJS2YOIPGPKAAVAG12LN9WTSORSDA2CDSROSTW9NLDPXTQ2EIA2OXPOD5EF,"31.240423323886272,29.97308214030184",1,375 METRE,25 Jun 2025 15:10:52 GMT,THURSDAY,SW1,50,425,ENABLED,0,0,DISABLED
7484062773,Engiz Services ,Store Active,Alxnadre,Al Iskandarīyah,00000,DEX5,M T W T _ S S,BJU3RVJS2YOIPGPKAAVAG12LN9WTSORSDA2CDSROSTW9NLDPXTQ2EIA2OXPOD5EF,"31.240423323886272,29.97308214030184",1,375 METRE,25 Jun 2025 15:10:52 GMT,THURSDAY,SW2,50,425,DISABLED,0,0,DISABLED
7484062773,Engiz Services ,Store Active,Alxnadre,Al Iskandarīyah,00000,DEX5,M T W T _ S S,BJU3RVJS2YOIPGPKAAVAG12LN9WTSORSDA2CDSROSTW9NLDPXTQ2EIA2OXPOD5EF,"31.240423323886272,29.97308214030184",1,375 METRE,25 Jun 2025 15:10:52 GMT,FRIDAY,SW1,50,425,ENABLED,0,0,DISABLED
7484062773,Engiz Services ,Store Active,Alxnadre,Al Iskandarīyah,00000,DEX5,M T W T _ S S,BJU3RVJS2YOIPGPKAAVAG12LN9WTSORSDA2CDSROSTW9NLDPXTQ2EIA2OXPOD5EF,"31.240423323886272,29.97308214030184",1,375 METRE,25 Jun 2025 15:10:52 GMT,FRIDAY,SW2,50,425,DISABLED,0,0,DISABLED
7484062773,Engiz Services ,Store Active,Alxnadre,Al Iskandarīyah,00000,DEX5,M T W T _ S S,BJU3RVJS2YOIPGPKAAVAG12LN9WTSORSDA2CDSROSTW9NLDPXTQ2EIA2OXPOD5EF,"31.240423323886272,29.97308214030184",1,375 METRE,25 Jun 2025 15:10:52 GMT,SATURDAY,SW1,50,425,ENABLED,0,0,DISABLED
7484062773,Engiz Services ,Store Active,Alxnadre,Al Iskandarīyah,00000,DEX5,M T W T _ S S,BJU3RVJS2YOIPGPKAAVAG12LN9WTSORSDA2CDSROSTW9NLDPXTQ2EIA2OXPOD5EF,"31.240423323886272,29.97308214030184",1,375 METRE,25 Jun 2025 15:10:52 GMT,SATURDAY,SW2,50,425,DISABLED,0,0,DISABLED
7484062773,Engiz Services ,Store Active,Alxnadre,Al Iskandarīyah,00000,DEX5,M T W T _ S S,BJU3RVJS2YOIPGPKAAVAG12LN9WTSORSDA2CDSROSTW9NLDPXTQ2EIA2OXPOD5EF,"31.240423323886272,29.97308214030184",1,375 METRE,25 Jun 2025 15:10:52 GMT,SUNDAY,SW1,50,425,ENABLED,0,0,DISABLED
7484062773,Engiz Services ,Store Active,Alxnadre,Al Iskandarīyah,00000,DEX5,M T W T _ S S,BJU3RVJS2YOIPGPKAAVAG12LN9WTSORSDA2CDSROSTW9NLDPXTQ2EIA2OXPOD5EF,"31.240423323886272,29.97308214030184",1,375 METRE,25 Jun 2025 15:10:52 GMT,SUNDAY,SW2,50,425,DISABLED,0,0,DISABLED
3990842874,bazar aleumda,Store Active,Alexandria,Al Iskandarīyah,00000,DEX5,M T W T _ S S,OBSWAGJ7MXNTDHZHUL3AG12LN9WTSORSDA2CDSROSTW9NLDPXTQ2EIA2OX4TEVUI,"31.190352758620723,29.93291956738177",2,500 METRE,11 May 2026 13:24:21 GMT,MONDAY,SW1,0,550,ENABLED,0,0,DISABLED
3990842874,bazar aleumda,Store Active,Alexandria,Al Iskandarīyah,00000,DEX5,M T W T _ S S,OBSWAGJ7MXNTDHZHUL3AG12LN9WTSORSDA2CDSROSTW9NLDPXTQ2EIA2OX4TEVUI,"31.190352758620723,29.93291956738177",2,500 METRE,11 May 2026 13:24:21 GMT,MONDAY,SW2,0,550,DISABLED,0,0,DISABLED
3990842874,bazar aleumda,Store Active,Alexandria,Al Iskandarīyah,00000,DEX5,M T W T _ S S,OBSWAGJ7MXNTDHZHUL3AG12LN9WTSORSDA2CDSROSTW9NLDPXTQ2EIA2OX4TEVUI,"31.190352758620723,29.93291956738177",2,500 METRE,11 May 2026 13:24:21 GMT,TUESDAY,SW1,0,550,ENABLED,0,0,DISABLED
3990842874,bazar aleumda,Store Active,Alexandria,Al Iskandarīyah,00000,DEX5,M T W T _ S S,OBSWAGJ7MXNTDHZHUL3AG12LN9WTSORSDA2CDSROSTW9NLDPXTQ2EIA2OX4TEVUI,"31.190352758620723,29.93291956738177",2,500 METRE,11 May 2026 13:24:21 GMT,TUESDAY,SW2,0,550,DISABLED,0,0,DISABLED
3990842874,bazar aleumda,Store Active,Alexandria,Al Iskandarīyah,00000,DEX5,M T W T _ S S,OBSWAGJ7MXNTDHZHUL3AG12LN9WTSORSDA2CDSROSTW9NLDPXTQ2EIA2OX4TEVUI,"31.190352758620723,29.93291956738177",2,500 METRE,11 May 2026 13:24:21 GMT,WEDNESDAY,SW1,0,550,ENABLED,0,0,DISABLED
3990842874,bazar aleumda,Store Active,Alexandria,Al Iskandarīyah,00000,DEX5,M T W T _ S S,OBSWAGJ7MXNTDHZHUL3AG12LN9WTSORSDA2CDSROSTW9NLDPXTQ2EIA2OX4TEVUI,"31.190352758620723,29.93291956738177",2,500 METRE,11 May 2026 13:24:21 GMT,WEDNESDAY,SW2,0,550,DISABLED,0,0,DISABLED
3990842874,bazar aleumda,Store Active,Alexandria,Al Iskandarīyah,00000,DEX5,M T W T _ S S,OBSWAGJ7MXNTDHZHUL3AG12LN9WTSORSDA2CDSROSTW9NLDPXTQ2EIA2OX4TEVUI,"31.190352758620723,29.93291956738177",2,500 METRE,11 May 2026 13:24:21 GMT,THURSDAY,SW1,0,550,ENABLED,0,0,DISABLED
3990842874,bazar aleumda,Store Active,Alexandria,Al Iskandarīyah,00000,DEX5,M T W T _ S S,OBSWAGJ7MXNTDHZHUL3AG12LN9WTSORSDA2CDSROSTW9NLDPXTQ2EIA2OX4TEVUI,"31.190352758620723,29.93291956738177",2,500 METRE,11 May 2026 13:24:21 GMT,THURSDAY,SW2,0,550,DISABLED,0,0,DISABLED
3990842874,bazar aleumda,Store Active,Alexandria,Al Iskandarīyah,00000,DEX5,M T W T _ S S,OBSWAGJ7MXNTDHZHUL3AG12LN9WTSORSDA2CDSROSTW9NLDPXTQ2EIA2OX4TEVUI,"31.190352758620723,29.93291956738177",2,500 METRE,11 May 2026 13:24:21 GMT,FRIDAY,SW1,0,550,ENABLED,0,0,DISABLED
3990842874,bazar aleumda,Store Active,Alexandria,Al Iskandarīyah,00000,DEX5,M T W T _ S S,OBSWAGJ7MXNTDHZHUL3AG12LN9WTSORSDA2CDSROSTW9NLDPXTQ2EIA2OX4TEVUI,"31.190352758620723,29.93291956738177",2,500 METRE,11 May 2026 13:24:21 GMT,FRIDAY,SW2,0,550,DISABLED,0,0,DISABLED
3990842874,bazar aleumda,Store Active,Alexandria,Al Iskandarīyah,00000,DEX5,M T W T _ S S,OBSWAGJ7MXNTDHZHUL3AG12LN9WTSORSDA2CDSROSTW9NLDPXTQ2EIA2OX4TEVUI,"31.190352758620723,29.93291956738177",2,500 METRE,11 May 2026 13:24:21 GMT,SATURDAY,SW1,0,550,ENABLED,0,0,DISABLED
3990842874,bazar aleumda,Store Active,Alexandria,Al Iskandarīyah,00000,DEX5,M T W T _ S S,OBSWAGJ7MXNTDHZHUL3AG12LN9WTSORSDA2CDSROSTW9NLDPXTQ2EIA2OX4TEVUI,"31.190352758620723,29.93291956738177",2,500 METRE,11 May 2026 13:24:21 GMT,SATURDAY,SW2,0,550,DISABLED,0,0,DISABLED
3990842874,bazar aleumda,Store Active,Alexandria,Al Iskandarīyah,00000,DEX5,M T W T _ S S,OBSWAGJ7MXNTDHZHUL3AG12LN9WTSORSDA2CDSROSTW9NLDPXTQ2EIA2OX4TEVUI,"31.190352758620723,29.93291956738177",2,500 METRE,11 May 2026 13:24:21 GMT,SUNDAY,SW1,0,550,ENABLED,0,0,DISABLED
3990842874,bazar aleumda,Store Active,Alexandria,Al Iskandarīyah,00000,DEX5,M T W T _ S S,OBSWAGJ7MXNTDHZHUL3AG12LN9WTSORSDA2CDSROSTW9NLDPXTQ2EIA2OX4TEVUI,"31.190352758620723,29.93291956738177",2,500 METRE,11 May 2026 13:24:21 GMT,SUNDAY,SW2,0,550,DISABLED,0,0,DISABLED
2300403232,DOSY SALON,Store Inactive,Alexandria,Al Iskandarīyah,00000,DEX5,M T W T _ S S,YZP4CEX3EUJXCNDAXCREG12LN9WTSORSDA2CDSROSTW9NLDPXTQ2EIA2OXZA4424,"31.22903564647412,29.949286371163605",1,375 METRE,NA,MONDAY,SW1,0,425,ENABLED,0,0,DISABLED
2300403232,DOSY SALON,Store Inactive,Alexandria,Al Iskandarīyah,00000,DEX5,M T W T _ S S,YZP4CEX3EUJXCNDAXCREG12LN9WTSORSDA2CDSROSTW9NLDPXTQ2EIA2OXZA4424,"31.22903564647412,29.949286371163605",1,375 METRE,NA,MONDAY,SW2,0,425,DISABLED,0,0,DISABLED
2300403232,DOSY SALON,Store Inactive,Alexandria,Al Iskandarīyah,00000,DEX5,M T W T _ S S,YZP4CEX3EUJXCNDAXCREG12LN9WTSORSDA2CDSROSTW9NLDPXTQ2EIA2OXZA4424,"31.22903564647412,29.949286371163605",1,375 METRE,NA,TUESDAY,SW1,0,425,ENABLED,0,0,DISABLED
2300403232,DOSY SALON,Store Inactive,Alexandria,Al Iskandarīyah,00000,DEX5,M T W T _ S S,YZP4CEX3EUJXCNDAXCREG12LN9WTSORSDA2CDSROSTW9NLDPXTQ2EIA2OXZA4424,"31.22903564647412,29.949286371163605",1,375 METRE,NA,TUESDAY,SW2,0,425,DISABLED,0,0,DISABLED
2300403232,DOSY SALON,Store Inactive,Alexandria,Al Iskandarīyah,00000,DEX5,M T W T _ S S,YZP4CEX3EUJXCNDAXCREG12LN9WTSORSDA2CDSROSTW9NLDPXTQ2EIA2OXZA4424,"31.22903564647412,29.949286371163605",1,375 METRE,NA,WEDNESDAY,SW1,0,425,ENABLED,0,0,DISABLED
2300403232,DOSY SALON,Store Inactive,Alexandria,Al Iskandarīyah,00000,DEX5,M T W T _ S S,YZP4CEX3EUJXCNDAXCREG12LN9WTSORSDA2CDSROSTW9NLDPXTQ2EIA2OXZA4424,"31.22903564647412,29.949286371163605",1,375 METRE,NA,WEDNESDAY,SW2,0,425,DISABLED,0,0,DISABLED
2300403232,DOSY SALON,Store Inactive,Alexandria,Al Iskandarīyah,00000,DEX5,M T W T _ S S,YZP4CEX3EUJXCNDAXCREG12LN9WTSORSDA2CDSROSTW9NLDPXTQ2EIA2OXZA4424,"31.22903564647412,29.949286371163605",1,375 METRE,NA,THURSDAY,SW1,0,425,ENABLED,0,0,DISABLED
2300403232,DOSY SALON,Store Inactive,Alexandria,Al Iskandarīyah,00000,DEX5,M T W T _ S S,YZP4CEX3EUJXCNDAXCREG12LN9WTSORSDA2CDSROSTW9NLDPXTQ2EIA2OXZA4424,"31.22903564647412,29.949286371163605",1,375 METRE,NA,THURSDAY,SW2,0,425,DISABLED,0,0,DISABLED
2300403232,DOSY SALON,Store Inactive,Alexandria,Al Iskandarīyah,00000,DEX5,M T W T _ S S,YZP4CEX3EUJXCNDAXCREG12LN9WTSORSDA2CDSROSTW9NLDPXTQ2EIA2OXZA4424,"31.22903564647412,29.949286371163605",1,375 METRE,NA,FRIDAY,SW1,0,425,ENABLED,0,0,DISABLED
2300403232,DOSY SALON,Store Inactive,Alexandria,Al Iskandarīyah,00000,DEX5,M T W T _ S S,YZP4CEX3EUJXCNDAXCREG12LN9WTSORSDA2CDSROSTW9NLDPXTQ2EIA2OXZA4424,"31.22903564647412,29.949286371163605",1,375 METRE,NA,FRIDAY,SW2,0,425,DISABLED,0,0,DISABLED
2300403232,DOSY SALON,Store Inactive,Alexandria,Al Iskandarīyah,00000,DEX5,M T W T _ S S,YZP4CEX3EUJXCNDAXCREG12LN9WTSORSDA2CDSROSTW9NLDPXTQ2EIA2OXZA4424,"31.22903564647412,29.949286371163605",1,375 METRE,NA,SATURDAY,SW1,0,425,ENABLED,0,0,DISABLED
2300403232,DOSY SALON,Store Inactive,Alexandria,Al Iskandarīyah,00000,DEX5,M T W T _ S S,YZP4CEX3EUJXCNDAXCREG12LN9WTSORSDA2CDSROSTW9NLDPXTQ2EIA2OXZA4424,"31.22903564647412,29.949286371163605",1,375 METRE,NA,SATURDAY,SW2,0,425,DISABLED,0,0,DISABLED
2300403232,DOSY SALON,Store Inactive,Alexandria,Al Iskandarīyah,00000,DEX5,M T W T _ S S,YZP4CEX3EUJXCNDAXCREG12LN9WTSORSDA2CDSROSTW9NLDPXTQ2EIA2OXZA4424,"31.22903564647412,29.949286371163605",1,375 METRE,NA,SUNDAY,SW1,0,425,ENABLED,0,0,DISABLED
2300403232,DOSY SALON,Store Inactive,Alexandria,Al Iskandarīyah,00000,DEX5,M T W T _ S S,YZP4CEX3EUJXCNDAXCREG12LN9WTSORSDA2CDSROSTW9NLDPXTQ2EIA2OXZA4424,"31.22903564647412,29.949286371163605",1,375 METRE,NA,SUNDAY,SW2,0,425,DISABLED,0,0,DISABLED
7649403763,طيور النجار,Store Active,alexandria,Al Iskandarīyah,00000,DEX5,M T W T _ S S,W2H7AE7N4GW3ESEN2OYUG12LN9WTSORSDA2CDSROSTW9NLDPXTQ2EIA2OXGWPHGR,"31.202196808191008,29.95879455387946",1,400 METRE,18 Feb 2026 15:46:18 GMT,MONDAY,SW1,50,450,ENABLED,0,0,DISABLED
7649403763,طيور النجار,Store Active,alexandria,Al Iskandarīyah,00000,DEX5,M T W T _ S S,W2H7AE7N4GW3ESEN2OYUG12LN9WTSORSDA2CDSROSTW9NLDPXTQ2EIA2OXGWPHGR,"31.202196808191008,29.95879455387946",1,400 METRE,18 Feb 2026 15:46:18 GMT,MONDAY,SW2,50,450,DISABLED,0,0,DISABLED
7649403763,طيور النجار,Store Active,alexandria,Al Iskandarīyah,00000,DEX5,M T W T _ S S,W2H7AE7N4GW3ESEN2OYUG12LN9WTSORSDA2CDSROSTW9NLDPXTQ2EIA2OXGWPHGR,"31.202196808191008,29.95879455387946",1,400 METRE,18 Feb 2026 15:46:18 GMT,TUESDAY,SW1,50,450,ENABLED,0,0,DISABLED
7649403763,طيور النجار,Store Active,alexandria,Al Iskandarīyah,00000,DEX5,M T W T _ S S,W2H7AE7N4GW3ESEN2OYUG12LN9WTSORSDA2CDSROSTW9NLDPXTQ2EIA2OXGWPHGR,"31.202196808191008,29.95879455387946",1,400 METRE,18 Feb 2026 15:46:18 GMT,TUESDAY,SW2,50,450,DISABLED,0,0,DISABLED
7649403763,طيور النجار,Store Active,alexandria,Al Iskandarīyah,00000,DEX5,M T W T _ S S,W2H7AE7N4GW3ESEN2OYUG12LN9WTSORSDA2CDSROSTW9NLDPXTQ2EIA2OXGWPHGR,"31.202196808191008,29.95879455387946",1,400 METRE,18 Feb 2026 15:46:18 GMT,WEDNESDAY,SW1,50,450,ENABLED,0,0,DISABLED
7649403763,طيور النجار,Store Active,alexandria,Al Iskandarīyah,00000,DEX5,M T W T _ S S,W2H7AE7N4GW3ESEN2OYUG12LN9WTSORSDA2CDSROSTW9NLDPXTQ2EIA2OXGWPHGR,"31.202196808191008,29.95879455387946",1,400 METRE,18 Feb 2026 15:46:18 GMT,WEDNESDAY,SW2,50,450,DISABLED,0,0,DISABLED
7649403763,طيور النجار,Store Active,alexandria,Al Iskandarīyah,00000,DEX5,M T W T _ S S,W2H7AE7N4GW3ESEN2OYUG12LN9WTSORSDA2CDSROSTW9NLDPXTQ2EIA2OXGWPHGR,"31.202196808191008,29.95879455387946",1,400 METRE,18 Feb 2026 15:46:18 GMT,THURSDAY,SW1,50,450,ENABLED,0,0,DISABLED
7649403763,طيور النجار,Store Active,alexandria,Al Iskandarīyah,00000,DEX5,M T W T _ S S,W2H7AE7N4GW3ESEN2OYUG12LN9WTSORSDA2CDSROSTW9NLDPXTQ2EIA2OXGWPHGR,"31.202196808191008,29.95879455387946",1,400 METRE,18 Feb 2026 15:46:18 GMT,THURSDAY,SW2,50,450,DISABLED,0,0,DISABLED
7649403763,طيور النجار,Store Active,alexandria,Al Iskandarīyah,00000,DEX5,M T W T _ S S,W2H7AE7N4GW3ESEN2OYUG12LN9WTSORSDA2CDSROSTW9NLDPXTQ2EIA2OXGWPHGR,"31.202196808191008,29.95879455387946",1,400 METRE,18 Feb 2026 15:46:18 GMT,FRIDAY,SW1,50,450,ENABLED,0,0,DISABLED
7649403763,طيور النجار,Store Active,alexandria,Al Iskandarīyah,00000,DEX5,M T W T _ S S,W2H7AE7N4GW3ESEN2OYUG12LN9WTSORSDA2CDSROSTW9NLDPXTQ2EIA2OXGWPHGR,"31.202196808191008,29.95879455387946",1,400 METRE,18 Feb 2026 15:46:18 GMT,FRIDAY,SW2,50,450,DISABLED,0,0,DISABLED
7649403763,طيور النجار,Store Active,alexandria,Al Iskandarīyah,00000,DEX5,M T W T _ S S,W2H7AE7N4GW3ESEN2OYUG12LN9WTSORSDA2CDSROSTW9NLDPXTQ2EIA2OXGWPHGR,"31.202196808191008,29.95879455387946",1,400 METRE,18 Feb 2026 15:46:18 GMT,SATURDAY,SW1,50,450,ENABLED,0,0,DISABLED
7649403763,طيور النجار,Store Active,alexandria,Al Iskandarīyah,00000,DEX5,M T W T _ S S,W2H7AE7N4GW3ESEN2OYUG12LN9WTSORSDA2CDSROSTW9NLDPXTQ2EIA2OXGWPHGR,"31.202196808191008,29.95879455387946",1,400 METRE,18 Feb 2026 15:46:18 GMT,SATURDAY,SW2,50,450,DISABLED,0,0,DISABLED
7649403763,طيور النجار,Store Active,alexandria,Al Iskandarīyah,00000,DEX5,M T W T _ S S,W2H7AE7N4GW3ESEN2OYUG12LN9WTSORSDA2CDSROSTW9NLDPXTQ2EIA2OXGWPHGR,"31.202196808191008,29.95879455387946",1,400 METRE,18 Feb 2026 15:46:18 GMT,SUNDAY,SW1,50,450,ENABLED,0,0,DISABLED
7649403763,طيور النجار,Store Active,alexandria,Al Iskandarīyah,00000,DEX5,M T W T _ S S,W2H7AE7N4GW3ESEN2OYUG12LN9WTSORSDA2CDSROSTW9NLDPXTQ2EIA2OXGWPHGR,"31.202196808191008,29.95879455387946",1,400 METRE,18 Feb 2026 15:46:18 GMT,SUNDAY,SW2,50,450,DISABLED,0,0,DISABLED
6962867409,المعلم2,Store Active,الاسكندريه,Al Iskandarīyah,00000,DEX5,_ T W T F S S,FSHL2FCKLEGREIABQY44G12LN9WTSORSDA2CDSROSTW9NLDPXTQ2EIA2OX22AM5Z,"31.24069796960291,29.961623096216698",3,375 METRE,9 Jul 2024 13:04:42 GMT,MONDAY,SW1,50,425,ENABLED,0,0,DISABLED
6962867409,المعلم2,Store Active,الاسكندريه,Al Iskandarīyah,00000,DEX5,_ T W T F S S,FSHL2FCKLEGREIABQY44G12LN9WTSORSDA2CDSROSTW9NLDPXTQ2EIA2OX22AM5Z,"31.24069796960291,29.961623096216698",3,375 METRE,9 Jul 2024 13:04:42 GMT,MONDAY,SW2,50,425,DISABLED,0,0,DISABLED
6962867409,المعلم2,Store Active,الاسكندريه,Al Iskandarīyah,00000,DEX5,_ T W T F S S,FSHL2FCKLEGREIABQY44G12LN9WTSORSDA2CDSROSTW9NLDPXTQ2EIA2OX22AM5Z,"31.24069796960291,29.961623096216698",3,375 METRE,9 Jul 2024 13:04:42 GMT,TUESDAY,SW1,50,425,ENABLED,0,0,DISABLED
6962867409,المعلم2,Store Active,الاسكندريه,Al Iskandarīyah,00000,DEX5,_ T W T F S S,FSHL2FCKLEGREIABQY44G12LN9WTSORSDA2CDSROSTW9NLDPXTQ2EIA2OX22AM5Z,"31.24069796960291,29.961623096216698",3,375 METRE,9 Jul 2024 13:04:42 GMT,TUESDAY,SW2,50,425,DISABLED,0,0,DISABLED
6962867409,المعلم2,Store Active,الاسكندريه,Al Iskandarīyah,00000,DEX5,_ T W T F S S,FSHL2FCKLEGREIABQY44G12LN9WTSORSDA2CDSROSTW9NLDPXTQ2EIA2OX22AM5Z,"31.24069796960291,29.961623096216698",3,375 METRE,9 Jul 2024 13:04:42 GMT,WEDNESDAY,SW1,50,425,ENABLED,0,0,DISABLED
6962867409,المعلم2,Store Active,الاسكندريه,Al Iskandarīyah,00000,DEX5,_ T W T F S S,FSHL2FCKLEGREIABQY44G12LN9WTSORSDA2CDSROSTW9NLDPXTQ2EIA2OX22AM5Z,"31.24069796960291,29.961623096216698",3,375 METRE,9 Jul 2024 13:04:42 GMT,WEDNESDAY,SW2,50,425,DISABLED,0,0,DISABLED
6962867409,المعلم2,Store Active,الاسكندريه,Al Iskandarīyah,00000,DEX5,_ T W T F S S,FSHL2FCKLEGREIABQY44G12LN9WTSORSDA2CDSROSTW9NLDPXTQ2EIA2OX22AM5Z,"31.24069796960291,29.961623096216698",3,375 METRE,9 Jul 2024 13:04:42 GMT,THURSDAY,SW1,50,425,ENABLED,0,0,DISABLED
6962867409,المعلم2,Store Active,الاسكندريه,Al Iskandarīyah,00000,DEX5,_ T W T F S S,FSHL2FCKLEGREIABQY44G12LN9WTSORSDA2CDSROSTW9NLDPXTQ2EIA2OX22AM5Z,"31.24069796960291,29.961623096216698",3,375 METRE,9 Jul 2024 13:04:42 GMT,THURSDAY,SW2,50,425,DISABLED,0,0,DISABLED
6962867409,المعلم2,Store Active,الاسكندريه,Al Iskandarīyah,00000,DEX5,_ T W T F S S,FSHL2FCKLEGREIABQY44G12LN9WTSORSDA2CDSROSTW9NLDPXTQ2EIA2OX22AM5Z,"31.24069796960291,29.961623096216698",3,375 METRE,9 Jul 2024 13:04:42 GMT,FRIDAY,SW1,50,425,ENABLED,0,0,DISABLED
6962867409,المعلم2,Store Active,الاسكندريه,Al Iskandarīyah,00000,DEX5,_ T W T F S S,FSHL2FCKLEGREIABQY44G12LN9WTSORSDA2CDSROSTW9NLDPXTQ2EIA2OX22AM5Z,"31.24069796960291,29.961623096216698",3,375 METRE,9 Jul 2024 13:04:42 GMT,FRIDAY,SW2,50,425,DISABLED,0,0,DISABLED
6962867409,المعلم2,Store Active,الاسكندريه,Al Iskandarīyah,00000,DEX5,_ T W T F S S,FSHL2FCKLEGREIABQY44G12LN9WTSORSDA2CDSROSTW9NLDPXTQ2EIA2OX22AM5Z,"31.24069796960291,29.961623096216698",3,375 METRE,9 Jul 2024 13:04:42 GMT,SATURDAY,SW1,50,425,ENABLED,0,0,DISABLED
6962867409,المعلم2,Store Active,الاسكندريه,Al Iskandarīyah,00000,DEX5,_ T W T F S S,FSHL2FCKLEGREIABQY44G12LN9WTSORSDA2CDSROSTW9NLDPXTQ2EIA2OX22AM5Z,"31.24069796960291,29.961623096216698",3,375 METRE,9 Jul 2024 13:04:42 GMT,SATURDAY,SW2,50,425,DISABLED,0,0,DISABLED
6962867409,المعلم2,Store Active,الاسكندريه,Al Iskandarīyah,00000,DEX5,_ T W T F S S,FSHL2FCKLEGREIABQY44G12LN9WTSORSDA2CDSROSTW9NLDPXTQ2EIA2OX22AM5Z,"31.24069796960291,29.961623096216698",3,375 METRE,9 Jul 2024 13:04:42 GMT,SUNDAY,SW1,50,425,ENABLED,0,0,DISABLED
6962867409,المعلم2,Store Active,الاسكندريه,Al Iskandarīyah,00000,DEX5,_ T W T F S S,FSHL2FCKLEGREIABQY44G12LN9WTSORSDA2CDSROSTW9NLDPXTQ2EIA2OX22AM5Z,"31.24069796960291,29.961623096216698",3,375 METRE,9 Jul 2024 13:04:42 GMT,SUNDAY,SW2,50,425,DISABLED,0,0,DISABLED
1385400645,ORGAERA,Store Inactive,Alexandria,Al Iskandarīyah,00000,DEX5,M T W T _ S S,JGG6LTD55WEVXT2E3COMG12LN9WTSORSDA2CDSROSTW9NLDPXTQ2EIA2OXQASA2J,"31.228198925195283,29.950236124959215",2,375 METRE,NA,MONDAY,SW1,0,425,ENABLED,0,0,DISABLED
1385400645,ORGAERA,Store Inactive,Alexandria,Al Iskandarīyah,00000,DEX5,M T W T _ S S,JGG6LTD55WEVXT2E3COMG12LN9WTSORSDA2CDSROSTW9NLDPXTQ2EIA2OXQASA2J,"31.228198925195283,29.950236124959215",2,375 METRE,NA,MONDAY,SW2,0,425,DISABLED,0,0,DISABLED
1385400645,ORGAERA,Store Inactive,Alexandria,Al Iskandarīyah,00000,DEX5,M T W T _ S S,JGG6LTD55WEVXT2E3COMG12LN9WTSORSDA2CDSROSTW9NLDPXTQ2EIA2OXQASA2J,"31.228198925195283,29.950236124959215",2,375 METRE,NA,TUESDAY,SW1,0,425,ENABLED,0,0,DISABLED
1385400645,ORGAERA,Store Inactive,Alexandria,Al Iskandarīyah,00000,DEX5,M T W T _ S S,JGG6LTD55WEVXT2E3COMG12LN9WTSORSDA2CDSROSTW9NLDPXTQ2EIA2OXQASA2J,"31.228198925195283,29.950236124959215",2,375 METRE,NA,TUESDAY,SW2,0,425,DISABLED,0,0,DISABLED
1385400645,ORGAERA,Store Inactive,Alexandria,Al Iskandarīyah,00000,DEX5,M T W T _ S S,JGG6LTD55WEVXT2E3COMG12LN9WTSORSDA2CDSROSTW9NLDPXTQ2EIA2OXQASA2J,"31.228198925195283,29.950236124959215",2,375 METRE,NA,WEDNESDAY,SW1,0,425,ENABLED,0,0,DISABLED
1385400645,ORGAERA,Store Inactive,Alexandria,Al Iskandarīyah,00000,DEX5,M T W T _ S S,JGG6LTD55WEVXT2E3COMG12LN9WTSORSDA2CDSROSTW9NLDPXTQ2EIA2OXQASA2J,"31.228198925195283,29.950236124959215",2,375 METRE,NA,WEDNESDAY,SW2,0,425,DISABLED,0,0,DISABLED
1385400645,ORGAERA,Store Inactive,Alexandria,Al Iskandarīyah,00000,DEX5,M T W T _ S S,JGG6LTD55WEVXT2E3COMG12LN9WTSORSDA2CDSROSTW9NLDPXTQ2EIA2OXQASA2J,"31.228198925195283,29.950236124959215",2,375 METRE,NA,THURSDAY,SW1,0,425,ENABLED,0,0,DISABLED
1385400645,ORGAERA,Store Inactive,Alexandria,Al Iskandarīyah,00000,DEX5,M T W T _ S S,JGG6LTD55WEVXT2E3COMG12LN9WTSORSDA2CDSROSTW9NLDPXTQ2EIA2OXQASA2J,"31.228198925195283,29.950236124959215",2,375 METRE,NA,THURSDAY,SW2,0,425,DISABLED,0,0,DISABLED
1385400645,ORGAERA,Store Inactive,Alexandria,Al Iskandarīyah,00000,DEX5,M T W T _ S S,JGG6LTD55WEVXT2E3COMG12LN9WTSORSDA2CDSROSTW9NLDPXTQ2EIA2OXQASA2J,"31.228198925195283,29.950236124959215",2,375 METRE,NA,FRIDAY,SW1,0,425,ENABLED,0,0,DISABLED
1385400645,ORGAERA,Store Inactive,Alexandria,Al Iskandarīyah,00000,DEX5,M T W T _ S S,JGG6LTD55WEVXT2E3COMG12LN9WTSORSDA2CDSROSTW9NLDPXTQ2EIA2OXQASA2J,"31.228198925195283,29.950236124959215",2,375 METRE,NA,FRIDAY,SW2,0,425,DISABLED,0,0,DISABLED
1385400645,ORGAERA,Store Inactive,Alexandria,Al Iskandarīyah,00000,DEX5,M T W T _ S S,JGG6LTD55WEVXT2E3COMG12LN9WTSORSDA2CDSROSTW9NLDPXTQ2EIA2OXQASA2J,"31.228198925195283,29.950236124959215",2,375 METRE,NA,SATURDAY,SW1,0,425,ENABLED,0,0,DISABLED
1385400645,ORGAERA,Store Inactive,Alexandria,Al Iskandarīyah,00000,DEX5,M T W T _ S S,JGG6LTD55WEVXT2E3COMG12LN9WTSORSDA2CDSROSTW9NLDPXTQ2EIA2OXQASA2J,"31.228198925195283,29.950236124959215",2,375 METRE,NA,SATURDAY,SW2,0,425,DISABLED,0,0,DISABLED
1385400645,ORGAERA,Store Inactive,Alexandria,Al Iskandarīyah,00000,DEX5,M T W T _ S S,JGG6LTD55WEVXT2E3COMG12LN9WTSORSDA2CDSROSTW9NLDPXTQ2EIA2OXQASA2J,"31.228198925195283,29.950236124959215",2,375 METRE,NA,SUNDAY,SW1,0,425,ENABLED,0,0,DISABLED
1385400645,ORGAERA,Store Inactive,Alexandria,Al Iskandarīyah,00000,DEX5,M T W T _ S S,JGG6LTD55WEVXT2E3COMG12LN9WTSORSDA2CDSROSTW9NLDPXTQ2EIA2OXQASA2J,"31.228198925195283,29.950236124959215",2,375 METRE,NA,SUNDAY,SW2,0,425,DISABLED,0,0,DISABLED
3710022338,mushtal alnasr,Store Inactive,alexandria,Al Iskandarīyah,00000,DEX5,M T W T _ S S,VQLW2MYG3KSKNMXHONFIG12LN9WTSORSDA2CDSROSTW9NLDPXTQ2EIA2OX6EMP34,"31.225410875477888,29.955111736089805",2,375 METRE,NA,MONDAY,SW1,0,425,ENABLED,0,0,DISABLED
3710022338,mushtal alnasr,Store Inactive,alexandria,Al Iskandarīyah,00000,DEX5,M T W T _ S S,VQLW2MYG3KSKNMXHONFIG12LN9WTSORSDA2CDSROSTW9NLDPXTQ2EIA2OX6EMP34,"31.225410875477888,29.955111736089805",2,375 METRE,NA,MONDAY,SW2,0,425,DISABLED,0,0,DISABLED
3710022338,mushtal alnasr,Store Inactive,alexandria,Al Iskandarīyah,00000,DEX5,M T W T _ S S,VQLW2MYG3KSKNMXHONFIG12LN9WTSORSDA2CDSROSTW9NLDPXTQ2EIA2OX6EMP34,"31.225410875477888,29.955111736089805",2,375 METRE,NA,TUESDAY,SW1,0,425,ENABLED,0,0,DISABLED
3710022338,mushtal alnasr,Store Inactive,alexandria,Al Iskandarīyah,00000,DEX5,M T W T _ S S,VQLW2MYG3KSKNMXHONFIG12LN9WTSORSDA2CDSROSTW9NLDPXTQ2EIA2OX6EMP34,"31.225410875477888,29.955111736089805",2,375 METRE,NA,TUESDAY,SW2,0,425,DISABLED,0,0,DISABLED
3710022338,mushtal alnasr,Store Inactive,alexandria,Al Iskandarīyah,00000,DEX5,M T W T _ S S,VQLW2MYG3KSKNMXHONFIG12LN9WTSORSDA2CDSROSTW9NLDPXTQ2EIA2OX6EMP34,"31.225410875477888,29.955111736089805",2,375 METRE,NA,WEDNESDAY,SW1,0,425,ENABLED,0,0,DISABLED
3710022338,mushtal alnasr,Store Inactive,alexandria,Al Iskandarīyah,00000,DEX5,M T W T _ S S,VQLW2MYG3KSKNMXHONFIG12LN9WTSORSDA2CDSROSTW9NLDPXTQ2EIA2OX6EMP34,"31.225410875477888,29.955111736089805",2,375 METRE,NA,WEDNESDAY,SW2,0,425,DISABLED,0,0,DISABLED
3710022338,mushtal alnasr,Store Inactive,alexandria,Al Iskandarīyah,00000,DEX5,M T W T _ S S,VQLW2MYG3KSKNMXHONFIG12LN9WTSORSDA2CDSROSTW9NLDPXTQ2EIA2OX6EMP34,"31.225410875477888,29.955111736089805",2,375 METRE,NA,THURSDAY,SW1,0,425,ENABLED,0,0,DISABLED
3710022338,mushtal alnasr,Store Inactive,alexandria,Al Iskandarīyah,00000,DEX5,M T W T _ S S,VQLW2MYG3KSKNMXHONFIG12LN9WTSORSDA2CDSROSTW9NLDPXTQ2EIA2OX6EMP34,"31.225410875477888,29.955111736089805",2,375 METRE,NA,THURSDAY,SW2,0,425,DISABLED,0,0,DISABLED
3710022338,mushtal alnasr,Store Inactive,alexandria,Al Iskandarīyah,00000,DEX5,M T W T _ S S,VQLW2MYG3KSKNMXHONFIG12LN9WTSORSDA2CDSROSTW9NLDPXTQ2EIA2OX6EMP34,"31.225410875477888,29.955111736089805",2,375 METRE,NA,FRIDAY,SW1,0,425,ENABLED,0,0,DISABLED
3710022338,mushtal alnasr,Store Inactive,alexandria,Al Iskandarīyah,00000,DEX5,M T W T _ S S,VQLW2MYG3KSKNMXHONFIG12LN9WTSORSDA2CDSROSTW9NLDPXTQ2EIA2OX6EMP34,"31.225410875477888,29.955111736089805",2,375 METRE,NA,FRIDAY,SW2,0,425,DISABLED,0,0,DISABLED
3710022338,mushtal alnasr,Store Inactive,alexandria,Al Iskandarīyah,00000,DEX5,M T W T _ S S,VQLW2MYG3KSKNMXHONFIG12LN9WTSORSDA2CDSROSTW9NLDPXTQ2EIA2OX6EMP34,"31.225410875477888,29.955111736089805",2,375 METRE,NA,SATURDAY,SW1,0,425,ENABLED,0,0,DISABLED
3710022338,mushtal alnasr,Store Inactive,alexandria,Al Iskandarīyah,00000,DEX5,M T W T _ S S,VQLW2MYG3KSKNMXHONFIG12LN9WTSORSDA2CDSROSTW9NLDPXTQ2EIA2OX6EMP34,"31.225410875477888,29.955111736089805",2,375 METRE,NA,SATURDAY,SW2,0,425,DISABLED,0,0,DISABLED
3710022338,mushtal alnasr,Store Inactive,alexandria,Al Iskandarīyah,00000,DEX5,M T W T _ S S,VQLW2MYG3KSKNMXHONFIG12LN9WTSORSDA2CDSROSTW9NLDPXTQ2EIA2OX6EMP34,"31.225410875477888,29.955111736089805",2,375 METRE,NA,SUNDAY,SW1,0,425,ENABLED,0,0,DISABLED
3710022338,mushtal alnasr,Store Inactive,alexandria,Al Iskandarīyah,00000,DEX5,M T W T _ S S,VQLW2MYG3KSKNMXHONFIG12LN9WTSORSDA2CDSROSTW9NLDPXTQ2EIA2OX6EMP34,"31.225410875477888,29.955111736089805",2,375 METRE,NA,SUNDAY,SW2,0,425,DISABLED,0,0,DISABLED
9735452235,بازار محمد الزعيم,Store Active,alexandria,Al Iskandarīyah,00000,DEX5,M T W T F S S,DX7RATTPSXH4NFQG3GM4G12LN9WTSORSDA2CDSROSTW9NLDPXTQ2EIA2OXOFXRAB,"31.241315836611424,29.977764059707205",1,375 METRE,14 Aug 2026 14:00:12 GMT,MONDAY,SW1,54,425,ENABLED,0,0,DISABLED
9735452235,بازار محمد الزعيم,Store Active,alexandria,Al Iskandarīyah,00000,DEX5,M T W T F S S,DX7RATTPSXH4NFQG3GM4G12LN9WTSORSDA2CDSROSTW9NLDPXTQ2EIA2OXOFXRAB,"31.241315836611424,29.977764059707205",1,375 METRE,14 Aug 2026 14:00:12 GMT,MONDAY,SW2,54,425,DISABLED,0,0,DISABLED
9735452235,بازار محمد الزعيم,Store Active,alexandria,Al Iskandarīyah,00000,DEX5,M T W T F S S,DX7RATTPSXH4NFQG3GM4G12LN9WTSORSDA2CDSROSTW9NLDPXTQ2EIA2OXOFXRAB,"31.241315836611424,29.977764059707205",1,375 METRE,14 Aug 2026 14:00:12 GMT,TUESDAY,SW1,54,425,ENABLED,0,0,DISABLED
9735452235,بازار محمد الزعيم,Store Active,alexandria,Al Iskandarīyah,00000,DEX5,M T W T F S S,DX7RATTPSXH4NFQG3GM4G12LN9WTSORSDA2CDSROSTW9NLDPXTQ2EIA2OXOFXRAB,"31.241315836611424,29.977764059707205",1,375 METRE,14 Aug 2026 14:00:12 GMT,TUESDAY,SW2,54,425,DISABLED,0,0,DISABLED
9735452235,بازار محمد الزعيم,Store Active,alexandria,Al Iskandarīyah,00000,DEX5,M T W T F S S,DX7RATTPSXH4NFQG3GM4G12LN9WTSORSDA2CDSROSTW9NLDPXTQ2EIA2OXOFXRAB,"31.241315836611424,29.977764059707205",1,375 METRE,14 Aug 2026 14:00:12 GMT,WEDNESDAY,SW1,54,425,ENABLED,0,0,DISABLED
9735452235,بازار محمد الزعيم,Store Active,alexandria,Al Iskandarīyah,00000,DEX5,M T W T F S S,DX7RATTPSXH4NFQG3GM4G12LN9WTSORSDA2CDSROSTW9NLDPXTQ2EIA2OXOFXRAB,"31.241315836611424,29.977764059707205",1,375 METRE,14 Aug 2026 14:00:12 GMT,WEDNESDAY,SW2,54,425,DISABLED,0,0,DISABLED
9735452235,بازار محمد الزعيم,Store Active,alexandria,Al Iskandarīyah,00000,DEX5,M T W T F S S,DX7RATTPSXH4NFQG3GM4G12LN9WTSORSDA2CDSROSTW9NLDPXTQ2EIA2OXOFXRAB,"31.241315836611424,29.977764059707205",1,375 METRE,14 Aug 2026 14:00:12 GMT,THURSDAY,SW1,54,425,ENABLED,0,0,DISABLED
9735452235,بازار محمد الزعيم,Store Active,alexandria,Al Iskandarīyah,00000,DEX5,M T W T F S S,DX7RATTPSXH4NFQG3GM4G12LN9WTSORSDA2CDSROSTW9NLDPXTQ2EIA2OXOFXRAB,"31.241315836611424,29.977764059707205",1,375 METRE,14 Aug 2026 14:00:12 GMT,THURSDAY,SW2,54,425,DISABLED,0,0,DISABLED
9735452235,بازار محمد الزعيم,Store Active,alexandria,Al Iskandarīyah,00000,DEX5,M T W T F S S,DX7RATTPSXH4NFQG3GM4G12LN9WTSORSDA2CDSROSTW9NLDPXTQ2EIA2OXOFXRAB,"31.241315836611424,29.977764059707205",1,375 METRE,14 Aug 2026 14:00:12 GMT,FRIDAY,SW1,54,425,ENABLED,0,0,DISABLED
9735452235,بازار محمد الزعيم,Store Active,alexandria,Al Iskandarīyah,00000,DEX5,M T W T F S S,DX7RATTPSXH4NFQG3GM4G12LN9WTSORSDA2CDSROSTW9NLDPXTQ2EIA2OXOFXRAB,"31.241315836611424,29.977764059707205",1,375 METRE,14 Aug 2026 14:00:12 GMT,FRIDAY,SW2,54,425,DISABLED,0,0,DISABLED
9735452235,بازار محمد الزعيم,Store Active,alexandria,Al Iskandarīyah,00000,DEX5,M T W T F S S,DX7RATTPSXH4NFQG3GM4G12LN9WTSORSDA2CDSROSTW9NLDPXTQ2EIA2OXOFXRAB,"31.241315836611424,29.977764059707205",1,375 METRE,14 Aug 2026 14:00:12 GMT,SATURDAY,SW1,54,425,ENABLED,0,0,DISABLED
9735452235,بازار محمد الزعيم,Store Active,alexandria,Al Iskandarīyah,00000,DEX5,M T W T F S S,DX7RATTPSXH4NFQG3GM4G12LN9WTSORSDA2CDSROSTW9NLDPXTQ2EIA2OXOFXRAB,"31.241315836611424,29.977764059707205",1,375 METRE,14 Aug 2026 14:00:12 GMT,SATURDAY,SW2,54,425,DISABLED,0,0,DISABLED
9735452235,بازار محمد الزعيم,Store Active,alexandria,Al Iskandarīyah,00000,DEX5,M T W T F S S,DX7RATTPSXH4NFQG3GM4G12LN9WTSORSDA2CDSROSTW9NLDPXTQ2EIA2OXOFXRAB,"31.241315836611424,29.977764059707205",1,375 METRE,14 Aug 2026 14:00:12 GMT,SUNDAY,SW1,54,425,ENABLED,0,0,DISABLED
9735452235,بازار محمد الزعيم,Store Active,alexandria,Al Iskandarīyah,00000,DEX5,M T W T F S S,DX7RATTPSXH4NFQG3GM4G12LN9WTSORSDA2CDSROSTW9NLDPXTQ2EIA2OXOFXRAB,"31.241315836611424,29.977764059707205",1,375 METRE,14 Aug 2026 14:00:12 GMT,SUNDAY,SW2,54,425,DISABLED,0,0,DISABLED
8437053544,بازار الدخاخني 2,Store Active,الإسكندرية,Al Iskandarīyah,00000,DEX5,_ T W T F S S,OI6WIJMWNVFBAJVF2XNYG12LN9WTSORSDA2CDSROSTW9NLDPXTQ2EIA2OXXVTQWI,"31.23717072933729,29.957804967467347",2,375 METRE,17 Sep 2024 06:03:02 GMT,MONDAY,SW1,50,425,ENABLED,0,0,DISABLED
8437053544,بازار الدخاخني 2,Store Active,الإسكندرية,Al Iskandarīyah,00000,DEX5,_ T W T F S S,OI6WIJMWNVFBAJVF2XNYG12LN9WTSORSDA2CDSROSTW9NLDPXTQ2EIA2OXXVTQWI,"31.23717072933729,29.957804967467347",2,375 METRE,17 Sep 2024 06:03:02 GMT,MONDAY,SW2,50,425,DISABLED,0,0,DISABLED
8437053544,بازار الدخاخني 2,Store Active,الإسكندرية,Al Iskandarīyah,00000,DEX5,_ T W T F S S,OI6WIJMWNVFBAJVF2XNYG12LN9WTSORSDA2CDSROSTW9NLDPXTQ2EIA2OXXVTQWI,"31.23717072933729,29.957804967467347",2,375 METRE,17 Sep 2024 06:03:02 GMT,TUESDAY,SW1,50,425,ENABLED,0,0,DISABLED
8437053544,بازار الدخاخني 2,Store Active,الإسكندرية,Al Iskandarīyah,00000,DEX5,_ T W T F S S,OI6WIJMWNVFBAJVF2XNYG12LN9WTSORSDA2CDSROSTW9NLDPXTQ2EIA2OXXVTQWI,"31.23717072933729,29.957804967467347",2,375 METRE,17 Sep 2024 06:03:02 GMT,TUESDAY,SW2,50,425,DISABLED,0,0,DISABLED
8437053544,بازار الدخاخني 2,Store Active,الإسكندرية,Al Iskandarīyah,00000,DEX5,_ T W T F S S,OI6WIJMWNVFBAJVF2XNYG12LN9WTSORSDA2CDSROSTW9NLDPXTQ2EIA2OXXVTQWI,"31.23717072933729,29.957804967467347",2,375 METRE,17 Sep 2024 06:03:02 GMT,WEDNESDAY,SW1,50,425,ENABLED,0,0,DISABLED
8437053544,بازار الدخاخني 2,Store Active,الإسكندرية,Al Iskandarīyah,00000,DEX5,_ T W T F S S,OI6WIJMWNVFBAJVF2XNYG12LN9WTSORSDA2CDSROSTW9NLDPXTQ2EIA2OXXVTQWI,"31.23717072933729,29.957804967467347",2,375 METRE,17 Sep 2024 06:03:02 GMT,WEDNESDAY,SW2,50,425,DISABLED,0,0,DISABLED
8437053544,بازار الدخاخني 2,Store Active,الإسكندرية,Al Iskandarīyah,00000,DEX5,_ T W T F S S,OI6WIJMWNVFBAJVF2XNYG12LN9WTSORSDA2CDSROSTW9NLDPXTQ2EIA2OXXVTQWI,"31.23717072933729,29.957804967467347",2,375 METRE,17 Sep 2024 06:03:02 GMT,THURSDAY,SW1,50,425,ENABLED,0,0,DISABLED
8437053544,بازار الدخاخني 2,Store Active,الإسكندرية,Al Iskandarīyah,00000,DEX5,_ T W T F S S,OI6WIJMWNVFBAJVF2XNYG12LN9WTSORSDA2CDSROSTW9NLDPXTQ2EIA2OXXVTQWI,"31.23717072933729,29.957804967467347",2,375 METRE,17 Sep 2024 06:03:02 GMT,THURSDAY,SW2,50,425,DISABLED,0,0,DISABLED
8437053544,بازار الدخاخني 2,Store Active,الإسكندرية,Al Iskandarīyah,00000,DEX5,_ T W T F S S,OI6WIJMWNVFBAJVF2XNYG12LN9WTSORSDA2CDSROSTW9NLDPXTQ2EIA2OXXVTQWI,"31.23717072933729,29.957804967467347",2,375 METRE,17 Sep 2024 06:03:02 GMT,FRIDAY,SW1,50,425,ENABLED,0,0,DISABLED
8437053544,بازار الدخاخني 2,Store Active,الإسكندرية,Al Iskandarīyah,00000,DEX5,_ T W T F S S,OI6WIJMWNVFBAJVF2XNYG12LN9WTSORSDA2CDSROSTW9NLDPXTQ2EIA2OXXVTQWI,"31.23717072933729,29.957804967467347",2,375 METRE,17 Sep 2024 06:03:02 GMT,FRIDAY,SW2,50,425,DISABLED,0,0,DISABLED
8437053544,بازار الدخاخني 2,Store Active,الإسكندرية,Al Iskandarīyah,00000,DEX5,_ T W T F S S,OI6WIJMWNVFBAJVF2XNYG12LN9WTSORSDA2CDSROSTW9NLDPXTQ2EIA2OXXVTQWI,"31.23717072933729,29.957804967467347",2,375 METRE,17 Sep 2024 06:03:02 GMT,SATURDAY,SW1,50,425,ENABLED,0,0,DISABLED
8437053544,بازار الدخاخني 2,Store Active,الإسكندرية,Al Iskandarīyah,00000,DEX5,_ T W T F S S,OI6WIJMWNVFBAJVF2XNYG12LN9WTSORSDA2CDSROSTW9NLDPXTQ2EIA2OXXVTQWI,"31.23717072933729,29.957804967467347",2,375 METRE,17 Sep 2024 06:03:02 GMT,SATURDAY,SW2,50,425,DISABLED,0,0,DISABLED
8437053544,بازار الدخاخني 2,Store Active,الإسكندرية,Al Iskandarīyah,00000,DEX5,_ T W T F S S,OI6WIJMWNVFBAJVF2XNYG12LN9WTSORSDA2CDSROSTW9NLDPXTQ2EIA2OXXVTQWI,"31.23717072933729,29.957804967467347",2,375 METRE,17 Sep 2024 06:03:02 GMT,SUNDAY,SW1,50,425,ENABLED,0,0,DISABLED
8437053544,بازار الدخاخني 2,Store Active,الإسكندرية,Al Iskandarīyah,00000,DEX5,_ T W T F S S,OI6WIJMWNVFBAJVF2XNYG12LN9WTSORSDA2CDSROSTW9NLDPXTQ2EIA2OXXVTQWI,"31.23717072933729,29.957804967467347",2,375 METRE,17 Sep 2024 06:03:02 GMT,SUNDAY,SW2,50,425,DISABLED,0,0,DISABLED
7469375621,معاذ ماركت,Store Active,alexandria,Al Iskandarīyah,00000,DEX5,M T W T _ S S,SL62SEPZC7IK3SJKIJSIG12LN9WTSORSDA2CDSROSTW9NLDPXTQ2EIA2OXDKYFXS,"31.22959214491682,29.946530787162608",0,375 METRE,14 Aug 2026 15:08:18 GMT,MONDAY,SW1,25,425,ENABLED,0,0,DISABLED
7469375621,معاذ ماركت,Store Active,alexandria,Al Iskandarīyah,00000,DEX5,M T W T _ S S,SL62SEPZC7IK3SJKIJSIG12LN9WTSORSDA2CDSROSTW9NLDPXTQ2EIA2OXDKYFXS,"31.22959214491682,29.946530787162608",0,375 METRE,14 Aug 2026 15:08:18 GMT,MONDAY,SW2,25,425,DISABLED,0,0,DISABLED
7469375621,معاذ ماركت,Store Active,alexandria,Al Iskandarīyah,00000,DEX5,M T W T _ S S,SL62SEPZC7IK3SJKIJSIG12LN9WTSORSDA2CDSROSTW9NLDPXTQ2EIA2OXDKYFXS,"31.22959214491682,29.946530787162608",0,375 METRE,14 Aug 2026 15:08:18 GMT,TUESDAY,SW1,25,425,ENABLED,0,0,DISABLED
7469375621,معاذ ماركت,Store Active,alexandria,Al Iskandarīyah,00000,DEX5,M T W T _ S S,SL62SEPZC7IK3SJKIJSIG12LN9WTSORSDA2CDSROSTW9NLDPXTQ2EIA2OXDKYFXS,"31.22959214491682,29.946530787162608",0,375 METRE,14 Aug 2026 15:08:18 GMT,TUESDAY,SW2,25,425,DISABLED,0,0,DISABLED
7469375621,معاذ ماركت,Store Active,alexandria,Al Iskandarīyah,00000,DEX5,M T W T _ S S,SL62SEPZC7IK3SJKIJSIG12LN9WTSORSDA2CDSROSTW9NLDPXTQ2EIA2OXDKYFXS,"31.22959214491682,29.946530787162608",0,375 METRE,14 Aug 2026 15:08:18 GMT,WEDNESDAY,SW1,25,425,ENABLED,0,0,DISABLED
7469375621,معاذ ماركت,Store Active,alexandria,Al Iskandarīyah,00000,DEX5,M T W T _ S S,SL62SEPZC7IK3SJKIJSIG12LN9WTSORSDA2CDSROSTW9NLDPXTQ2EIA2OXDKYFXS,"31.22959214491682,29.946530787162608",0,375 METRE,14 Aug 2026 15:08:18 GMT,WEDNESDAY,SW2,25,425,DISABLED,0,0,DISABLED
7469375621,معاذ ماركت,Store Active,alexandria,Al Iskandarīyah,00000,DEX5,M T W T _ S S,SL62SEPZC7IK3SJKIJSIG12LN9WTSORSDA2CDSROSTW9NLDPXTQ2EIA2OXDKYFXS,"31.22959214491682,29.946530787162608",0,375 METRE,14 Aug 2026 15:08:18 GMT,THURSDAY,SW1,25,425,ENABLED,0,0,DISABLED
7469375621,معاذ ماركت,Store Active,alexandria,Al Iskandarīyah,00000,DEX5,M T W T _ S S,SL62SEPZC7IK3SJKIJSIG12LN9WTSORSDA2CDSROSTW9NLDPXTQ2EIA2OXDKYFXS,"31.22959214491682,29.946530787162608",0,375 METRE,14 Aug 2026 15:08:18 GMT,THURSDAY,SW2,25,425,DISABLED,0,0,DISABLED
7469375621,معاذ ماركت,Store Active,alexandria,Al Iskandarīyah,00000,DEX5,M T W T _ S S,SL62SEPZC7IK3SJKIJSIG12LN9WTSORSDA2CDSROSTW9NLDPXTQ2EIA2OXDKYFXS,"31.22959214491682,29.946530787162608",0,375 METRE,14 Aug 2026 15:08:18 GMT,FRIDAY,SW1,25,425,ENABLED,0,0,DISABLED
7469375621,معاذ ماركت,Store Active,alexandria,Al Iskandarīyah,00000,DEX5,M T W T _ S S,SL62SEPZC7IK3SJKIJSIG12LN9WTSORSDA2CDSROSTW9NLDPXTQ2EIA2OXDKYFXS,"31.22959214491682,29.946530787162608",0,375 METRE,14 Aug 2026 15:08:18 GMT,FRIDAY,SW2,25,425,DISABLED,0,0,DISABLED
7469375621,معاذ ماركت,Store Active,alexandria,Al Iskandarīyah,00000,DEX5,M T W T _ S S,SL62SEPZC7IK3SJKIJSIG12LN9WTSORSDA2CDSROSTW9NLDPXTQ2EIA2OXDKYFXS,"31.22959214491682,29.946530787162608",0,375 METRE,14 Aug 2026 15:08:18 GMT,SATURDAY,SW1,25,425,ENABLED,0,0,DISABLED
7469375621,معاذ ماركت,Store Active,alexandria,Al Iskandarīyah,00000,DEX5,M T W T _ S S,SL62SEPZC7IK3SJKIJSIG12LN9WTSORSDA2CDSROSTW9NLDPXTQ2EIA2OXDKYFXS,"31.22959214491682,29.946530787162608",0,375 METRE,14 Aug 2026 15:08:18 GMT,SATURDAY,SW2,25,425,DISABLED,0,0,DISABLED
7469375621,معاذ ماركت,Store Active,alexandria,Al Iskandarīyah,00000,DEX5,M T W T _ S S,SL62SEPZC7IK3SJKIJSIG12LN9WTSORSDA2CDSROSTW9NLDPXTQ2EIA2OXDKYFXS,"31.22959214491682,29.946530787162608",0,375 METRE,14 Aug 2026 15:08:18 GMT,SUNDAY,SW1,25,425,ENABLED,0,0,DISABLED
7469375621,معاذ ماركت,Store Active,alexandria,Al Iskandarīyah,00000,DEX5,M T W T _ S S,SL62SEPZC7IK3SJKIJSIG12LN9WTSORSDA2CDSROSTW9NLDPXTQ2EIA2OXDKYFXS,"31.22959214491682,29.946530787162608",0,375 METRE,14 Aug 2026 15:08:18 GMT,SUNDAY,SW2,25,425,DISABLED,0,0,DISABLED
7567541152,Engineering for Electrical Works,Store Active,Alexandria,Al Iskandarīyah,00000,DEX5,M T W T _ S S,UZ6F3SGDY5MRF2CGN37IG12LN9WTSORSDA2CDSROSTW9NLDPXTQ2EIA2OX74BW6N,"31.233207793580608,29.962788332079626",1,375 METRE,27 Jul 2025 16:29:21 GMT,MONDAY,SW1,50,425,ENABLED,0,0,DISABLED
7567541152,Engineering for Electrical Works,Store Active,Alexandria,Al Iskandarīyah,00000,DEX5,M T W T _ S S,UZ6F3SGDY5MRF2CGN37IG12LN9WTSORSDA2CDSROSTW9NLDPXTQ2EIA2OX74BW6N,"31.233207793580608,29.962788332079626",1,375 METRE,27 Jul 2025 16:29:21 GMT,MONDAY,SW2,50,425,DISABLED,0,0,DISABLED
7567541152,Engineering for Electrical Works,Store Active,Alexandria,Al Iskandarīyah,00000,DEX5,M T W T _ S S,UZ6F3SGDY5MRF2CGN37IG12LN9WTSORSDA2CDSROSTW9NLDPXTQ2EIA2OX74BW6N,"31.233207793580608,29.962788332079626",1,375 METRE,27 Jul 2025 16:29:21 GMT,TUESDAY,SW1,50,425,ENABLED,0,0,DISABLED
7567541152,Engineering for Electrical Works,Store Active,Alexandria,Al Iskandarīyah,00000,DEX5,M T W T _ S S,UZ6F3SGDY5MRF2CGN37IG12LN9WTSORSDA2CDSROSTW9NLDPXTQ2EIA2OX74BW6N,"31.233207793580608,29.962788332079626",1,375 METRE,27 Jul 2025 16:29:21 GMT,TUESDAY,SW2,50,425,DISABLED,0,0,DISABLED
7567541152,Engineering for Electrical Works,Store Active,Alexandria,Al Iskandarīyah,00000,DEX5,M T W T _ S S,UZ6F3SGDY5MRF2CGN37IG12LN9WTSORSDA2CDSROSTW9NLDPXTQ2EIA2OX74BW6N,"31.233207793580608,29.962788332079626",1,375 METRE,27 Jul 2025 16:29:21 GMT,WEDNESDAY,SW1,50,425,ENABLED,0,0,DISABLED
7567541152,Engineering for Electrical Works,Store Active,Alexandria,Al Iskandarīyah,00000,DEX5,M T W T _ S S,UZ6F3SGDY5MRF2CGN37IG12LN9WTSORSDA2CDSROSTW9NLDPXTQ2EIA2OX74BW6N,"31.233207793580608,29.962788332079626",1,375 METRE,27 Jul 2025 16:29:21 GMT,WEDNESDAY,SW2,50,425,DISABLED,0,0,DISABLED
7567541152,Engineering for Electrical Works,Store Active,Alexandria,Al Iskandarīyah,00000,DEX5,M T W T _ S S,UZ6F3SGDY5MRF2CGN37IG12LN9WTSORSDA2CDSROSTW9NLDPXTQ2EIA2OX74BW6N,"31.233207793580608,29.962788332079626",1,375 METRE,27 Jul 2025 16:29:21 GMT,THURSDAY,SW1,50,425,ENABLED,0,0,DISABLED
7567541152,Engineering for Electrical Works,Store Active,Alexandria,Al Iskandarīyah,00000,DEX5,M T W T _ S S,UZ6F3SGDY5MRF2CGN37IG12LN9WTSORSDA2CDSROSTW9NLDPXTQ2EIA2OX74BW6N,"31.233207793580608,29.962788332079626",1,375 METRE,27 Jul 2025 16:29:21 GMT,THURSDAY,SW2,50,425,DISABLED,0,0,DISABLED
7567541152,Engineering for Electrical Works,Store Active,Alexandria,Al Iskandarīyah,00000,DEX5,M T W T _ S S,UZ6F3SGDY5MRF2CGN37IG12LN9WTSORSDA2CDSROSTW9NLDPXTQ2EIA2OX74BW6N,"31.233207793580608,29.962788332079626",1,375 METRE,27 Jul 2025 16:29:21 GMT,FRIDAY,SW1,50,425,ENABLED,0,0,DISABLED
7567541152,Engineering for Electrical Works,Store Active,Alexandria,Al Iskandarīyah,00000,DEX5,M T W T _ S S,UZ6F3SGDY5MRF2CGN37IG12LN9WTSORSDA2CDSROSTW9NLDPXTQ2EIA2OX74BW6N,"31.233207793580608,29.962788332079626",1,375 METRE,27 Jul 2025 16:29:21 GMT,FRIDAY,SW2,50,425,DISABLED,0,0,DISABLED
7567541152,Engineering for Electrical Works,Store Active,Alexandria,Al Iskandarīyah,00000,DEX5,M T W T _ S S,UZ6F3SGDY5MRF2CGN37IG12LN9WTSORSDA2CDSROSTW9NLDPXTQ2EIA2OX74BW6N,"31.233207793580608,29.962788332079626",1,375 METRE,27 Jul 2025 16:29:21 GMT,SATURDAY,SW1,50,425,ENABLED,0,0,DISABLED
7567541152,Engineering for Electrical Works,Store Active,Alexandria,Al Iskandarīyah,00000,DEX5,M T W T _ S S,UZ6F3SGDY5MRF2CGN37IG12LN9WTSORSDA2CDSROSTW9NLDPXTQ2EIA2OX74BW6N,"31.233207793580608,29.962788332079626",1,375 METRE,27 Jul 2025 16:29:21 GMT,SATURDAY,SW2,50,425,DISABLED,0,0,DISABLED
7567541152,Engineering for Electrical Works,Store Active,Alexandria,Al Iskandarīyah,00000,DEX5,M T W T _ S S,UZ6F3SGDY5MRF2CGN37IG12LN9WTSORSDA2CDSROSTW9NLDPXTQ2EIA2OX74BW6N,"31.233207793580608,29.962788332079626",1,375 METRE,27 Jul 2025 16:29:21 GMT,SUNDAY,SW1,50,425,ENABLED,0,0,DISABLED
7567541152,Engineering for Electrical Works,Store Active,Alexandria,Al Iskandarīyah,00000,DEX5,M T W T _ S S,UZ6F3SGDY5MRF2CGN37IG12LN9WTSORSDA2CDSROSTW9NLDPXTQ2EIA2OX74BW6N,"31.233207793580608,29.962788332079626",1,375 METRE,27 Jul 2025 16:29:21 GMT,SUNDAY,SW2,50,425,DISABLED,0,0,DISABLED
9839600952,MARKET ABO TALEB,Store Inactive,Alexandria,Al Iskandarīyah,00000,DEX5,M T W T _ S S,C446NFIZARMLJERAANLIG12LN9WTSORSDA2CDSROSTW9NLDPXTQ2EQA2OX2WYD26,"31.24472148341618,29.975529109664514",1,375 METRE,NA,MONDAY,SW1,0,425,ENABLED,0,0,DISABLED
9839600952,MARKET ABO TALEB,Store Inactive,Alexandria,Al Iskandarīyah,00000,DEX5,M T W T _ S S,C446NFIZARMLJERAANLIG12LN9WTSORSDA2CDSROSTW9NLDPXTQ2EQA2OX2WYD26,"31.24472148341618,29.975529109664514",1,375 METRE,NA,MONDAY,SW2,0,425,DISABLED,0,0,DISABLED
9839600952,MARKET ABO TALEB,Store Inactive,Alexandria,Al Iskandarīyah,00000,DEX5,M T W T _ S S,C446NFIZARMLJERAANLIG12LN9WTSORSDA2CDSROSTW9NLDPXTQ2EQA2OX2WYD26,"31.24472148341618,29.975529109664514",1,375 METRE,NA,TUESDAY,SW1,0,425,ENABLED,0,0,DISABLED
9839600952,MARKET ABO TALEB,Store Inactive,Alexandria,Al Iskandarīyah,00000,DEX5,M T W T _ S S,C446NFIZARMLJERAANLIG12LN9WTSORSDA2CDSROSTW9NLDPXTQ2EQA2OX2WYD26,"31.24472148341618,29.975529109664514",1,375 METRE,NA,TUESDAY,SW2,0,425,DISABLED,0,0,DISABLED
9839600952,MARKET ABO TALEB,Store Inactive,Alexandria,Al Iskandarīyah,00000,DEX5,M T W T _ S S,C446NFIZARMLJERAANLIG12LN9WTSORSDA2CDSROSTW9NLDPXTQ2EQA2OX2WYD26,"31.24472148341618,29.975529109664514",1,375 METRE,NA,WEDNESDAY,SW1,0,425,ENABLED,0,0,DISABLED
9839600952,MARKET ABO TALEB,Store Inactive,Alexandria,Al Iskandarīyah,00000,DEX5,M T W T _ S S,C446NFIZARMLJERAANLIG12LN9WTSORSDA2CDSROSTW9NLDPXTQ2EQA2OX2WYD26,"31.24472148341618,29.975529109664514",1,375 METRE,NA,WEDNESDAY,SW2,0,425,DISABLED,0,0,DISABLED
9839600952,MARKET ABO TALEB,Store Inactive,Alexandria,Al Iskandarīyah,00000,DEX5,M T W T _ S S,C446NFIZARMLJERAANLIG12LN9WTSORSDA2CDSROSTW9NLDPXTQ2EQA2OX2WYD26,"31.24472148341618,29.975529109664514",1,375 METRE,NA,THURSDAY,SW1,0,425,ENABLED,0,0,DISABLED
9839600952,MARKET ABO TALEB,Store Inactive,Alexandria,Al Iskandarīyah,00000,DEX5,M T W T _ S S,C446NFIZARMLJERAANLIG12LN9WTSORSDA2CDSROSTW9NLDPXTQ2EQA2OX2WYD26,"31.24472148341618,29.975529109664514",1,375 METRE,NA,THURSDAY,SW2,0,425,DISABLED,0,0,DISABLED
9839600952,MARKET ABO TALEB,Store Inactive,Alexandria,Al Iskandarīyah,00000,DEX5,M T W T _ S S,C446NFIZARMLJERAANLIG12LN9WTSORSDA2CDSROSTW9NLDPXTQ2EQA2OX2WYD26,"31.24472148341618,29.975529109664514",1,375 METRE,NA,FRIDAY,SW1,0,425,ENABLED,0,0,DISABLED
9839600952,MARKET ABO TALEB,Store Inactive,Alexandria,Al Iskandarīyah,00000,DEX5,M T W T _ S S,C446NFIZARMLJERAANLIG12LN9WTSORSDA2CDSROSTW9NLDPXTQ2EQA2OX2WYD26,"31.24472148341618,29.975529109664514",1,375 METRE,NA,FRIDAY,SW2,0,425,DISABLED,0,0,DISABLED
9839600952,MARKET ABO TALEB,Store Inactive,Alexandria,Al Iskandarīyah,00000,DEX5,M T W T _ S S,C446NFIZARMLJERAANLIG12LN9WTSORSDA2CDSROSTW9NLDPXTQ2EQA2OX2WYD26,"31.24472148341618,29.975529109664514",1,375 METRE,NA,SATURDAY,SW1,0,425,ENABLED,0,0,DISABLED
9839600952,MARKET ABO TALEB,Store Inactive,Alexandria,Al Iskandarīyah,00000,DEX5,M T W T _ S S,C446NFIZARMLJERAANLIG12LN9WTSORSDA2CDSROSTW9NLDPXTQ2EQA2OX2WYD26,"31.24472148341618,29.975529109664514",1,375 METRE,NA,SATURDAY,SW2,0,425,DISABLED,0,0,DISABLED
9839600952,MARKET ABO TALEB,Store Inactive,Alexandria,Al Iskandarīyah,00000,DEX5,M T W T _ S S,C446NFIZARMLJERAANLIG12LN9WTSORSDA2CDSROSTW9NLDPXTQ2EQA2OX2WYD26,"31.24472148341618,29.975529109664514",1,375 METRE,NA,SUNDAY,SW1,0,425,ENABLED,0,0,DISABLED
9839600952,MARKET ABO TALEB,Store Inactive,Alexandria,Al Iskandarīyah,00000,DEX5,M T W T _ S S,C446NFIZARMLJERAANLIG12LN9WTSORSDA2CDSROSTW9NLDPXTQ2EQA2OX2WYD26,"31.24472148341618,29.975529109664514",1,375 METRE,NA,SUNDAY,SW2,0,425,DISABLED,0,0,DISABLED
5105389640,Bashir vegetables,Store Active,Alexandria,Al Iskandarīyah,00000,DEX5,M T W T F S S,NIOWRAUVUIUQFFLTZGNEG12LN9WTSORSDA2CDSROSTW9NLDPXTQ2EIA2OXM46IXJ,"31.21716795,29.94428864",1,375 METRE,18 Nov 2024 13:08:58 GMT,MONDAY,SW1,50,425,ENABLED,0,0,DISABLED
5105389640,Bashir vegetables,Store Active,Alexandria,Al Iskandarīyah,00000,DEX5,M T W T F S S,NIOWRAUVUIUQFFLTZGNEG12LN9WTSORSDA2CDSROSTW9NLDPXTQ2EIA2OXM46IXJ,"31.21716795,29.94428864",1,375 METRE,18 Nov 2024 13:08:58 GMT,MONDAY,SW2,50,425,DISABLED,0,0,DISABLED
5105389640,Bashir vegetables,Store Active,Alexandria,Al Iskandarīyah,00000,DEX5,M T W T F S S,NIOWRAUVUIUQFFLTZGNEG12LN9WTSORSDA2CDSROSTW9NLDPXTQ2EIA2OXM46IXJ,"31.21716795,29.94428864",1,375 METRE,18 Nov 2024 13:08:58 GMT,TUESDAY,SW1,50,425,ENABLED,0,0,DISABLED
5105389640,Bashir vegetables,Store Active,Alexandria,Al Iskandarīyah,00000,DEX5,M T W T F S S,NIOWRAUVUIUQFFLTZGNEG12LN9WTSORSDA2CDSROSTW9NLDPXTQ2EIA2OXM46IXJ,"31.21716795,29.94428864",1,375 METRE,18 Nov 2024 13:08:58 GMT,TUESDAY,SW2,50,425,DISABLED,0,0,DISABLED
5105389640,Bashir vegetables,Store Active,Alexandria,Al Iskandarīyah,00000,DEX5,M T W T F S S,NIOWRAUVUIUQFFLTZGNEG12LN9WTSORSDA2CDSROSTW9NLDPXTQ2EIA2OXM46IXJ,"31.21716795,29.94428864",1,375 METRE,18 Nov 2024 13:08:58 GMT,WEDNESDAY,SW1,50,425,ENABLED,0,0,DISABLED
5105389640,Bashir vegetables,Store Active,Alexandria,Al Iskandarīyah,00000,DEX5,M T W T F S S,NIOWRAUVUIUQFFLTZGNEG12LN9WTSORSDA2CDSROSTW9NLDPXTQ2EIA2OXM46IXJ,"31.21716795,29.94428864",1,375 METRE,18 Nov 2024 13:08:58 GMT,WEDNESDAY,SW2,50,425,DISABLED,0,0,DISABLED
5105389640,Bashir vegetables,Store Active,Alexandria,Al Iskandarīyah,00000,DEX5,M T W T F S S,NIOWRAUVUIUQFFLTZGNEG12LN9WTSORSDA2CDSROSTW9NLDPXTQ2EIA2OXM46IXJ,"31.21716795,29.94428864",1,375 METRE,18 Nov 2024 13:08:58 GMT,THURSDAY,SW1,50,425,ENABLED,0,0,DISABLED
5105389640,Bashir vegetables,Store Active,Alexandria,Al Iskandarīyah,00000,DEX5,M T W T F S S,NIOWRAUVUIUQFFLTZGNEG12LN9WTSORSDA2CDSROSTW9NLDPXTQ2EIA2OXM46IXJ,"31.21716795,29.94428864",1,375 METRE,18 Nov 2024 13:08:58 GMT,THURSDAY,SW2,50,425,DISABLED,0,0,DISABLED
5105389640,Bashir vegetables,Store Active,Alexandria,Al Iskandarīyah,00000,DEX5,M T W T F S S,NIOWRAUVUIUQFFLTZGNEG12LN9WTSORSDA2CDSROSTW9NLDPXTQ2EIA2OXM46IXJ,"31.21716795,29.94428864",1,375 METRE,18 Nov 2024 13:08:58 GMT,FRIDAY,SW1,50,425,ENABLED,0,0,DISABLED
5105389640,Bashir vegetables,Store Active,Alexandria,Al Iskandarīyah,00000,DEX5,M T W T F S S,NIOWRAUVUIUQFFLTZGNEG12LN9WTSORSDA2CDSROSTW9NLDPXTQ2EIA2OXM46IXJ,"31.21716795,29.94428864",1,375 METRE,18 Nov 2024 13:08:58 GMT,FRIDAY,SW2,50,425,DISABLED,0,0,DISABLED
5105389640,Bashir vegetables,Store Active,Alexandria,Al Iskandarīyah,00000,DEX5,M T W T F S S,NIOWRAUVUIUQFFLTZGNEG12LN9WTSORSDA2CDSROSTW9NLDPXTQ2EIA2OXM46IXJ,"31.21716795,29.94428864",1,375 METRE,18 Nov 2024 13:08:58 GMT,SATURDAY,SW1,50,425,ENABLED,0,0,DISABLED
5105389640,Bashir vegetables,Store Active,Alexandria,Al Iskandarīyah,00000,DEX5,M T W T F S S,NIOWRAUVUIUQFFLTZGNEG12LN9WTSORSDA2CDSROSTW9NLDPXTQ2EIA2OXM46IXJ,"31.21716795,29.94428864",1,375 METRE,18 Nov 2024 13:08:58 GMT,SATURDAY,SW2,50,425,DISABLED,0,0,DISABLED
5105389640,Bashir vegetables,Store Active,Alexandria,Al Iskandarīyah,00000,DEX5,M T W T F S S,NIOWRAUVUIUQFFLTZGNEG12LN9WTSORSDA2CDSROSTW9NLDPXTQ2EIA2OXM46IXJ,"31.21716795,29.94428864",1,375 METRE,18 Nov 2024 13:08:58 GMT,SUNDAY,SW1,50,425,ENABLED,0,0,DISABLED
5105389640,Bashir vegetables,Store Active,Alexandria,Al Iskandarīyah,00000,DEX5,M T W T F S S,NIOWRAUVUIUQFFLTZGNEG12LN9WTSORSDA2CDSROSTW9NLDPXTQ2EIA2OXM46IXJ,"31.21716795,29.94428864",1,375 METRE,18 Nov 2024 13:08:58 GMT,SUNDAY,SW2,50,425,DISABLED,0,0,DISABLED
4718866738,مكتبة الوسام,Store Active,Alexandria,Al Iskandarīyah,00000,DEX5,M T W T _ S S,GTZHSRLFBSKRGVPIUUMQG12LN9WTSORSDA2CDSROSTW9NLDPXTQ2EIA2OX2WCCN7,"31.212258207628583,29.944514338500706",1,375 METRE,16 Jul 2025 10:33:12 GMT,MONDAY,SW1,30,425,ENABLED,0,0,DISABLED
4718866738,مكتبة الوسام,Store Active,Alexandria,Al Iskandarīyah,00000,DEX5,M T W T _ S S,GTZHSRLFBSKRGVPIUUMQG12LN9WTSORSDA2CDSROSTW9NLDPXTQ2EIA2OX2WCCN7,"31.212258207628583,29.944514338500706",1,375 METRE,16 Jul 2025 10:33:12 GMT,MONDAY,SW2,30,425,DISABLED,0,0,DISABLED
4718866738,مكتبة الوسام,Store Active,Alexandria,Al Iskandarīyah,00000,DEX5,M T W T _ S S,GTZHSRLFBSKRGVPIUUMQG12LN9WTSORSDA2CDSROSTW9NLDPXTQ2EIA2OX2WCCN7,"31.212258207628583,29.944514338500706",1,375 METRE,16 Jul 2025 10:33:12 GMT,TUESDAY,SW1,30,425,ENABLED,0,0,DISABLED
4718866738,مكتبة الوسام,Store Active,Alexandria,Al Iskandarīyah,00000,DEX5,M T W T _ S S,GTZHSRLFBSKRGVPIUUMQG12LN9WTSORSDA2CDSROSTW9NLDPXTQ2EIA2OX2WCCN7,"31.212258207628583,29.944514338500706",1,375 METRE,16 Jul 2025 10:33:12 GMT,TUESDAY,SW2,30,425,DISABLED,0,0,DISABLED
4718866738,مكتبة الوسام,Store Active,Alexandria,Al Iskandarīyah,00000,DEX5,M T W T _ S S,GTZHSRLFBSKRGVPIUUMQG12LN9WTSORSDA2CDSROSTW9NLDPXTQ2EIA2OX2WCCN7,"31.212258207628583,29.944514338500706",1,375 METRE,16 Jul 2025 10:33:12 GMT,WEDNESDAY,SW1,30,425,ENABLED,0,0,DISABLED
4718866738,مكتبة الوسام,Store Active,Alexandria,Al Iskandarīyah,00000,DEX5,M T W T _ S S,GTZHSRLFBSKRGVPIUUMQG12LN9WTSORSDA2CDSROSTW9NLDPXTQ2EIA2OX2WCCN7,"31.212258207628583,29.944514338500706",1,375 METRE,16 Jul 2025 10:33:12 GMT,WEDNESDAY,SW2,30,425,DISABLED,0,0,DISABLED
4718866738,مكتبة الوسام,Store Active,Alexandria,Al Iskandarīyah,00000,DEX5,M T W T _ S S,GTZHSRLFBSKRGVPIUUMQG12LN9WTSORSDA2CDSROSTW9NLDPXTQ2EIA2OX2WCCN7,"31.212258207628583,29.944514338500706",1,375 METRE,16 Jul 2025 10:33:12 GMT,THURSDAY,SW1,30,425,ENABLED,0,0,DISABLED
4718866738,مكتبة الوسام,Store Active,Alexandria,Al Iskandarīyah,00000,DEX5,M T W T _ S S,GTZHSRLFBSKRGVPIUUMQG12LN9WTSORSDA2CDSROSTW9NLDPXTQ2EIA2OX2WCCN7,"31.212258207628583,29.944514338500706",1,375 METRE,16 Jul 2025 10:33:12 GMT,THURSDAY,SW2,30,425,DISABLED,0,0,DISABLED
4718866738,مكتبة الوسام,Store Active,Alexandria,Al Iskandarīyah,00000,DEX5,M T W T _ S S,GTZHSRLFBSKRGVPIUUMQG12LN9WTSORSDA2CDSROSTW9NLDPXTQ2EIA2OX2WCCN7,"31.212258207628583,29.944514338500706",1,375 METRE,16 Jul 2025 10:33:12 GMT,FRIDAY,SW1,30,425,ENABLED,0,0,DISABLED
4718866738,مكتبة الوسام,Store Active,Alexandria,Al Iskandarīyah,00000,DEX5,M T W T _ S S,GTZHSRLFBSKRGVPIUUMQG12LN9WTSORSDA2CDSROSTW9NLDPXTQ2EIA2OX2WCCN7,"31.212258207628583,29.944514338500706",1,375 METRE,16 Jul 2025 10:33:12 GMT,FRIDAY,SW2,30,425,DISABLED,0,0,DISABLED
4718866738,مكتبة الوسام,Store Active,Alexandria,Al Iskandarīyah,00000,DEX5,M T W T _ S S,GTZHSRLFBSKRGVPIUUMQG12LN9WTSORSDA2CDSROSTW9NLDPXTQ2EIA2OX2WCCN7,"31.212258207628583,29.944514338500706",1,375 METRE,16 Jul 2025 10:33:12 GMT,SATURDAY,SW1,30,425,ENABLED,0,0,DISABLED
4718866738,مكتبة الوسام,Store Active,Alexandria,Al Iskandarīyah,00000,DEX5,M T W T _ S S,GTZHSRLFBSKRGVPIUUMQG12LN9WTSORSDA2CDSROSTW9NLDPXTQ2EIA2OX2WCCN7,"31.212258207628583,29.944514338500706",1,375 METRE,16 Jul 2025 10:33:12 GMT,SATURDAY,SW2,30,425,DISABLED,0,0,DISABLED
4718866738,مكتبة الوسام,Store Active,Alexandria,Al Iskandarīyah,00000,DEX5,M T W T _ S S,GTZHSRLFBSKRGVPIUUMQG12LN9WTSORSDA2CDSROSTW9NLDPXTQ2EIA2OX2WCCN7,"31.212258207628583,29.944514338500706",1,375 METRE,16 Jul 2025 10:33:12 GMT,SUNDAY,SW1,30,425,ENABLED,0,0,DISABLED
4718866738,مكتبة الوسام,Store Active,Alexandria,Al Iskandarīyah,00000,DEX5,M T W T _ S S,GTZHSRLFBSKRGVPIUUMQG12LN9WTSORSDA2CDSROSTW9NLDPXTQ2EIA2OX2WCCN7,"31.212258207628583,29.944514338500706",1,375 METRE,16 Jul 2025 10:33:12 GMT,SUNDAY,SW2,30,425,DISABLED,0,0,DISABLED
3494052535,على العجلاتى,Store Active,alexandria,Al Iskandarīyah,00000,DEX5,M T W T _ S S,TBKSLJ447NZGA224UAAMG12LN9WTSORSDA2CDSROSTW9NLDPXTQ2EIA2OXRE3Z3K,"31.2408617856691,29.993223999999998",1,300 METRE,29 Apr 2026 13:51:24 GMT,MONDAY,SW1,50,425,ENABLED,0,0,DISABLED
3494052535,على العجلاتى,Store Active,alexandria,Al Iskandarīyah,00000,DEX5,M T W T _ S S,TBKSLJ447NZGA224UAAMG12LN9WTSORSDA2CDSROSTW9NLDPXTQ2EIA2OXRE3Z3K,"31.2408617856691,29.993223999999998",1,300 METRE,29 Apr 2026 13:51:24 GMT,MONDAY,SW2,50,425,DISABLED,0,0,DISABLED
3494052535,على العجلاتى,Store Active,alexandria,Al Iskandarīyah,00000,DEX5,M T W T _ S S,TBKSLJ447NZGA224UAAMG12LN9WTSORSDA2CDSROSTW9NLDPXTQ2EIA2OXRE3Z3K,"31.2408617856691,29.993223999999998",1,300 METRE,29 Apr 2026 13:51:24 GMT,TUESDAY,SW1,50,425,ENABLED,0,0,DISABLED
3494052535,على العجلاتى,Store Active,alexandria,Al Iskandarīyah,00000,DEX5,M T W T _ S S,TBKSLJ447NZGA224UAAMG12LN9WTSORSDA2CDSROSTW9NLDPXTQ2EIA2OXRE3Z3K,"31.2408617856691,29.993223999999998",1,300 METRE,29 Apr 2026 13:51:24 GMT,TUESDAY,SW2,50,425,DISABLED,0,0,DISABLED
3494052535,على العجلاتى,Store Active,alexandria,Al Iskandarīyah,00000,DEX5,M T W T _ S S,TBKSLJ447NZGA224UAAMG12LN9WTSORSDA2CDSROSTW9NLDPXTQ2EIA2OXRE3Z3K,"31.2408617856691,29.993223999999998",1,300 METRE,29 Apr 2026 13:51:24 GMT,WEDNESDAY,SW1,50,425,ENABLED,0,0,DISABLED
3494052535,على العجلاتى,Store Active,alexandria,Al Iskandarīyah,00000,DEX5,M T W T _ S S,TBKSLJ447NZGA224UAAMG12LN9WTSORSDA2CDSROSTW9NLDPXTQ2EIA2OXRE3Z3K,"31.2408617856691,29.993223999999998",1,300 METRE,29 Apr 2026 13:51:24 GMT,WEDNESDAY,SW2,50,425,DISABLED,0,0,DISABLED
3494052535,على العجلاتى,Store Active,alexandria,Al Iskandarīyah,00000,DEX5,M T W T _ S S,TBKSLJ447NZGA224UAAMG12LN9WTSORSDA2CDSROSTW9NLDPXTQ2EIA2OXRE3Z3K,"31.2408617856691,29.993223999999998",1,300 METRE,29 Apr 2026 13:51:24 GMT,THURSDAY,SW1,50,425,ENABLED,0,0,DISABLED
3494052535,على العجلاتى,Store Active,alexandria,Al Iskandarīyah,00000,DEX5,M T W T _ S S,TBKSLJ447NZGA224UAAMG12LN9WTSORSDA2CDSROSTW9NLDPXTQ2EIA2OXRE3Z3K,"31.2408617856691,29.993223999999998",1,300 METRE,29 Apr 2026 13:51:24 GMT,THURSDAY,SW2,50,425,DISABLED,0,0,DISABLED
3494052535,على العجلاتى,Store Active,alexandria,Al Iskandarīyah,00000,DEX5,M T W T _ S S,TBKSLJ447NZGA224UAAMG12LN9WTSORSDA2CDSROSTW9NLDPXTQ2EIA2OXRE3Z3K,"31.2408617856691,29.993223999999998",1,300 METRE,29 Apr 2026 13:51:24 GMT,FRIDAY,SW1,50,425,ENABLED,0,0,DISABLED
3494052535,على العجلاتى,Store Active,alexandria,Al Iskandarīyah,00000,DEX5,M T W T _ S S,TBKSLJ447NZGA224UAAMG12LN9WTSORSDA2CDSROSTW9NLDPXTQ2EIA2OXRE3Z3K,"31.2408617856691,29.993223999999998",1,300 METRE,29 Apr 2026 13:51:24 GMT,FRIDAY,SW2,50,425,DISABLED,0,0,DISABLED
3494052535,على العجلاتى,Store Active,alexandria,Al Iskandarīyah,00000,DEX5,M T W T _ S S,TBKSLJ447NZGA224UAAMG12LN9WTSORSDA2CDSROSTW9NLDPXTQ2EIA2OXRE3Z3K,"31.2408617856691,29.993223999999998",1,300 METRE,29 Apr 2026 13:51:24 GMT,SATURDAY,SW1,50,425,ENABLED,0,0,DISABLED
3494052535,على العجلاتى,Store Active,alexandria,Al Iskandarīyah,00000,DEX5,M T W T _ S S,TBKSLJ447NZGA224UAAMG12LN9WTSORSDA2CDSROSTW9NLDPXTQ2EIA2OXRE3Z3K,"31.2408617856691,29.993223999999998",1,300 METRE,29 Apr 2026 13:51:24 GMT,SATURDAY,SW2,50,425,DISABLED,0,0,DISABLED
3494052535,على العجلاتى,Store Active,alexandria,Al Iskandarīyah,00000,DEX5,M T W T _ S S,TBKSLJ447NZGA224UAAMG12LN9WTSORSDA2CDSROSTW9NLDPXTQ2EIA2OXRE3Z3K,"31.2408617856691,29.993223999999998",1,300 METRE,29 Apr 2026 13:51:24 GMT,SUNDAY,SW1,50,425,ENABLED,0,0,DISABLED
3494052535,على العجلاتى,Store Active,alexandria,Al Iskandarīyah,00000,DEX5,M T W T _ S S,TBKSLJ447NZGA224UAAMG12LN9WTSORSDA2CDSROSTW9NLDPXTQ2EIA2OXRE3Z3K,"31.2408617856691,29.993223999999998",1,300 METRE,29 Apr 2026 13:51:24 GMT,SUNDAY,SW2,50,425,DISABLED,0,0,DISABLED
8320226745,الديري2,Store Active,الاسكندريه,Al Iskandarīyah,00000,DEX5,_ T W T F S S,C57AJCOPGJBMAMDX2JJIG12LN9WTSORSDA2CDSROSTW9NLDPXTQ2EIA2OX43QUBJ,"31.2421445394339,29.964490911560322",2,375 METRE,9 Jul 2024 13:05:55 GMT,MONDAY,SW1,50,425,ENABLED,0,0,DISABLED
8320226745,الديري2,Store Active,الاسكندريه,Al Iskandarīyah,00000,DEX5,_ T W T F S S,C57AJCOPGJBMAMDX2JJIG12LN9WTSORSDA2CDSROSTW9NLDPXTQ2EIA2OX43QUBJ,"31.2421445394339,29.964490911560322",2,375 METRE,9 Jul 2024 13:05:55 GMT,MONDAY,SW2,50,425,DISABLED,0,0,DISABLED
8320226745,الديري2,Store Active,الاسكندريه,Al Iskandarīyah,00000,DEX5,_ T W T F S S,C57AJCOPGJBMAMDX2JJIG12LN9WTSORSDA2CDSROSTW9NLDPXTQ2EIA2OX43QUBJ,"31.2421445394339,29.964490911560322",2,375 METRE,9 Jul 2024 13:05:55 GMT,TUESDAY,SW1,50,425,ENABLED,0,0,DISABLED
8320226745,الديري2,Store Active,الاسكندريه,Al Iskandarīyah,00000,DEX5,_ T W T F S S,C57AJCOPGJBMAMDX2JJIG12LN9WTSORSDA2CDSROSTW9NLDPXTQ2EIA2OX43QUBJ,"31.2421445394339,29.964490911560322",2,375 METRE,9 Jul 2024 13:05:55 GMT,TUESDAY,SW2,50,425,DISABLED,0,0,DISABLED
8320226745,الديري2,Store Active,الاسكندريه,Al Iskandarīyah,00000,DEX5,_ T W T F S S,C57AJCOPGJBMAMDX2JJIG12LN9WTSORSDA2CDSROSTW9NLDPXTQ2EIA2OX43QUBJ,"31.2421445394339,29.964490911560322",2,375 METRE,9 Jul 2024 13:05:55 GMT,WEDNESDAY,SW1,50,425,ENABLED,0,0,DISABLED
8320226745,الديري2,Store Active,الاسكندريه,Al Iskandarīyah,00000,DEX5,_ T W T F S S,C57AJCOPGJBMAMDX2JJIG12LN9WTSORSDA2CDSROSTW9NLDPXTQ2EIA2OX43QUBJ,"31.2421445394339,29.964490911560322",2,375 METRE,9 Jul 2024 13:05:55 GMT,WEDNESDAY,SW2,50,425,DISABLED,0,0,DISABLED
8320226745,الديري2,Store Active,الاسكندريه,Al Iskandarīyah,00000,DEX5,_ T W T F S S,C57AJCOPGJBMAMDX2JJIG12LN9WTSORSDA2CDSROSTW9NLDPXTQ2EIA2OX43QUBJ,"31.2421445394339,29.964490911560322",2,375 METRE,9 Jul 2024 13:05:55 GMT,THURSDAY,SW1,50,425,ENABLED,0,0,DISABLED
8320226745,الديري2,Store Active,الاسكندريه,Al Iskandarīyah,00000,DEX5,_ T W T F S S,C57AJCOPGJBMAMDX2JJIG12LN9WTSORSDA2CDSROSTW9NLDPXTQ2EIA2OX43QUBJ,"31.2421445394339,29.964490911560322",2,375 METRE,9 Jul 2024 13:05:55 GMT,THURSDAY,SW2,50,425,DISABLED,0,0,DISABLED
8320226745,الديري2,Store Active,الاسكندريه,Al Iskandarīyah,00000,DEX5,_ T W T F S S,C57AJCOPGJBMAMDX2JJIG12LN9WTSORSDA2CDSROSTW9NLDPXTQ2EIA2OX43QUBJ,"31.2421445394339,29.964490911560322",2,375 METRE,9 Jul 2024 13:05:55 GMT,FRIDAY,SW1,50,425,ENABLED,0,0,DISABLED
8320226745,الديري2,Store Active,الاسكندريه,Al Iskandarīyah,00000,DEX5,_ T W T F S S,C57AJCOPGJBMAMDX2JJIG12LN9WTSORSDA2CDSROSTW9NLDPXTQ2EIA2OX43QUBJ,"31.2421445394339,29.964490911560322",2,375 METRE,9 Jul 2024 13:05:55 GMT,FRIDAY,SW2,50,425,DISABLED,0,0,DISABLED
8320226745,الديري2,Store Active,الاسكندريه,Al Iskandarīyah,00000,DEX5,_ T W T F S S,C57AJCOPGJBMAMDX2JJIG12LN9WTSORSDA2CDSROSTW9NLDPXTQ2EIA2OX43QUBJ,"31.2421445394339,29.964490911560322",2,375 METRE,9 Jul 2024 13:05:55 GMT,SATURDAY,SW1,50,425,ENABLED,0,0,DISABLED
8320226745,الديري2,Store Active,الاسكندريه,Al Iskandarīyah,00000,DEX5,_ T W T F S S,C57AJCOPGJBMAMDX2JJIG12LN9WTSORSDA2CDSROSTW9NLDPXTQ2EIA2OX43QUBJ,"31.2421445394339,29.964490911560322",2,375 METRE,9 Jul 2024 13:05:55 GMT,SATURDAY,SW2,50,425,DISABLED,0,0,DISABLED
8320226745,الديري2,Store Active,الاسكندريه,Al Iskandarīyah,00000,DEX5,_ T W T F S S,C57AJCOPGJBMAMDX2JJIG12LN9WTSORSDA2CDSROSTW9NLDPXTQ2EIA2OX43QUBJ,"31.2421445394339,29.964490911560322",2,375 METRE,9 Jul 2024 13:05:55 GMT,SUNDAY,SW1,50,425,ENABLED,0,0,DISABLED
8320226745,الديري2,Store Active,الاسكندريه,Al Iskandarīyah,00000,DEX5,_ T W T F S S,C57AJCOPGJBMAMDX2JJIG12LN9WTSORSDA2CDSROSTW9NLDPXTQ2EIA2OX43QUBJ,"31.2421445394339,29.964490911560322",2,375 METRE,9 Jul 2024 13:05:55 GMT,SUNDAY,SW2,50,425,DISABLED,0,0,DISABLED
