Store ID,Store Name,Status,City,State,ZipCode,Geocodes,Address Id,Station Code,Operating Days,Delivery Radius,Activation Date,Terminal Reason,Day of Week,Supply Window,SW Max Cap,SW Coverage,SW Status,SW Preferred Capacity,SW Relaxed Coverage,SW Preferred Values Status
3207812612,طلعت المصري,Store Active,alexandria,Al Iskandarīyah,00000,"31.209625079435764,29.941271962379965",EFENURDYAAIC2QBPVZXIG12LN9WTSORSDA2CDSROSTW9NLDPXTQ2EIA2OXSHQMYV,DEX5,M T W T _ S S,400 METRE,29 Jun 2026 09:06:40 GMT,,MONDAY,SW1,21,450,ENABLED,0,0,DISABLED
3207812612,طلعت المصري,Store Active,alexandria,Al Iskandarīyah,00000,"31.209625079435764,29.941271962379965",EFENURDYAAIC2QBPVZXIG12LN9WTSORSDA2CDSROSTW9NLDPXTQ2EIA2OXSHQMYV,DEX5,M T W T _ S S,400 METRE,29 Jun 2026 09:06:40 GMT,,MONDAY,SW2,21,450,DISABLED,0,0,DISABLED
3207812612,طلعت المصري,Store Active,alexandria,Al Iskandarīyah,00000,"31.209625079435764,29.941271962379965",EFENURDYAAIC2QBPVZXIG12LN9WTSORSDA2CDSROSTW9NLDPXTQ2EIA2OXSHQMYV,DEX5,M T W T _ S S,400 METRE,29 Jun 2026 09:06:40 GMT,,TUESDAY,SW1,21,450,ENABLED,0,0,DISABLED
3207812612,طلعت المصري,Store Active,alexandria,Al Iskandarīyah,00000,"31.209625079435764,29.941271962379965",EFENURDYAAIC2QBPVZXIG12LN9WTSORSDA2CDSROSTW9NLDPXTQ2EIA2OXSHQMYV,DEX5,M T W T _ S S,400 METRE,29 Jun 2026 09:06:40 GMT,,TUESDAY,SW2,21,450,DISABLED,0,0,DISABLED
3207812612,طلعت المصري,Store Active,alexandria,Al Iskandarīyah,00000,"31.209625079435764,29.941271962379965",EFENURDYAAIC2QBPVZXIG12LN9WTSORSDA2CDSROSTW9NLDPXTQ2EIA2OXSHQMYV,DEX5,M T W T _ S S,400 METRE,29 Jun 2026 09:06:40 GMT,,WEDNESDAY,SW1,21,450,ENABLED,0,0,DISABLED
3207812612,طلعت المصري,Store Active,alexandria,Al Iskandarīyah,00000,"31.209625079435764,29.941271962379965",EFENURDYAAIC2QBPVZXIG12LN9WTSORSDA2CDSROSTW9NLDPXTQ2EIA2OXSHQMYV,DEX5,M T W T _ S S,400 METRE,29 Jun 2026 09:06:40 GMT,,WEDNESDAY,SW2,21,450,DISABLED,0,0,DISABLED
3207812612,طلعت المصري,Store Active,alexandria,Al Iskandarīyah,00000,"31.209625079435764,29.941271962379965",EFENURDYAAIC2QBPVZXIG12LN9WTSORSDA2CDSROSTW9NLDPXTQ2EIA2OXSHQMYV,DEX5,M T W T _ S S,400 METRE,29 Jun 2026 09:06:40 GMT,,THURSDAY,SW1,21,450,ENABLED,0,0,DISABLED
3207812612,طلعت المصري,Store Active,alexandria,Al Iskandarīyah,00000,"31.209625079435764,29.941271962379965",EFENURDYAAIC2QBPVZXIG12LN9WTSORSDA2CDSROSTW9NLDPXTQ2EIA2OXSHQMYV,DEX5,M T W T _ S S,400 METRE,29 Jun 2026 09:06:40 GMT,,THURSDAY,SW2,21,450,DISABLED,0,0,DISABLED
3207812612,طلعت المصري,Store Active,alexandria,Al Iskandarīyah,00000,"31.209625079435764,29.941271962379965",EFENURDYAAIC2QBPVZXIG12LN9WTSORSDA2CDSROSTW9NLDPXTQ2EIA2OXSHQMYV,DEX5,M T W T _ S S,400 METRE,29 Jun 2026 09:06:40 GMT,,FRIDAY,SW1,21,450,ENABLED,0,0,DISABLED
3207812612,طلعت المصري,Store Active,alexandria,Al Iskandarīyah,00000,"31.209625079435764,29.941271962379965",EFENURDYAAIC2QBPVZXIG12LN9WTSORSDA2CDSROSTW9NLDPXTQ2EIA2OXSHQMYV,DEX5,M T W T _ S S,400 METRE,29 Jun 2026 09:06:40 GMT,,FRIDAY,SW2,21,450,DISABLED,0,0,DISABLED
3207812612,طلعت المصري,Store Active,alexandria,Al Iskandarīyah,00000,"31.209625079435764,29.941271962379965",EFENURDYAAIC2QBPVZXIG12LN9WTSORSDA2CDSROSTW9NLDPXTQ2EIA2OXSHQMYV,DEX5,M T W T _ S S,400 METRE,29 Jun 2026 09:06:40 GMT,,SATURDAY,SW1,21,450,ENABLED,0,0,DISABLED
3207812612,طلعت المصري,Store Active,alexandria,Al Iskandarīyah,00000,"31.209625079435764,29.941271962379965",EFENURDYAAIC2QBPVZXIG12LN9WTSORSDA2CDSROSTW9NLDPXTQ2EIA2OXSHQMYV,DEX5,M T W T _ S S,400 METRE,29 Jun 2026 09:06:40 GMT,,SATURDAY,SW2,21,450,DISABLED,0,0,DISABLED
3207812612,طلعت المصري,Store Active,alexandria,Al Iskandarīyah,00000,"31.209625079435764,29.941271962379965",EFENURDYAAIC2QBPVZXIG12LN9WTSORSDA2CDSROSTW9NLDPXTQ2EIA2OXSHQMYV,DEX5,M T W T _ S S,400 METRE,29 Jun 2026 09:06:40 GMT,,SUNDAY,SW1,21,450,ENABLED,0,0,DISABLED
3207812612,طلعت المصري,Store Active,alexandria,Al Iskandarīyah,00000,"31.209625079435764,29.941271962379965",EFENURDYAAIC2QBPVZXIG12LN9WTSORSDA2CDSROSTW9NLDPXTQ2EIA2OXSHQMYV,DEX5,M T W T _ S S,400 METRE,29 Jun 2026 09:06:40 GMT,,SUNDAY,SW2,21,450,DISABLED,0,0,DISABLED
3295613877,مكتبة بصمه,Store Active,alexandria,Al Iskandarīyah,00000,"31.241237264114684,29.976142595476567",W7IK2YTPKL4P57QFSXKAG12LN9WTSORSDA2CDSROSTW9NLDPXTQ2EIA2OXHMWCWS,DEX5,M T W T _ S S,2000 METRE,28 Jul 2026 08:13:58 GMT,,MONDAY,SW1,25,450,ENABLED,0,0,DISABLED
3295613877,مكتبة بصمه,Store Active,alexandria,Al Iskandarīyah,00000,"31.241237264114684,29.976142595476567",W7IK2YTPKL4P57QFSXKAG12LN9WTSORSDA2CDSROSTW9NLDPXTQ2EIA2OXHMWCWS,DEX5,M T W T _ S S,2000 METRE,28 Jul 2026 08:13:58 GMT,,MONDAY,SW2,25,4050,DISABLED,0,0,DISABLED
3295613877,مكتبة بصمه,Store Active,alexandria,Al Iskandarīyah,00000,"31.241237264114684,29.976142595476567",W7IK2YTPKL4P57QFSXKAG12LN9WTSORSDA2CDSROSTW9NLDPXTQ2EIA2OXHMWCWS,DEX5,M T W T _ S S,2000 METRE,28 Jul 2026 08:13:58 GMT,,TUESDAY,SW1,25,450,ENABLED,0,0,DISABLED
3295613877,مكتبة بصمه,Store Active,alexandria,Al Iskandarīyah,00000,"31.241237264114684,29.976142595476567",W7IK2YTPKL4P57QFSXKAG12LN9WTSORSDA2CDSROSTW9NLDPXTQ2EIA2OXHMWCWS,DEX5,M T W T _ S S,2000 METRE,28 Jul 2026 08:13:58 GMT,,TUESDAY,SW2,25,4050,DISABLED,0,0,DISABLED
3295613877,مكتبة بصمه,Store Active,alexandria,Al Iskandarīyah,00000,"31.241237264114684,29.976142595476567",W7IK2YTPKL4P57QFSXKAG12LN9WTSORSDA2CDSROSTW9NLDPXTQ2EIA2OXHMWCWS,DEX5,M T W T _ S S,2000 METRE,28 Jul 2026 08:13:58 GMT,,WEDNESDAY,SW1,25,450,ENABLED,0,0,DISABLED
3295613877,مكتبة بصمه,Store Active,alexandria,Al Iskandarīyah,00000,"31.241237264114684,29.976142595476567",W7IK2YTPKL4P57QFSXKAG12LN9WTSORSDA2CDSROSTW9NLDPXTQ2EIA2OXHMWCWS,DEX5,M T W T _ S S,2000 METRE,28 Jul 2026 08:13:58 GMT,,WEDNESDAY,SW2,25,4050,DISABLED,0,0,DISABLED
3295613877,مكتبة بصمه,Store Active,alexandria,Al Iskandarīyah,00000,"31.241237264114684,29.976142595476567",W7IK2YTPKL4P57QFSXKAG12LN9WTSORSDA2CDSROSTW9NLDPXTQ2EIA2OXHMWCWS,DEX5,M T W T _ S S,2000 METRE,28 Jul 2026 08:13:58 GMT,,THURSDAY,SW1,25,450,ENABLED,0,0,DISABLED
3295613877,مكتبة بصمه,Store Active,alexandria,Al Iskandarīyah,00000,"31.241237264114684,29.976142595476567",W7IK2YTPKL4P57QFSXKAG12LN9WTSORSDA2CDSROSTW9NLDPXTQ2EIA2OXHMWCWS,DEX5,M T W T _ S S,2000 METRE,28 Jul 2026 08:13:58 GMT,,THURSDAY,SW2,25,4050,DISABLED,0,0,DISABLED
3295613877,مكتبة بصمه,Store Active,alexandria,Al Iskandarīyah,00000,"31.241237264114684,29.976142595476567",W7IK2YTPKL4P57QFSXKAG12LN9WTSORSDA2CDSROSTW9NLDPXTQ2EIA2OXHMWCWS,DEX5,M T W T _ S S,2000 METRE,28 Jul 2026 08:13:58 GMT,,FRIDAY,SW1,25,2050,ENABLED,0,0,DISABLED
3295613877,مكتبة بصمه,Store Active,alexandria,Al Iskandarīyah,00000,"31.241237264114684,29.976142595476567",W7IK2YTPKL4P57QFSXKAG12LN9WTSORSDA2CDSROSTW9NLDPXTQ2EIA2OXHMWCWS,DEX5,M T W T _ S S,2000 METRE,28 Jul 2026 08:13:58 GMT,,FRIDAY,SW2,25,4050,DISABLED,0,0,DISABLED
3295613877,مكتبة بصمه,Store Active,alexandria,Al Iskandarīyah,00000,"31.241237264114684,29.976142595476567",W7IK2YTPKL4P57QFSXKAG12LN9WTSORSDA2CDSROSTW9NLDPXTQ2EIA2OXHMWCWS,DEX5,M T W T _ S S,2000 METRE,28 Jul 2026 08:13:58 GMT,,SATURDAY,SW1,25,450,ENABLED,0,0,DISABLED
3295613877,مكتبة بصمه,Store Active,alexandria,Al Iskandarīyah,00000,"31.241237264114684,29.976142595476567",W7IK2YTPKL4P57QFSXKAG12LN9WTSORSDA2CDSROSTW9NLDPXTQ2EIA2OXHMWCWS,DEX5,M T W T _ S S,2000 METRE,28 Jul 2026 08:13:58 GMT,,SATURDAY,SW2,25,4050,DISABLED,0,0,DISABLED
3295613877,مكتبة بصمه,Store Active,alexandria,Al Iskandarīyah,00000,"31.241237264114684,29.976142595476567",W7IK2YTPKL4P57QFSXKAG12LN9WTSORSDA2CDSROSTW9NLDPXTQ2EIA2OXHMWCWS,DEX5,M T W T _ S S,2000 METRE,28 Jul 2026 08:13:58 GMT,,SUNDAY,SW1,25,450,ENABLED,0,0,DISABLED
3295613877,مكتبة بصمه,Store Active,alexandria,Al Iskandarīyah,00000,"31.241237264114684,29.976142595476567",W7IK2YTPKL4P57QFSXKAG12LN9WTSORSDA2CDSROSTW9NLDPXTQ2EIA2OXHMWCWS,DEX5,M T W T _ S S,2000 METRE,28 Jul 2026 08:13:58 GMT,,SUNDAY,SW2,25,4050,DISABLED,0,0,DISABLED
9123848905,ALEX TECHNO,Store Active,Alexandria,Al Iskandarīyah,00000,"31.214885625996764,29.942248225007983",UF3B23H6HKH6FFQQ22XEG12LN9WTSORSDA2CDSROSTW9NLDPXTQ2EIA2OX7EVLMB,DEX5,M T W T _ S S,375 METRE,14 Sep 2025 07:10:18 GMT,,MONDAY,SW1,45,425,ENABLED,0,0,DISABLED
9123848905,ALEX TECHNO,Store Active,Alexandria,Al Iskandarīyah,00000,"31.214885625996764,29.942248225007983",UF3B23H6HKH6FFQQ22XEG12LN9WTSORSDA2CDSROSTW9NLDPXTQ2EIA2OX7EVLMB,DEX5,M T W T _ S S,375 METRE,14 Sep 2025 07:10:18 GMT,,MONDAY,SW2,45,425,DISABLED,0,0,DISABLED
9123848905,ALEX TECHNO,Store Active,Alexandria,Al Iskandarīyah,00000,"31.214885625996764,29.942248225007983",UF3B23H6HKH6FFQQ22XEG12LN9WTSORSDA2CDSROSTW9NLDPXTQ2EIA2OX7EVLMB,DEX5,M T W T _ S S,375 METRE,14 Sep 2025 07:10:18 GMT,,TUESDAY,SW1,45,425,ENABLED,0,0,DISABLED
9123848905,ALEX TECHNO,Store Active,Alexandria,Al Iskandarīyah,00000,"31.214885625996764,29.942248225007983",UF3B23H6HKH6FFQQ22XEG12LN9WTSORSDA2CDSROSTW9NLDPXTQ2EIA2OX7EVLMB,DEX5,M T W T _ S S,375 METRE,14 Sep 2025 07:10:18 GMT,,TUESDAY,SW2,45,425,DISABLED,0,0,DISABLED
9123848905,ALEX TECHNO,Store Active,Alexandria,Al Iskandarīyah,00000,"31.214885625996764,29.942248225007983",UF3B23H6HKH6FFQQ22XEG12LN9WTSORSDA2CDSROSTW9NLDPXTQ2EIA2OX7EVLMB,DEX5,M T W T _ S S,375 METRE,14 Sep 2025 07:10:18 GMT,,WEDNESDAY,SW1,45,425,ENABLED,0,0,DISABLED
9123848905,ALEX TECHNO,Store Active,Alexandria,Al Iskandarīyah,00000,"31.214885625996764,29.942248225007983",UF3B23H6HKH6FFQQ22XEG12LN9WTSORSDA2CDSROSTW9NLDPXTQ2EIA2OX7EVLMB,DEX5,M T W T _ S S,375 METRE,14 Sep 2025 07:10:18 GMT,,WEDNESDAY,SW2,45,425,DISABLED,0,0,DISABLED
9123848905,ALEX TECHNO,Store Active,Alexandria,Al Iskandarīyah,00000,"31.214885625996764,29.942248225007983",UF3B23H6HKH6FFQQ22XEG12LN9WTSORSDA2CDSROSTW9NLDPXTQ2EIA2OX7EVLMB,DEX5,M T W T _ S S,375 METRE,14 Sep 2025 07:10:18 GMT,,THURSDAY,SW1,45,425,ENABLED,0,0,DISABLED
9123848905,ALEX TECHNO,Store Active,Alexandria,Al Iskandarīyah,00000,"31.214885625996764,29.942248225007983",UF3B23H6HKH6FFQQ22XEG12LN9WTSORSDA2CDSROSTW9NLDPXTQ2EIA2OX7EVLMB,DEX5,M T W T _ S S,375 METRE,14 Sep 2025 07:10:18 GMT,,THURSDAY,SW2,45,425,DISABLED,0,0,DISABLED
9123848905,ALEX TECHNO,Store Active,Alexandria,Al Iskandarīyah,00000,"31.214885625996764,29.942248225007983",UF3B23H6HKH6FFQQ22XEG12LN9WTSORSDA2CDSROSTW9NLDPXTQ2EIA2OX7EVLMB,DEX5,M T W T _ S S,375 METRE,14 Sep 2025 07:10:18 GMT,,FRIDAY,SW1,45,425,ENABLED,0,0,DISABLED
9123848905,ALEX TECHNO,Store Active,Alexandria,Al Iskandarīyah,00000,"31.214885625996764,29.942248225007983",UF3B23H6HKH6FFQQ22XEG12LN9WTSORSDA2CDSROSTW9NLDPXTQ2EIA2OX7EVLMB,DEX5,M T W T _ S S,375 METRE,14 Sep 2025 07:10:18 GMT,,FRIDAY,SW2,45,425,DISABLED,0,0,DISABLED
9123848905,ALEX TECHNO,Store Active,Alexandria,Al Iskandarīyah,00000,"31.214885625996764,29.942248225007983",UF3B23H6HKH6FFQQ22XEG12LN9WTSORSDA2CDSROSTW9NLDPXTQ2EIA2OX7EVLMB,DEX5,M T W T _ S S,375 METRE,14 Sep 2025 07:10:18 GMT,,SATURDAY,SW1,45,425,ENABLED,0,0,DISABLED
9123848905,ALEX TECHNO,Store Active,Alexandria,Al Iskandarīyah,00000,"31.214885625996764,29.942248225007983",UF3B23H6HKH6FFQQ22XEG12LN9WTSORSDA2CDSROSTW9NLDPXTQ2EIA2OX7EVLMB,DEX5,M T W T _ S S,375 METRE,14 Sep 2025 07:10:18 GMT,,SATURDAY,SW2,45,425,DISABLED,0,0,DISABLED
9123848905,ALEX TECHNO,Store Active,Alexandria,Al Iskandarīyah,00000,"31.214885625996764,29.942248225007983",UF3B23H6HKH6FFQQ22XEG12LN9WTSORSDA2CDSROSTW9NLDPXTQ2EIA2OX7EVLMB,DEX5,M T W T _ S S,375 METRE,14 Sep 2025 07:10:18 GMT,,SUNDAY,SW1,45,425,ENABLED,0,0,DISABLED
9123848905,ALEX TECHNO,Store Active,Alexandria,Al Iskandarīyah,00000,"31.214885625996764,29.942248225007983",UF3B23H6HKH6FFQQ22XEG12LN9WTSORSDA2CDSROSTW9NLDPXTQ2EIA2OX7EVLMB,DEX5,M T W T _ S S,375 METRE,14 Sep 2025 07:10:18 GMT,,SUNDAY,SW2,45,425,DISABLED,0,0,DISABLED
7987143556,محروس للأدوات المنزليه,Store Active,alexandria,Al Iskandarīyah,00000,"31.22103735991693,29.939891007103352",65WSQ236AWNPVPWHQTGAG12LN9WTSORSDA2CDSROSTW9NLDPXTQ2EIA2OXB5MN65,DEX5,M T W T _ S S,500 METRE,26 Jul 2026 08:47:33 GMT,,MONDAY,SW1,25,550,ENABLED,0,0,DISABLED
7987143556,محروس للأدوات المنزليه,Store Active,alexandria,Al Iskandarīyah,00000,"31.22103735991693,29.939891007103352",65WSQ236AWNPVPWHQTGAG12LN9WTSORSDA2CDSROSTW9NLDPXTQ2EIA2OXB5MN65,DEX5,M T W T _ S S,500 METRE,26 Jul 2026 08:47:33 GMT,,MONDAY,SW2,25,4050,DISABLED,0,0,DISABLED
7987143556,محروس للأدوات المنزليه,Store Active,alexandria,Al Iskandarīyah,00000,"31.22103735991693,29.939891007103352",65WSQ236AWNPVPWHQTGAG12LN9WTSORSDA2CDSROSTW9NLDPXTQ2EIA2OXB5MN65,DEX5,M T W T _ S S,500 METRE,26 Jul 2026 08:47:33 GMT,,TUESDAY,SW1,25,550,ENABLED,0,0,DISABLED
7987143556,محروس للأدوات المنزليه,Store Active,alexandria,Al Iskandarīyah,00000,"31.22103735991693,29.939891007103352",65WSQ236AWNPVPWHQTGAG12LN9WTSORSDA2CDSROSTW9NLDPXTQ2EIA2OXB5MN65,DEX5,M T W T _ S S,500 METRE,26 Jul 2026 08:47:33 GMT,,TUESDAY,SW2,25,4050,DISABLED,0,0,DISABLED
7987143556,محروس للأدوات المنزليه,Store Active,alexandria,Al Iskandarīyah,00000,"31.22103735991693,29.939891007103352",65WSQ236AWNPVPWHQTGAG12LN9WTSORSDA2CDSROSTW9NLDPXTQ2EIA2OXB5MN65,DEX5,M T W T _ S S,500 METRE,26 Jul 2026 08:47:33 GMT,,WEDNESDAY,SW1,25,550,ENABLED,0,0,DISABLED
7987143556,محروس للأدوات المنزليه,Store Active,alexandria,Al Iskandarīyah,00000,"31.22103735991693,29.939891007103352",65WSQ236AWNPVPWHQTGAG12LN9WTSORSDA2CDSROSTW9NLDPXTQ2EIA2OXB5MN65,DEX5,M T W T _ S S,500 METRE,26 Jul 2026 08:47:33 GMT,,WEDNESDAY,SW2,25,4050,DISABLED,0,0,DISABLED
7987143556,محروس للأدوات المنزليه,Store Active,alexandria,Al Iskandarīyah,00000,"31.22103735991693,29.939891007103352",65WSQ236AWNPVPWHQTGAG12LN9WTSORSDA2CDSROSTW9NLDPXTQ2EIA2OXB5MN65,DEX5,M T W T _ S S,500 METRE,26 Jul 2026 08:47:33 GMT,,THURSDAY,SW1,25,550,ENABLED,0,0,DISABLED
7987143556,محروس للأدوات المنزليه,Store Active,alexandria,Al Iskandarīyah,00000,"31.22103735991693,29.939891007103352",65WSQ236AWNPVPWHQTGAG12LN9WTSORSDA2CDSROSTW9NLDPXTQ2EIA2OXB5MN65,DEX5,M T W T _ S S,500 METRE,26 Jul 2026 08:47:33 GMT,,THURSDAY,SW2,25,4050,DISABLED,0,0,DISABLED
7987143556,محروس للأدوات المنزليه,Store Active,alexandria,Al Iskandarīyah,00000,"31.22103735991693,29.939891007103352",65WSQ236AWNPVPWHQTGAG12LN9WTSORSDA2CDSROSTW9NLDPXTQ2EIA2OXB5MN65,DEX5,M T W T _ S S,500 METRE,26 Jul 2026 08:47:33 GMT,,FRIDAY,SW1,25,550,ENABLED,0,0,DISABLED
7987143556,محروس للأدوات المنزليه,Store Active,alexandria,Al Iskandarīyah,00000,"31.22103735991693,29.939891007103352",65WSQ236AWNPVPWHQTGAG12LN9WTSORSDA2CDSROSTW9NLDPXTQ2EIA2OXB5MN65,DEX5,M T W T _ S S,500 METRE,26 Jul 2026 08:47:33 GMT,,FRIDAY,SW2,25,4050,DISABLED,0,0,DISABLED
7987143556,محروس للأدوات المنزليه,Store Active,alexandria,Al Iskandarīyah,00000,"31.22103735991693,29.939891007103352",65WSQ236AWNPVPWHQTGAG12LN9WTSORSDA2CDSROSTW9NLDPXTQ2EIA2OXB5MN65,DEX5,M T W T _ S S,500 METRE,26 Jul 2026 08:47:33 GMT,,SATURDAY,SW1,25,550,ENABLED,0,0,DISABLED
7987143556,محروس للأدوات المنزليه,Store Active,alexandria,Al Iskandarīyah,00000,"31.22103735991693,29.939891007103352",65WSQ236AWNPVPWHQTGAG12LN9WTSORSDA2CDSROSTW9NLDPXTQ2EIA2OXB5MN65,DEX5,M T W T _ S S,500 METRE,26 Jul 2026 08:47:33 GMT,,SATURDAY,SW2,25,4050,DISABLED,0,0,DISABLED
7987143556,محروس للأدوات المنزليه,Store Active,alexandria,Al Iskandarīyah,00000,"31.22103735991693,29.939891007103352",65WSQ236AWNPVPWHQTGAG12LN9WTSORSDA2CDSROSTW9NLDPXTQ2EIA2OXB5MN65,DEX5,M T W T _ S S,500 METRE,26 Jul 2026 08:47:33 GMT,,SUNDAY,SW1,25,550,ENABLED,0,0,DISABLED
7987143556,محروس للأدوات المنزليه,Store Active,alexandria,Al Iskandarīyah,00000,"31.22103735991693,29.939891007103352",65WSQ236AWNPVPWHQTGAG12LN9WTSORSDA2CDSROSTW9NLDPXTQ2EIA2OXB5MN65,DEX5,M T W T _ S S,500 METRE,26 Jul 2026 08:47:33 GMT,,SUNDAY,SW2,25,4050,DISABLED,0,0,DISABLED
4126454127,toffy,Store Inactive,Alexandria,Al Iskandarīyah,00000,"31.21689820755543,29.943878596170514",JBXMX6D5VZOA2LPHQHHMG12LN9WTSORSDA2CDSROSTW9NLDPXTQ2EIA2OXM4JZJZ,DEX5,M T W T F S S,400 METRE,NA,,MONDAY,SW1,0,450,ENABLED,0,0,DISABLED
4126454127,toffy,Store Inactive,Alexandria,Al Iskandarīyah,00000,"31.21689820755543,29.943878596170514",JBXMX6D5VZOA2LPHQHHMG12LN9WTSORSDA2CDSROSTW9NLDPXTQ2EIA2OXM4JZJZ,DEX5,M T W T F S S,400 METRE,NA,,MONDAY,SW2,0,450,DISABLED,0,0,DISABLED
4126454127,toffy,Store Inactive,Alexandria,Al Iskandarīyah,00000,"31.21689820755543,29.943878596170514",JBXMX6D5VZOA2LPHQHHMG12LN9WTSORSDA2CDSROSTW9NLDPXTQ2EIA2OXM4JZJZ,DEX5,M T W T F S S,400 METRE,NA,,TUESDAY,SW1,0,450,ENABLED,0,0,DISABLED
4126454127,toffy,Store Inactive,Alexandria,Al Iskandarīyah,00000,"31.21689820755543,29.943878596170514",JBXMX6D5VZOA2LPHQHHMG12LN9WTSORSDA2CDSROSTW9NLDPXTQ2EIA2OXM4JZJZ,DEX5,M T W T F S S,400 METRE,NA,,TUESDAY,SW2,0,450,DISABLED,0,0,DISABLED
4126454127,toffy,Store Inactive,Alexandria,Al Iskandarīyah,00000,"31.21689820755543,29.943878596170514",JBXMX6D5VZOA2LPHQHHMG12LN9WTSORSDA2CDSROSTW9NLDPXTQ2EIA2OXM4JZJZ,DEX5,M T W T F S S,400 METRE,NA,,WEDNESDAY,SW1,0,450,ENABLED,0,0,DISABLED
4126454127,toffy,Store Inactive,Alexandria,Al Iskandarīyah,00000,"31.21689820755543,29.943878596170514",JBXMX6D5VZOA2LPHQHHMG12LN9WTSORSDA2CDSROSTW9NLDPXTQ2EIA2OXM4JZJZ,DEX5,M T W T F S S,400 METRE,NA,,WEDNESDAY,SW2,0,450,DISABLED,0,0,DISABLED
4126454127,toffy,Store Inactive,Alexandria,Al Iskandarīyah,00000,"31.21689820755543,29.943878596170514",JBXMX6D5VZOA2LPHQHHMG12LN9WTSORSDA2CDSROSTW9NLDPXTQ2EIA2OXM4JZJZ,DEX5,M T W T F S S,400 METRE,NA,,THURSDAY,SW1,0,450,ENABLED,0,0,DISABLED
4126454127,toffy,Store Inactive,Alexandria,Al Iskandarīyah,00000,"31.21689820755543,29.943878596170514",JBXMX6D5VZOA2LPHQHHMG12LN9WTSORSDA2CDSROSTW9NLDPXTQ2EIA2OXM4JZJZ,DEX5,M T W T F S S,400 METRE,NA,,THURSDAY,SW2,0,450,DISABLED,0,0,DISABLED
4126454127,toffy,Store Inactive,Alexandria,Al Iskandarīyah,00000,"31.21689820755543,29.943878596170514",JBXMX6D5VZOA2LPHQHHMG12LN9WTSORSDA2CDSROSTW9NLDPXTQ2EIA2OXM4JZJZ,DEX5,M T W T F S S,400 METRE,NA,,FRIDAY,SW1,0,450,ENABLED,0,0,DISABLED
4126454127,toffy,Store Inactive,Alexandria,Al Iskandarīyah,00000,"31.21689820755543,29.943878596170514",JBXMX6D5VZOA2LPHQHHMG12LN9WTSORSDA2CDSROSTW9NLDPXTQ2EIA2OXM4JZJZ,DEX5,M T W T F S S,400 METRE,NA,,FRIDAY,SW2,0,450,DISABLED,0,0,DISABLED
4126454127,toffy,Store Inactive,Alexandria,Al Iskandarīyah,00000,"31.21689820755543,29.943878596170514",JBXMX6D5VZOA2LPHQHHMG12LN9WTSORSDA2CDSROSTW9NLDPXTQ2EIA2OXM4JZJZ,DEX5,M T W T F S S,400 METRE,NA,,SATURDAY,SW1,0,450,ENABLED,0,0,DISABLED
4126454127,toffy,Store Inactive,Alexandria,Al Iskandarīyah,00000,"31.21689820755543,29.943878596170514",JBXMX6D5VZOA2LPHQHHMG12LN9WTSORSDA2CDSROSTW9NLDPXTQ2EIA2OXM4JZJZ,DEX5,M T W T F S S,400 METRE,NA,,SATURDAY,SW2,0,450,DISABLED,0,0,DISABLED
4126454127,toffy,Store Inactive,Alexandria,Al Iskandarīyah,00000,"31.21689820755543,29.943878596170514",JBXMX6D5VZOA2LPHQHHMG12LN9WTSORSDA2CDSROSTW9NLDPXTQ2EIA2OXM4JZJZ,DEX5,M T W T F S S,400 METRE,NA,,SUNDAY,SW1,0,450,ENABLED,0,0,DISABLED
4126454127,toffy,Store Inactive,Alexandria,Al Iskandarīyah,00000,"31.21689820755543,29.943878596170514",JBXMX6D5VZOA2LPHQHHMG12LN9WTSORSDA2CDSROSTW9NLDPXTQ2EIA2OXM4JZJZ,DEX5,M T W T F S S,400 METRE,NA,,SUNDAY,SW2,0,450,DISABLED,0,0,DISABLED
3999385818,fathat khayr,Store Active,Alexandria,Al Iskandarīyah,00000,"31.24530316379833,29.97079977744069",XNJ3VPAG7IK3U5IUQAEAG12LN9WTSORSDA2CDSROSTW9NLDPXTQ2EIA2OXT63NSZ,DEX5,M T W T _ S S,400 METRE,9 Jul 2026 08:21:38 GMT,,MONDAY,SW1,15,450,ENABLED,0,0,DISABLED
3999385818,fathat khayr,Store Active,Alexandria,Al Iskandarīyah,00000,"31.24530316379833,29.97079977744069",XNJ3VPAG7IK3U5IUQAEAG12LN9WTSORSDA2CDSROSTW9NLDPXTQ2EIA2OXT63NSZ,DEX5,M T W T _ S S,400 METRE,9 Jul 2026 08:21:38 GMT,,MONDAY,SW2,15,450,DISABLED,0,0,DISABLED
3999385818,fathat khayr,Store Active,Alexandria,Al Iskandarīyah,00000,"31.24530316379833,29.97079977744069",XNJ3VPAG7IK3U5IUQAEAG12LN9WTSORSDA2CDSROSTW9NLDPXTQ2EIA2OXT63NSZ,DEX5,M T W T _ S S,400 METRE,9 Jul 2026 08:21:38 GMT,,TUESDAY,SW1,15,450,ENABLED,0,0,DISABLED
3999385818,fathat khayr,Store Active,Alexandria,Al Iskandarīyah,00000,"31.24530316379833,29.97079977744069",XNJ3VPAG7IK3U5IUQAEAG12LN9WTSORSDA2CDSROSTW9NLDPXTQ2EIA2OXT63NSZ,DEX5,M T W T _ S S,400 METRE,9 Jul 2026 08:21:38 GMT,,TUESDAY,SW2,15,450,DISABLED,0,0,DISABLED
3999385818,fathat khayr,Store Active,Alexandria,Al Iskandarīyah,00000,"31.24530316379833,29.97079977744069",XNJ3VPAG7IK3U5IUQAEAG12LN9WTSORSDA2CDSROSTW9NLDPXTQ2EIA2OXT63NSZ,DEX5,M T W T _ S S,400 METRE,9 Jul 2026 08:21:38 GMT,,WEDNESDAY,SW1,15,450,ENABLED,0,0,DISABLED
3999385818,fathat khayr,Store Active,Alexandria,Al Iskandarīyah,00000,"31.24530316379833,29.97079977744069",XNJ3VPAG7IK3U5IUQAEAG12LN9WTSORSDA2CDSROSTW9NLDPXTQ2EIA2OXT63NSZ,DEX5,M T W T _ S S,400 METRE,9 Jul 2026 08:21:38 GMT,,WEDNESDAY,SW2,15,450,DISABLED,0,0,DISABLED
3999385818,fathat khayr,Store Active,Alexandria,Al Iskandarīyah,00000,"31.24530316379833,29.97079977744069",XNJ3VPAG7IK3U5IUQAEAG12LN9WTSORSDA2CDSROSTW9NLDPXTQ2EIA2OXT63NSZ,DEX5,M T W T _ S S,400 METRE,9 Jul 2026 08:21:38 GMT,,THURSDAY,SW1,15,450,ENABLED,0,0,DISABLED
3999385818,fathat khayr,Store Active,Alexandria,Al Iskandarīyah,00000,"31.24530316379833,29.97079977744069",XNJ3VPAG7IK3U5IUQAEAG12LN9WTSORSDA2CDSROSTW9NLDPXTQ2EIA2OXT63NSZ,DEX5,M T W T _ S S,400 METRE,9 Jul 2026 08:21:38 GMT,,THURSDAY,SW2,15,450,DISABLED,0,0,DISABLED
3999385818,fathat khayr,Store Active,Alexandria,Al Iskandarīyah,00000,"31.24530316379833,29.97079977744069",XNJ3VPAG7IK3U5IUQAEAG12LN9WTSORSDA2CDSROSTW9NLDPXTQ2EIA2OXT63NSZ,DEX5,M T W T _ S S,400 METRE,9 Jul 2026 08:21:38 GMT,,FRIDAY,SW1,15,450,ENABLED,0,0,DISABLED
3999385818,fathat khayr,Store Active,Alexandria,Al Iskandarīyah,00000,"31.24530316379833,29.97079977744069",XNJ3VPAG7IK3U5IUQAEAG12LN9WTSORSDA2CDSROSTW9NLDPXTQ2EIA2OXT63NSZ,DEX5,M T W T _ S S,400 METRE,9 Jul 2026 08:21:38 GMT,,FRIDAY,SW2,15,450,DISABLED,0,0,DISABLED
3999385818,fathat khayr,Store Active,Alexandria,Al Iskandarīyah,00000,"31.24530316379833,29.97079977744069",XNJ3VPAG7IK3U5IUQAEAG12LN9WTSORSDA2CDSROSTW9NLDPXTQ2EIA2OXT63NSZ,DEX5,M T W T _ S S,400 METRE,9 Jul 2026 08:21:38 GMT,,SATURDAY,SW1,15,450,ENABLED,0,0,DISABLED
3999385818,fathat khayr,Store Active,Alexandria,Al Iskandarīyah,00000,"31.24530316379833,29.97079977744069",XNJ3VPAG7IK3U5IUQAEAG12LN9WTSORSDA2CDSROSTW9NLDPXTQ2EIA2OXT63NSZ,DEX5,M T W T _ S S,400 METRE,9 Jul 2026 08:21:38 GMT,,SATURDAY,SW2,15,450,DISABLED,0,0,DISABLED
3999385818,fathat khayr,Store Active,Alexandria,Al Iskandarīyah,00000,"31.24530316379833,29.97079977744069",XNJ3VPAG7IK3U5IUQAEAG12LN9WTSORSDA2CDSROSTW9NLDPXTQ2EIA2OXT63NSZ,DEX5,M T W T _ S S,400 METRE,9 Jul 2026 08:21:38 GMT,,SUNDAY,SW1,15,450,ENABLED,0,0,DISABLED
3999385818,fathat khayr,Store Active,Alexandria,Al Iskandarīyah,00000,"31.24530316379833,29.97079977744069",XNJ3VPAG7IK3U5IUQAEAG12LN9WTSORSDA2CDSROSTW9NLDPXTQ2EIA2OXT63NSZ,DEX5,M T W T _ S S,400 METRE,9 Jul 2026 08:21:38 GMT,,SUNDAY,SW2,15,450,DISABLED,0,0,DISABLED
3976106944,Republic Dry Clean ,Store Active,Alexandria,Al Iskandarīyah,00000,"31.242710626532322,29.96948893268781",TQ2375AKO3N5ZQALWG7IG12LN9WTSORSDA2CDSROSTW9NLDPXTQ2EIA2OXC7PPGA,DEX5,_ T W T F S S,375 METRE,14 Jan 2026 06:47:17 GMT,,MONDAY,SW1,50,425,ENABLED,0,0,DISABLED
3976106944,Republic Dry Clean ,Store Active,Alexandria,Al Iskandarīyah,00000,"31.242710626532322,29.96948893268781",TQ2375AKO3N5ZQALWG7IG12LN9WTSORSDA2CDSROSTW9NLDPXTQ2EIA2OXC7PPGA,DEX5,_ T W T F S S,375 METRE,14 Jan 2026 06:47:17 GMT,,MONDAY,SW2,50,425,DISABLED,0,0,DISABLED
3976106944,Republic Dry Clean ,Store Active,Alexandria,Al Iskandarīyah,00000,"31.242710626532322,29.96948893268781",TQ2375AKO3N5ZQALWG7IG12LN9WTSORSDA2CDSROSTW9NLDPXTQ2EIA2OXC7PPGA,DEX5,_ T W T F S S,375 METRE,14 Jan 2026 06:47:17 GMT,,TUESDAY,SW1,50,425,ENABLED,0,0,DISABLED
3976106944,Republic Dry Clean ,Store Active,Alexandria,Al Iskandarīyah,00000,"31.242710626532322,29.96948893268781",TQ2375AKO3N5ZQALWG7IG12LN9WTSORSDA2CDSROSTW9NLDPXTQ2EIA2OXC7PPGA,DEX5,_ T W T F S S,375 METRE,14 Jan 2026 06:47:17 GMT,,TUESDAY,SW2,50,425,DISABLED,0,0,DISABLED
3976106944,Republic Dry Clean ,Store Active,Alexandria,Al Iskandarīyah,00000,"31.242710626532322,29.96948893268781",TQ2375AKO3N5ZQALWG7IG12LN9WTSORSDA2CDSROSTW9NLDPXTQ2EIA2OXC7PPGA,DEX5,_ T W T F S S,375 METRE,14 Jan 2026 06:47:17 GMT,,WEDNESDAY,SW1,50,425,ENABLED,0,0,DISABLED
3976106944,Republic Dry Clean ,Store Active,Alexandria,Al Iskandarīyah,00000,"31.242710626532322,29.96948893268781",TQ2375AKO3N5ZQALWG7IG12LN9WTSORSDA2CDSROSTW9NLDPXTQ2EIA2OXC7PPGA,DEX5,_ T W T F S S,375 METRE,14 Jan 2026 06:47:17 GMT,,WEDNESDAY,SW2,50,425,DISABLED,0,0,DISABLED
3976106944,Republic Dry Clean ,Store Active,Alexandria,Al Iskandarīyah,00000,"31.242710626532322,29.96948893268781",TQ2375AKO3N5ZQALWG7IG12LN9WTSORSDA2CDSROSTW9NLDPXTQ2EIA2OXC7PPGA,DEX5,_ T W T F S S,375 METRE,14 Jan 2026 06:47:17 GMT,,THURSDAY,SW1,50,425,ENABLED,0,0,DISABLED
3976106944,Republic Dry Clean ,Store Active,Alexandria,Al Iskandarīyah,00000,"31.242710626532322,29.96948893268781",TQ2375AKO3N5ZQALWG7IG12LN9WTSORSDA2CDSROSTW9NLDPXTQ2EIA2OXC7PPGA,DEX5,_ T W T F S S,375 METRE,14 Jan 2026 06:47:17 GMT,,THURSDAY,SW2,50,425,DISABLED,0,0,DISABLED
3976106944,Republic Dry Clean ,Store Active,Alexandria,Al Iskandarīyah,00000,"31.242710626532322,29.96948893268781",TQ2375AKO3N5ZQALWG7IG12LN9WTSORSDA2CDSROSTW9NLDPXTQ2EIA2OXC7PPGA,DEX5,_ T W T F S S,375 METRE,14 Jan 2026 06:47:17 GMT,,FRIDAY,SW1,50,425,ENABLED,0,0,DISABLED
3976106944,Republic Dry Clean ,Store Active,Alexandria,Al Iskandarīyah,00000,"31.242710626532322,29.96948893268781",TQ2375AKO3N5ZQALWG7IG12LN9WTSORSDA2CDSROSTW9NLDPXTQ2EIA2OXC7PPGA,DEX5,_ T W T F S S,375 METRE,14 Jan 2026 06:47:17 GMT,,FRIDAY,SW2,50,425,DISABLED,0,0,DISABLED
3976106944,Republic Dry Clean ,Store Active,Alexandria,Al Iskandarīyah,00000,"31.242710626532322,29.96948893268781",TQ2375AKO3N5ZQALWG7IG12LN9WTSORSDA2CDSROSTW9NLDPXTQ2EIA2OXC7PPGA,DEX5,_ T W T F S S,375 METRE,14 Jan 2026 06:47:17 GMT,,SATURDAY,SW1,50,425,ENABLED,0,0,DISABLED
3976106944,Republic Dry Clean ,Store Active,Alexandria,Al Iskandarīyah,00000,"31.242710626532322,29.96948893268781",TQ2375AKO3N5ZQALWG7IG12LN9WTSORSDA2CDSROSTW9NLDPXTQ2EIA2OXC7PPGA,DEX5,_ T W T F S S,375 METRE,14 Jan 2026 06:47:17 GMT,,SATURDAY,SW2,50,425,DISABLED,0,0,DISABLED
3976106944,Republic Dry Clean ,Store Active,Alexandria,Al Iskandarīyah,00000,"31.242710626532322,29.96948893268781",TQ2375AKO3N5ZQALWG7IG12LN9WTSORSDA2CDSROSTW9NLDPXTQ2EIA2OXC7PPGA,DEX5,_ T W T F S S,375 METRE,14 Jan 2026 06:47:17 GMT,,SUNDAY,SW1,50,425,ENABLED,0,0,DISABLED
3976106944,Republic Dry Clean ,Store Active,Alexandria,Al Iskandarīyah,00000,"31.242710626532322,29.96948893268781",TQ2375AKO3N5ZQALWG7IG12LN9WTSORSDA2CDSROSTW9NLDPXTQ2EIA2OXC7PPGA,DEX5,_ T W T F S S,375 METRE,14 Jan 2026 06:47:17 GMT,,SUNDAY,SW2,50,425,DISABLED,0,0,DISABLED
6376233374,Noor Phone,Store Active,alexandria,Al Iskandarīyah,00000,"31.20953399180318,29.913310728836116",ETFPVYTYATTTDDQALOOIG12LN9WTSORSDA2CDSROSTW9NLDPXTQ2EIA2OXG3WNGV,DEX5,M T W T F _ S,375 METRE,26 Jan 2026 11:55:53 GMT,,MONDAY,SW1,35,425,ENABLED,0,0,DISABLED
6376233374,Noor Phone,Store Active,alexandria,Al Iskandarīyah,00000,"31.20953399180318,29.913310728836116",ETFPVYTYATTTDDQALOOIG12LN9WTSORSDA2CDSROSTW9NLDPXTQ2EIA2OXG3WNGV,DEX5,M T W T F _ S,375 METRE,26 Jan 2026 11:55:53 GMT,,MONDAY,SW2,35,425,DISABLED,0,0,DISABLED
6376233374,Noor Phone,Store Active,alexandria,Al Iskandarīyah,00000,"31.20953399180318,29.913310728836116",ETFPVYTYATTTDDQALOOIG12LN9WTSORSDA2CDSROSTW9NLDPXTQ2EIA2OXG3WNGV,DEX5,M T W T F _ S,375 METRE,26 Jan 2026 11:55:53 GMT,,TUESDAY,SW1,35,425,ENABLED,0,0,DISABLED
6376233374,Noor Phone,Store Active,alexandria,Al Iskandarīyah,00000,"31.20953399180318,29.913310728836116",ETFPVYTYATTTDDQALOOIG12LN9WTSORSDA2CDSROSTW9NLDPXTQ2EIA2OXG3WNGV,DEX5,M T W T F _ S,375 METRE,26 Jan 2026 11:55:53 GMT,,TUESDAY,SW2,35,425,DISABLED,0,0,DISABLED
6376233374,Noor Phone,Store Active,alexandria,Al Iskandarīyah,00000,"31.20953399180318,29.913310728836116",ETFPVYTYATTTDDQALOOIG12LN9WTSORSDA2CDSROSTW9NLDPXTQ2EIA2OXG3WNGV,DEX5,M T W T F _ S,375 METRE,26 Jan 2026 11:55:53 GMT,,WEDNESDAY,SW1,35,425,ENABLED,0,0,DISABLED
6376233374,Noor Phone,Store Active,alexandria,Al Iskandarīyah,00000,"31.20953399180318,29.913310728836116",ETFPVYTYATTTDDQALOOIG12LN9WTSORSDA2CDSROSTW9NLDPXTQ2EIA2OXG3WNGV,DEX5,M T W T F _ S,375 METRE,26 Jan 2026 11:55:53 GMT,,WEDNESDAY,SW2,35,425,DISABLED,0,0,DISABLED
6376233374,Noor Phone,Store Active,alexandria,Al Iskandarīyah,00000,"31.20953399180318,29.913310728836116",ETFPVYTYATTTDDQALOOIG12LN9WTSORSDA2CDSROSTW9NLDPXTQ2EIA2OXG3WNGV,DEX5,M T W T F _ S,375 METRE,26 Jan 2026 11:55:53 GMT,,THURSDAY,SW1,35,425,ENABLED,0,0,DISABLED
6376233374,Noor Phone,Store Active,alexandria,Al Iskandarīyah,00000,"31.20953399180318,29.913310728836116",ETFPVYTYATTTDDQALOOIG12LN9WTSORSDA2CDSROSTW9NLDPXTQ2EIA2OXG3WNGV,DEX5,M T W T F _ S,375 METRE,26 Jan 2026 11:55:53 GMT,,THURSDAY,SW2,35,425,DISABLED,0,0,DISABLED
6376233374,Noor Phone,Store Active,alexandria,Al Iskandarīyah,00000,"31.20953399180318,29.913310728836116",ETFPVYTYATTTDDQALOOIG12LN9WTSORSDA2CDSROSTW9NLDPXTQ2EIA2OXG3WNGV,DEX5,M T W T F _ S,375 METRE,26 Jan 2026 11:55:53 GMT,,FRIDAY,SW1,35,425,ENABLED,0,0,DISABLED
6376233374,Noor Phone,Store Active,alexandria,Al Iskandarīyah,00000,"31.20953399180318,29.913310728836116",ETFPVYTYATTTDDQALOOIG12LN9WTSORSDA2CDSROSTW9NLDPXTQ2EIA2OXG3WNGV,DEX5,M T W T F _ S,375 METRE,26 Jan 2026 11:55:53 GMT,,FRIDAY,SW2,35,425,DISABLED,0,0,DISABLED
6376233374,Noor Phone,Store Active,alexandria,Al Iskandarīyah,00000,"31.20953399180318,29.913310728836116",ETFPVYTYATTTDDQALOOIG12LN9WTSORSDA2CDSROSTW9NLDPXTQ2EIA2OXG3WNGV,DEX5,M T W T F _ S,375 METRE,26 Jan 2026 11:55:53 GMT,,SATURDAY,SW1,35,425,ENABLED,0,0,DISABLED
6376233374,Noor Phone,Store Active,alexandria,Al Iskandarīyah,00000,"31.20953399180318,29.913310728836116",ETFPVYTYATTTDDQALOOIG12LN9WTSORSDA2CDSROSTW9NLDPXTQ2EIA2OXG3WNGV,DEX5,M T W T F _ S,375 METRE,26 Jan 2026 11:55:53 GMT,,SATURDAY,SW2,35,425,DISABLED,0,0,DISABLED
6376233374,Noor Phone,Store Active,alexandria,Al Iskandarīyah,00000,"31.20953399180318,29.913310728836116",ETFPVYTYATTTDDQALOOIG12LN9WTSORSDA2CDSROSTW9NLDPXTQ2EIA2OXG3WNGV,DEX5,M T W T F _ S,375 METRE,26 Jan 2026 11:55:53 GMT,,SUNDAY,SW1,35,425,ENABLED,0,0,DISABLED
6376233374,Noor Phone,Store Active,alexandria,Al Iskandarīyah,00000,"31.20953399180318,29.913310728836116",ETFPVYTYATTTDDQALOOIG12LN9WTSORSDA2CDSROSTW9NLDPXTQ2EIA2OXG3WNGV,DEX5,M T W T F _ S,375 METRE,26 Jan 2026 11:55:53 GMT,,SUNDAY,SW2,35,425,DISABLED,0,0,DISABLED
2417925574,alakhua,Store Active,Alexandria,Al Iskandarīyah,00000,"31.234168623222903,29.96796599618336",BCBXXJE3V5PP6TOPT25IG12LN9WTSORSDA2CDSROSTW9NLDPXTQ2EIA2OX3IEHTC,DEX5,M T W T F S _,500 METRE,27 Apr 2026 09:19:07 GMT,,MONDAY,SW1,35,550,ENABLED,0,0,DISABLED
2417925574,alakhua,Store Active,Alexandria,Al Iskandarīyah,00000,"31.234168623222903,29.96796599618336",BCBXXJE3V5PP6TOPT25IG12LN9WTSORSDA2CDSROSTW9NLDPXTQ2EIA2OX3IEHTC,DEX5,M T W T F S _,500 METRE,27 Apr 2026 09:19:07 GMT,,MONDAY,SW2,34,550,DISABLED,0,0,DISABLED
2417925574,alakhua,Store Active,Alexandria,Al Iskandarīyah,00000,"31.234168623222903,29.96796599618336",BCBXXJE3V5PP6TOPT25IG12LN9WTSORSDA2CDSROSTW9NLDPXTQ2EIA2OX3IEHTC,DEX5,M T W T F S _,500 METRE,27 Apr 2026 09:19:07 GMT,,TUESDAY,SW1,35,550,ENABLED,0,0,DISABLED
2417925574,alakhua,Store Active,Alexandria,Al Iskandarīyah,00000,"31.234168623222903,29.96796599618336",BCBXXJE3V5PP6TOPT25IG12LN9WTSORSDA2CDSROSTW9NLDPXTQ2EIA2OX3IEHTC,DEX5,M T W T F S _,500 METRE,27 Apr 2026 09:19:07 GMT,,TUESDAY,SW2,34,550,DISABLED,0,0,DISABLED
2417925574,alakhua,Store Active,Alexandria,Al Iskandarīyah,00000,"31.234168623222903,29.96796599618336",BCBXXJE3V5PP6TOPT25IG12LN9WTSORSDA2CDSROSTW9NLDPXTQ2EIA2OX3IEHTC,DEX5,M T W T F S _,500 METRE,27 Apr 2026 09:19:07 GMT,,WEDNESDAY,SW1,35,550,ENABLED,0,0,DISABLED
2417925574,alakhua,Store Active,Alexandria,Al Iskandarīyah,00000,"31.234168623222903,29.96796599618336",BCBXXJE3V5PP6TOPT25IG12LN9WTSORSDA2CDSROSTW9NLDPXTQ2EIA2OX3IEHTC,DEX5,M T W T F S _,500 METRE,27 Apr 2026 09:19:07 GMT,,WEDNESDAY,SW2,35,550,DISABLED,0,0,DISABLED
2417925574,alakhua,Store Active,Alexandria,Al Iskandarīyah,00000,"31.234168623222903,29.96796599618336",BCBXXJE3V5PP6TOPT25IG12LN9WTSORSDA2CDSROSTW9NLDPXTQ2EIA2OX3IEHTC,DEX5,M T W T F S _,500 METRE,27 Apr 2026 09:19:07 GMT,,THURSDAY,SW1,35,550,ENABLED,0,0,DISABLED
2417925574,alakhua,Store Active,Alexandria,Al Iskandarīyah,00000,"31.234168623222903,29.96796599618336",BCBXXJE3V5PP6TOPT25IG12LN9WTSORSDA2CDSROSTW9NLDPXTQ2EIA2OX3IEHTC,DEX5,M T W T F S _,500 METRE,27 Apr 2026 09:19:07 GMT,,THURSDAY,SW2,35,550,DISABLED,0,0,DISABLED
2417925574,alakhua,Store Active,Alexandria,Al Iskandarīyah,00000,"31.234168623222903,29.96796599618336",BCBXXJE3V5PP6TOPT25IG12LN9WTSORSDA2CDSROSTW9NLDPXTQ2EIA2OX3IEHTC,DEX5,M T W T F S _,500 METRE,27 Apr 2026 09:19:07 GMT,,FRIDAY,SW1,35,550,ENABLED,0,0,DISABLED
2417925574,alakhua,Store Active,Alexandria,Al Iskandarīyah,00000,"31.234168623222903,29.96796599618336",BCBXXJE3V5PP6TOPT25IG12LN9WTSORSDA2CDSROSTW9NLDPXTQ2EIA2OX3IEHTC,DEX5,M T W T F S _,500 METRE,27 Apr 2026 09:19:07 GMT,,FRIDAY,SW2,35,550,DISABLED,0,0,DISABLED
2417925574,alakhua,Store Active,Alexandria,Al Iskandarīyah,00000,"31.234168623222903,29.96796599618336",BCBXXJE3V5PP6TOPT25IG12LN9WTSORSDA2CDSROSTW9NLDPXTQ2EIA2OX3IEHTC,DEX5,M T W T F S _,500 METRE,27 Apr 2026 09:19:07 GMT,,SATURDAY,SW1,35,550,ENABLED,0,0,DISABLED
2417925574,alakhua,Store Active,Alexandria,Al Iskandarīyah,00000,"31.234168623222903,29.96796599618336",BCBXXJE3V5PP6TOPT25IG12LN9WTSORSDA2CDSROSTW9NLDPXTQ2EIA2OX3IEHTC,DEX5,M T W T F S _,500 METRE,27 Apr 2026 09:19:07 GMT,,SATURDAY,SW2,35,550,DISABLED,0,0,DISABLED
2417925574,alakhua,Store Active,Alexandria,Al Iskandarīyah,00000,"31.234168623222903,29.96796599618336",BCBXXJE3V5PP6TOPT25IG12LN9WTSORSDA2CDSROSTW9NLDPXTQ2EIA2OX3IEHTC,DEX5,M T W T F S _,500 METRE,27 Apr 2026 09:19:07 GMT,,SUNDAY,SW1,35,550,ENABLED,0,0,DISABLED
2417925574,alakhua,Store Active,Alexandria,Al Iskandarīyah,00000,"31.234168623222903,29.96796599618336",BCBXXJE3V5PP6TOPT25IG12LN9WTSORSDA2CDSROSTW9NLDPXTQ2EIA2OX3IEHTC,DEX5,M T W T F S _,500 METRE,27 Apr 2026 09:19:07 GMT,,SUNDAY,SW2,35,550,DISABLED,0,0,DISABLED
8836674828,Tota's Barber Shop ,Store Active,Alexandria,Al Iskandarīyah,00000,"31.22949307129999,29.960168084655525",CWPDHVVSKWOZA4G3YFGQG12LN9WTSORSDA2CDSROSTW9NLDPXTQ2EIA2OX5IKMRS,DEX5,M T W T _ S S,375 METRE,30 Jul 2026 13:17:55 GMT,,MONDAY,SW1,50,425,ENABLED,0,0,DISABLED
8836674828,Tota's Barber Shop ,Store Active,Alexandria,Al Iskandarīyah,00000,"31.22949307129999,29.960168084655525",CWPDHVVSKWOZA4G3YFGQG12LN9WTSORSDA2CDSROSTW9NLDPXTQ2EIA2OX5IKMRS,DEX5,M T W T _ S S,375 METRE,30 Jul 2026 13:17:55 GMT,,MONDAY,SW2,50,425,ENABLED,0,0,DISABLED
8836674828,Tota's Barber Shop ,Store Active,Alexandria,Al Iskandarīyah,00000,"31.22949307129999,29.960168084655525",CWPDHVVSKWOZA4G3YFGQG12LN9WTSORSDA2CDSROSTW9NLDPXTQ2EIA2OX5IKMRS,DEX5,M T W T _ S S,375 METRE,30 Jul 2026 13:17:55 GMT,,TUESDAY,SW1,50,425,ENABLED,0,0,DISABLED
8836674828,Tota's Barber Shop ,Store Active,Alexandria,Al Iskandarīyah,00000,"31.22949307129999,29.960168084655525",CWPDHVVSKWOZA4G3YFGQG12LN9WTSORSDA2CDSROSTW9NLDPXTQ2EIA2OX5IKMRS,DEX5,M T W T _ S S,375 METRE,30 Jul 2026 13:17:55 GMT,,TUESDAY,SW2,50,425,ENABLED,0,0,DISABLED
8836674828,Tota's Barber Shop ,Store Active,Alexandria,Al Iskandarīyah,00000,"31.22949307129999,29.960168084655525",CWPDHVVSKWOZA4G3YFGQG12LN9WTSORSDA2CDSROSTW9NLDPXTQ2EIA2OX5IKMRS,DEX5,M T W T _ S S,375 METRE,30 Jul 2026 13:17:55 GMT,,WEDNESDAY,SW1,50,425,ENABLED,0,0,DISABLED
8836674828,Tota's Barber Shop ,Store Active,Alexandria,Al Iskandarīyah,00000,"31.22949307129999,29.960168084655525",CWPDHVVSKWOZA4G3YFGQG12LN9WTSORSDA2CDSROSTW9NLDPXTQ2EIA2OX5IKMRS,DEX5,M T W T _ S S,375 METRE,30 Jul 2026 13:17:55 GMT,,WEDNESDAY,SW2,50,425,ENABLED,0,0,DISABLED
8836674828,Tota's Barber Shop ,Store Active,Alexandria,Al Iskandarīyah,00000,"31.22949307129999,29.960168084655525",CWPDHVVSKWOZA4G3YFGQG12LN9WTSORSDA2CDSROSTW9NLDPXTQ2EIA2OX5IKMRS,DEX5,M T W T _ S S,375 METRE,30 Jul 2026 13:17:55 GMT,,THURSDAY,SW1,50,425,ENABLED,0,0,DISABLED
8836674828,Tota's Barber Shop ,Store Active,Alexandria,Al Iskandarīyah,00000,"31.22949307129999,29.960168084655525",CWPDHVVSKWOZA4G3YFGQG12LN9WTSORSDA2CDSROSTW9NLDPXTQ2EIA2OX5IKMRS,DEX5,M T W T _ S S,375 METRE,30 Jul 2026 13:17:55 GMT,,THURSDAY,SW2,50,425,ENABLED,0,0,DISABLED
8836674828,Tota's Barber Shop ,Store Active,Alexandria,Al Iskandarīyah,00000,"31.22949307129999,29.960168084655525",CWPDHVVSKWOZA4G3YFGQG12LN9WTSORSDA2CDSROSTW9NLDPXTQ2EIA2OX5IKMRS,DEX5,M T W T _ S S,375 METRE,30 Jul 2026 13:17:55 GMT,,FRIDAY,SW1,50,425,ENABLED,0,0,DISABLED
8836674828,Tota's Barber Shop ,Store Active,Alexandria,Al Iskandarīyah,00000,"31.22949307129999,29.960168084655525",CWPDHVVSKWOZA4G3YFGQG12LN9WTSORSDA2CDSROSTW9NLDPXTQ2EIA2OX5IKMRS,DEX5,M T W T _ S S,375 METRE,30 Jul 2026 13:17:55 GMT,,FRIDAY,SW2,50,425,ENABLED,0,0,DISABLED
8836674828,Tota's Barber Shop ,Store Active,Alexandria,Al Iskandarīyah,00000,"31.22949307129999,29.960168084655525",CWPDHVVSKWOZA4G3YFGQG12LN9WTSORSDA2CDSROSTW9NLDPXTQ2EIA2OX5IKMRS,DEX5,M T W T _ S S,375 METRE,30 Jul 2026 13:17:55 GMT,,SATURDAY,SW1,50,425,ENABLED,0,0,DISABLED
8836674828,Tota's Barber Shop ,Store Active,Alexandria,Al Iskandarīyah,00000,"31.22949307129999,29.960168084655525",CWPDHVVSKWOZA4G3YFGQG12LN9WTSORSDA2CDSROSTW9NLDPXTQ2EIA2OX5IKMRS,DEX5,M T W T _ S S,375 METRE,30 Jul 2026 13:17:55 GMT,,SATURDAY,SW2,50,425,ENABLED,0,0,DISABLED
8836674828,Tota's Barber Shop ,Store Active,Alexandria,Al Iskandarīyah,00000,"31.22949307129999,29.960168084655525",CWPDHVVSKWOZA4G3YFGQG12LN9WTSORSDA2CDSROSTW9NLDPXTQ2EIA2OX5IKMRS,DEX5,M T W T _ S S,375 METRE,30 Jul 2026 13:17:55 GMT,,SUNDAY,SW1,50,425,ENABLED,0,0,DISABLED
8836674828,Tota's Barber Shop ,Store Active,Alexandria,Al Iskandarīyah,00000,"31.22949307129999,29.960168084655525",CWPDHVVSKWOZA4G3YFGQG12LN9WTSORSDA2CDSROSTW9NLDPXTQ2EIA2OX5IKMRS,DEX5,M T W T _ S S,375 METRE,30 Jul 2026 13:17:55 GMT,,SUNDAY,SW2,50,425,ENABLED,0,0,DISABLED
8549083594,Two m,Store Active,Alexandria,Al Iskandarīyah,00000,"31.208948538961995,29.928902709616455",KYJJFVJUIYXSOUX4ORL4G12LN9WTSORSDA2CDSROSTW9NLDPXTQ2EIA2OXTCXJ5Z,DEX5,M T W T _ S S,375 METRE,24 Feb 2025 14:49:15 GMT,,MONDAY,SW1,50,425,ENABLED,0,0,DISABLED
8549083594,Two m,Store Active,Alexandria,Al Iskandarīyah,00000,"31.208948538961995,29.928902709616455",KYJJFVJUIYXSOUX4ORL4G12LN9WTSORSDA2CDSROSTW9NLDPXTQ2EIA2OXTCXJ5Z,DEX5,M T W T _ S S,375 METRE,24 Feb 2025 14:49:15 GMT,,MONDAY,SW2,50,425,DISABLED,0,0,DISABLED
8549083594,Two m,Store Active,Alexandria,Al Iskandarīyah,00000,"31.208948538961995,29.928902709616455",KYJJFVJUIYXSOUX4ORL4G12LN9WTSORSDA2CDSROSTW9NLDPXTQ2EIA2OXTCXJ5Z,DEX5,M T W T _ S S,375 METRE,24 Feb 2025 14:49:15 GMT,,TUESDAY,SW1,50,425,ENABLED,0,0,DISABLED
8549083594,Two m,Store Active,Alexandria,Al Iskandarīyah,00000,"31.208948538961995,29.928902709616455",KYJJFVJUIYXSOUX4ORL4G12LN9WTSORSDA2CDSROSTW9NLDPXTQ2EIA2OXTCXJ5Z,DEX5,M T W T _ S S,375 METRE,24 Feb 2025 14:49:15 GMT,,TUESDAY,SW2,50,425,DISABLED,0,0,DISABLED
8549083594,Two m,Store Active,Alexandria,Al Iskandarīyah,00000,"31.208948538961995,29.928902709616455",KYJJFVJUIYXSOUX4ORL4G12LN9WTSORSDA2CDSROSTW9NLDPXTQ2EIA2OXTCXJ5Z,DEX5,M T W T _ S S,375 METRE,24 Feb 2025 14:49:15 GMT,,WEDNESDAY,SW1,50,425,ENABLED,0,0,DISABLED
8549083594,Two m,Store Active,Alexandria,Al Iskandarīyah,00000,"31.208948538961995,29.928902709616455",KYJJFVJUIYXSOUX4ORL4G12LN9WTSORSDA2CDSROSTW9NLDPXTQ2EIA2OXTCXJ5Z,DEX5,M T W T _ S S,375 METRE,24 Feb 2025 14:49:15 GMT,,WEDNESDAY,SW2,50,425,DISABLED,0,0,DISABLED
8549083594,Two m,Store Active,Alexandria,Al Iskandarīyah,00000,"31.208948538961995,29.928902709616455",KYJJFVJUIYXSOUX4ORL4G12LN9WTSORSDA2CDSROSTW9NLDPXTQ2EIA2OXTCXJ5Z,DEX5,M T W T _ S S,375 METRE,24 Feb 2025 14:49:15 GMT,,THURSDAY,SW1,50,425,ENABLED,0,0,DISABLED
8549083594,Two m,Store Active,Alexandria,Al Iskandarīyah,00000,"31.208948538961995,29.928902709616455",KYJJFVJUIYXSOUX4ORL4G12LN9WTSORSDA2CDSROSTW9NLDPXTQ2EIA2OXTCXJ5Z,DEX5,M T W T _ S S,375 METRE,24 Feb 2025 14:49:15 GMT,,THURSDAY,SW2,50,425,DISABLED,0,0,DISABLED
8549083594,Two m,Store Active,Alexandria,Al Iskandarīyah,00000,"31.208948538961995,29.928902709616455",KYJJFVJUIYXSOUX4ORL4G12LN9WTSORSDA2CDSROSTW9NLDPXTQ2EIA2OXTCXJ5Z,DEX5,M T W T _ S S,375 METRE,24 Feb 2025 14:49:15 GMT,,FRIDAY,SW1,50,425,ENABLED,0,0,DISABLED
8549083594,Two m,Store Active,Alexandria,Al Iskandarīyah,00000,"31.208948538961995,29.928902709616455",KYJJFVJUIYXSOUX4ORL4G12LN9WTSORSDA2CDSROSTW9NLDPXTQ2EIA2OXTCXJ5Z,DEX5,M T W T _ S S,375 METRE,24 Feb 2025 14:49:15 GMT,,FRIDAY,SW2,50,425,DISABLED,0,0,DISABLED
8549083594,Two m,Store Active,Alexandria,Al Iskandarīyah,00000,"31.208948538961995,29.928902709616455",KYJJFVJUIYXSOUX4ORL4G12LN9WTSORSDA2CDSROSTW9NLDPXTQ2EIA2OXTCXJ5Z,DEX5,M T W T _ S S,375 METRE,24 Feb 2025 14:49:15 GMT,,SATURDAY,SW1,50,425,ENABLED,0,0,DISABLED
8549083594,Two m,Store Active,Alexandria,Al Iskandarīyah,00000,"31.208948538961995,29.928902709616455",KYJJFVJUIYXSOUX4ORL4G12LN9WTSORSDA2CDSROSTW9NLDPXTQ2EIA2OXTCXJ5Z,DEX5,M T W T _ S S,375 METRE,24 Feb 2025 14:49:15 GMT,,SATURDAY,SW2,50,425,DISABLED,0,0,DISABLED
8549083594,Two m,Store Active,Alexandria,Al Iskandarīyah,00000,"31.208948538961995,29.928902709616455",KYJJFVJUIYXSOUX4ORL4G12LN9WTSORSDA2CDSROSTW9NLDPXTQ2EIA2OXTCXJ5Z,DEX5,M T W T _ S S,375 METRE,24 Feb 2025 14:49:15 GMT,,SUNDAY,SW1,50,425,ENABLED,0,0,DISABLED
8549083594,Two m,Store Active,Alexandria,Al Iskandarīyah,00000,"31.208948538961995,29.928902709616455",KYJJFVJUIYXSOUX4ORL4G12LN9WTSORSDA2CDSROSTW9NLDPXTQ2EIA2OXTCXJ5Z,DEX5,M T W T _ S S,375 METRE,24 Feb 2025 14:49:15 GMT,,SUNDAY,SW2,50,425,DISABLED,0,0,DISABLED
9421433420,DRy clean elkoptan,Store Active,Smouha,Al Iskandarīyah,00000,"31.214725748174573,29.939952410433804",ZCIGX5BB65UMEYWXI55MG12LN9WTSORSDA2CDSROSTW9NLDPXTQ2EIA2OX4CQ2UP,DEX5,M T W T _ S S,375 METRE,9 Oct 2024 09:31:48 GMT,,MONDAY,SW1,50,425,ENABLED,0,0,DISABLED
9421433420,DRy clean elkoptan,Store Active,Smouha,Al Iskandarīyah,00000,"31.214725748174573,29.939952410433804",ZCIGX5BB65UMEYWXI55MG12LN9WTSORSDA2CDSROSTW9NLDPXTQ2EIA2OX4CQ2UP,DEX5,M T W T _ S S,375 METRE,9 Oct 2024 09:31:48 GMT,,MONDAY,SW2,50,425,DISABLED,0,0,DISABLED
9421433420,DRy clean elkoptan,Store Active,Smouha,Al Iskandarīyah,00000,"31.214725748174573,29.939952410433804",ZCIGX5BB65UMEYWXI55MG12LN9WTSORSDA2CDSROSTW9NLDPXTQ2EIA2OX4CQ2UP,DEX5,M T W T _ S S,375 METRE,9 Oct 2024 09:31:48 GMT,,TUESDAY,SW1,50,425,ENABLED,0,0,DISABLED
9421433420,DRy clean elkoptan,Store Active,Smouha,Al Iskandarīyah,00000,"31.214725748174573,29.939952410433804",ZCIGX5BB65UMEYWXI55MG12LN9WTSORSDA2CDSROSTW9NLDPXTQ2EIA2OX4CQ2UP,DEX5,M T W T _ S S,375 METRE,9 Oct 2024 09:31:48 GMT,,TUESDAY,SW2,50,425,DISABLED,0,0,DISABLED
9421433420,DRy clean elkoptan,Store Active,Smouha,Al Iskandarīyah,00000,"31.214725748174573,29.939952410433804",ZCIGX5BB65UMEYWXI55MG12LN9WTSORSDA2CDSROSTW9NLDPXTQ2EIA2OX4CQ2UP,DEX5,M T W T _ S S,375 METRE,9 Oct 2024 09:31:48 GMT,,WEDNESDAY,SW1,50,425,ENABLED,0,0,DISABLED
9421433420,DRy clean elkoptan,Store Active,Smouha,Al Iskandarīyah,00000,"31.214725748174573,29.939952410433804",ZCIGX5BB65UMEYWXI55MG12LN9WTSORSDA2CDSROSTW9NLDPXTQ2EIA2OX4CQ2UP,DEX5,M T W T _ S S,375 METRE,9 Oct 2024 09:31:48 GMT,,WEDNESDAY,SW2,50,425,DISABLED,0,0,DISABLED
9421433420,DRy clean elkoptan,Store Active,Smouha,Al Iskandarīyah,00000,"31.214725748174573,29.939952410433804",ZCIGX5BB65UMEYWXI55MG12LN9WTSORSDA2CDSROSTW9NLDPXTQ2EIA2OX4CQ2UP,DEX5,M T W T _ S S,375 METRE,9 Oct 2024 09:31:48 GMT,,THURSDAY,SW1,50,425,ENABLED,0,0,DISABLED
9421433420,DRy clean elkoptan,Store Active,Smouha,Al Iskandarīyah,00000,"31.214725748174573,29.939952410433804",ZCIGX5BB65UMEYWXI55MG12LN9WTSORSDA2CDSROSTW9NLDPXTQ2EIA2OX4CQ2UP,DEX5,M T W T _ S S,375 METRE,9 Oct 2024 09:31:48 GMT,,THURSDAY,SW2,50,425,DISABLED,0,0,DISABLED
9421433420,DRy clean elkoptan,Store Active,Smouha,Al Iskandarīyah,00000,"31.214725748174573,29.939952410433804",ZCIGX5BB65UMEYWXI55MG12LN9WTSORSDA2CDSROSTW9NLDPXTQ2EIA2OX4CQ2UP,DEX5,M T W T _ S S,375 METRE,9 Oct 2024 09:31:48 GMT,,FRIDAY,SW1,50,425,ENABLED,0,0,DISABLED
9421433420,DRy clean elkoptan,Store Active,Smouha,Al Iskandarīyah,00000,"31.214725748174573,29.939952410433804",ZCIGX5BB65UMEYWXI55MG12LN9WTSORSDA2CDSROSTW9NLDPXTQ2EIA2OX4CQ2UP,DEX5,M T W T _ S S,375 METRE,9 Oct 2024 09:31:48 GMT,,FRIDAY,SW2,50,425,DISABLED,0,0,DISABLED
9421433420,DRy clean elkoptan,Store Active,Smouha,Al Iskandarīyah,00000,"31.214725748174573,29.939952410433804",ZCIGX5BB65UMEYWXI55MG12LN9WTSORSDA2CDSROSTW9NLDPXTQ2EIA2OX4CQ2UP,DEX5,M T W T _ S S,375 METRE,9 Oct 2024 09:31:48 GMT,,SATURDAY,SW1,50,425,ENABLED,0,0,DISABLED
9421433420,DRy clean elkoptan,Store Active,Smouha,Al Iskandarīyah,00000,"31.214725748174573,29.939952410433804",ZCIGX5BB65UMEYWXI55MG12LN9WTSORSDA2CDSROSTW9NLDPXTQ2EIA2OX4CQ2UP,DEX5,M T W T _ S S,375 METRE,9 Oct 2024 09:31:48 GMT,,SATURDAY,SW2,50,425,DISABLED,0,0,DISABLED
9421433420,DRy clean elkoptan,Store Active,Smouha,Al Iskandarīyah,00000,"31.214725748174573,29.939952410433804",ZCIGX5BB65UMEYWXI55MG12LN9WTSORSDA2CDSROSTW9NLDPXTQ2EIA2OX4CQ2UP,DEX5,M T W T _ S S,375 METRE,9 Oct 2024 09:31:48 GMT,,SUNDAY,SW1,50,425,ENABLED,0,0,DISABLED
9421433420,DRy clean elkoptan,Store Active,Smouha,Al Iskandarīyah,00000,"31.214725748174573,29.939952410433804",ZCIGX5BB65UMEYWXI55MG12LN9WTSORSDA2CDSROSTW9NLDPXTQ2EIA2OX4CQ2UP,DEX5,M T W T _ S S,375 METRE,9 Oct 2024 09:31:48 GMT,,SUNDAY,SW2,50,425,DISABLED,0,0,DISABLED
8408983777,صابركو للأدوات الصحيه,Store Inactive,alexandria,Al Iskandarīyah,00000,"31.223133533144054,29.937863596207404",HLQDBSOXPBYDUXRXXWRIG12LN9WTSORSDA2CDSROSTW9NLDPXTQ2EIA2OXZTLY3P,DEX5,M T W T _ S S,400 METRE,NA,,MONDAY,SW1,0,450,ENABLED,0,0,DISABLED
8408983777,صابركو للأدوات الصحيه,Store Inactive,alexandria,Al Iskandarīyah,00000,"31.223133533144054,29.937863596207404",HLQDBSOXPBYDUXRXXWRIG12LN9WTSORSDA2CDSROSTW9NLDPXTQ2EIA2OXZTLY3P,DEX5,M T W T _ S S,400 METRE,NA,,MONDAY,SW2,0,450,DISABLED,0,0,DISABLED
8408983777,صابركو للأدوات الصحيه,Store Inactive,alexandria,Al Iskandarīyah,00000,"31.223133533144054,29.937863596207404",HLQDBSOXPBYDUXRXXWRIG12LN9WTSORSDA2CDSROSTW9NLDPXTQ2EIA2OXZTLY3P,DEX5,M T W T _ S S,400 METRE,NA,,TUESDAY,SW1,0,450,ENABLED,0,0,DISABLED
8408983777,صابركو للأدوات الصحيه,Store Inactive,alexandria,Al Iskandarīyah,00000,"31.223133533144054,29.937863596207404",HLQDBSOXPBYDUXRXXWRIG12LN9WTSORSDA2CDSROSTW9NLDPXTQ2EIA2OXZTLY3P,DEX5,M T W T _ S S,400 METRE,NA,,TUESDAY,SW2,0,450,DISABLED,0,0,DISABLED
8408983777,صابركو للأدوات الصحيه,Store Inactive,alexandria,Al Iskandarīyah,00000,"31.223133533144054,29.937863596207404",HLQDBSOXPBYDUXRXXWRIG12LN9WTSORSDA2CDSROSTW9NLDPXTQ2EIA2OXZTLY3P,DEX5,M T W T _ S S,400 METRE,NA,,WEDNESDAY,SW1,0,450,ENABLED,0,0,DISABLED
8408983777,صابركو للأدوات الصحيه,Store Inactive,alexandria,Al Iskandarīyah,00000,"31.223133533144054,29.937863596207404",HLQDBSOXPBYDUXRXXWRIG12LN9WTSORSDA2CDSROSTW9NLDPXTQ2EIA2OXZTLY3P,DEX5,M T W T _ S S,400 METRE,NA,,WEDNESDAY,SW2,0,450,DISABLED,0,0,DISABLED
8408983777,صابركو للأدوات الصحيه,Store Inactive,alexandria,Al Iskandarīyah,00000,"31.223133533144054,29.937863596207404",HLQDBSOXPBYDUXRXXWRIG12LN9WTSORSDA2CDSROSTW9NLDPXTQ2EIA2OXZTLY3P,DEX5,M T W T _ S S,400 METRE,NA,,THURSDAY,SW1,0,450,ENABLED,0,0,DISABLED
8408983777,صابركو للأدوات الصحيه,Store Inactive,alexandria,Al Iskandarīyah,00000,"31.223133533144054,29.937863596207404",HLQDBSOXPBYDUXRXXWRIG12LN9WTSORSDA2CDSROSTW9NLDPXTQ2EIA2OXZTLY3P,DEX5,M T W T _ S S,400 METRE,NA,,THURSDAY,SW2,0,450,DISABLED,0,0,DISABLED
8408983777,صابركو للأدوات الصحيه,Store Inactive,alexandria,Al Iskandarīyah,00000,"31.223133533144054,29.937863596207404",HLQDBSOXPBYDUXRXXWRIG12LN9WTSORSDA2CDSROSTW9NLDPXTQ2EIA2OXZTLY3P,DEX5,M T W T _ S S,400 METRE,NA,,FRIDAY,SW1,0,450,ENABLED,0,0,DISABLED
8408983777,صابركو للأدوات الصحيه,Store Inactive,alexandria,Al Iskandarīyah,00000,"31.223133533144054,29.937863596207404",HLQDBSOXPBYDUXRXXWRIG12LN9WTSORSDA2CDSROSTW9NLDPXTQ2EIA2OXZTLY3P,DEX5,M T W T _ S S,400 METRE,NA,,FRIDAY,SW2,0,450,DISABLED,0,0,DISABLED
8408983777,صابركو للأدوات الصحيه,Store Inactive,alexandria,Al Iskandarīyah,00000,"31.223133533144054,29.937863596207404",HLQDBSOXPBYDUXRXXWRIG12LN9WTSORSDA2CDSROSTW9NLDPXTQ2EIA2OXZTLY3P,DEX5,M T W T _ S S,400 METRE,NA,,SATURDAY,SW1,0,450,ENABLED,0,0,DISABLED
8408983777,صابركو للأدوات الصحيه,Store Inactive,alexandria,Al Iskandarīyah,00000,"31.223133533144054,29.937863596207404",HLQDBSOXPBYDUXRXXWRIG12LN9WTSORSDA2CDSROSTW9NLDPXTQ2EIA2OXZTLY3P,DEX5,M T W T _ S S,400 METRE,NA,,SATURDAY,SW2,0,450,DISABLED,0,0,DISABLED
8408983777,صابركو للأدوات الصحيه,Store Inactive,alexandria,Al Iskandarīyah,00000,"31.223133533144054,29.937863596207404",HLQDBSOXPBYDUXRXXWRIG12LN9WTSORSDA2CDSROSTW9NLDPXTQ2EIA2OXZTLY3P,DEX5,M T W T _ S S,400 METRE,NA,,SUNDAY,SW1,0,450,ENABLED,0,0,DISABLED
8408983777,صابركو للأدوات الصحيه,Store Inactive,alexandria,Al Iskandarīyah,00000,"31.223133533144054,29.937863596207404",HLQDBSOXPBYDUXRXXWRIG12LN9WTSORSDA2CDSROSTW9NLDPXTQ2EIA2OXZTLY3P,DEX5,M T W T _ S S,400 METRE,NA,,SUNDAY,SW2,0,450,DISABLED,0,0,DISABLED
4438668684,Tweety,Store Inactive,مصطفى كامل,Al Iskandarīyah,00000,"31.22894873,29.9488736",D2ZYIFN3UMPA6DP4IQBIG12LN9WTSORSDA2CDSROSTW9NLDPXTQ2EIA2OXA7W32Y,DEX5,M T W T _ S S,375 METRE,NA,,MONDAY,SW1,0,425,ENABLED,0,0,DISABLED
4438668684,Tweety,Store Inactive,مصطفى كامل,Al Iskandarīyah,00000,"31.22894873,29.9488736",D2ZYIFN3UMPA6DP4IQBIG12LN9WTSORSDA2CDSROSTW9NLDPXTQ2EIA2OXA7W32Y,DEX5,M T W T _ S S,375 METRE,NA,,MONDAY,SW2,0,425,DISABLED,0,0,DISABLED
4438668684,Tweety,Store Inactive,مصطفى كامل,Al Iskandarīyah,00000,"31.22894873,29.9488736",D2ZYIFN3UMPA6DP4IQBIG12LN9WTSORSDA2CDSROSTW9NLDPXTQ2EIA2OXA7W32Y,DEX5,M T W T _ S S,375 METRE,NA,,TUESDAY,SW1,0,425,ENABLED,0,0,DISABLED
4438668684,Tweety,Store Inactive,مصطفى كامل,Al Iskandarīyah,00000,"31.22894873,29.9488736",D2ZYIFN3UMPA6DP4IQBIG12LN9WTSORSDA2CDSROSTW9NLDPXTQ2EIA2OXA7W32Y,DEX5,M T W T _ S S,375 METRE,NA,,TUESDAY,SW2,0,425,DISABLED,0,0,DISABLED
4438668684,Tweety,Store Inactive,مصطفى كامل,Al Iskandarīyah,00000,"31.22894873,29.9488736",D2ZYIFN3UMPA6DP4IQBIG12LN9WTSORSDA2CDSROSTW9NLDPXTQ2EIA2OXA7W32Y,DEX5,M T W T _ S S,375 METRE,NA,,WEDNESDAY,SW1,0,425,ENABLED,0,0,DISABLED
4438668684,Tweety,Store Inactive,مصطفى كامل,Al Iskandarīyah,00000,"31.22894873,29.9488736",D2ZYIFN3UMPA6DP4IQBIG12LN9WTSORSDA2CDSROSTW9NLDPXTQ2EIA2OXA7W32Y,DEX5,M T W T _ S S,375 METRE,NA,,WEDNESDAY,SW2,0,425,DISABLED,0,0,DISABLED
4438668684,Tweety,Store Inactive,مصطفى كامل,Al Iskandarīyah,00000,"31.22894873,29.9488736",D2ZYIFN3UMPA6DP4IQBIG12LN9WTSORSDA2CDSROSTW9NLDPXTQ2EIA2OXA7W32Y,DEX5,M T W T _ S S,375 METRE,NA,,THURSDAY,SW1,0,425,ENABLED,0,0,DISABLED
4438668684,Tweety,Store Inactive,مصطفى كامل,Al Iskandarīyah,00000,"31.22894873,29.9488736",D2ZYIFN3UMPA6DP4IQBIG12LN9WTSORSDA2CDSROSTW9NLDPXTQ2EIA2OXA7W32Y,DEX5,M T W T _ S S,375 METRE,NA,,THURSDAY,SW2,0,425,DISABLED,0,0,DISABLED
4438668684,Tweety,Store Inactive,مصطفى كامل,Al Iskandarīyah,00000,"31.22894873,29.9488736",D2ZYIFN3UMPA6DP4IQBIG12LN9WTSORSDA2CDSROSTW9NLDPXTQ2EIA2OXA7W32Y,DEX5,M T W T _ S S,375 METRE,NA,,FRIDAY,SW1,0,425,ENABLED,0,0,DISABLED
4438668684,Tweety,Store Inactive,مصطفى كامل,Al Iskandarīyah,00000,"31.22894873,29.9488736",D2ZYIFN3UMPA6DP4IQBIG12LN9WTSORSDA2CDSROSTW9NLDPXTQ2EIA2OXA7W32Y,DEX5,M T W T _ S S,375 METRE,NA,,FRIDAY,SW2,0,425,DISABLED,0,0,DISABLED
4438668684,Tweety,Store Inactive,مصطفى كامل,Al Iskandarīyah,00000,"31.22894873,29.9488736",D2ZYIFN3UMPA6DP4IQBIG12LN9WTSORSDA2CDSROSTW9NLDPXTQ2EIA2OXA7W32Y,DEX5,M T W T _ S S,375 METRE,NA,,SATURDAY,SW1,0,425,ENABLED,0,0,DISABLED
4438668684,Tweety,Store Inactive,مصطفى كامل,Al Iskandarīyah,00000,"31.22894873,29.9488736",D2ZYIFN3UMPA6DP4IQBIG12LN9WTSORSDA2CDSROSTW9NLDPXTQ2EIA2OXA7W32Y,DEX5,M T W T _ S S,375 METRE,NA,,SATURDAY,SW2,0,425,DISABLED,0,0,DISABLED
4438668684,Tweety,Store Inactive,مصطفى كامل,Al Iskandarīyah,00000,"31.22894873,29.9488736",D2ZYIFN3UMPA6DP4IQBIG12LN9WTSORSDA2CDSROSTW9NLDPXTQ2EIA2OXA7W32Y,DEX5,M T W T _ S S,375 METRE,NA,,SUNDAY,SW1,0,425,ENABLED,0,0,DISABLED
4438668684,Tweety,Store Inactive,مصطفى كامل,Al Iskandarīyah,00000,"31.22894873,29.9488736",D2ZYIFN3UMPA6DP4IQBIG12LN9WTSORSDA2CDSROSTW9NLDPXTQ2EIA2OXA7W32Y,DEX5,M T W T _ S S,375 METRE,NA,,SUNDAY,SW2,0,425,DISABLED,0,0,DISABLED
8911352391,Megaa Phone,Store Inactive,Alexandria,Al Iskandarīyah,00000,"31.22161173,29.97178873",XUS2YP2PNP5OXEKP35M4G12LN9WTSORSDA2CDSROSTW9NLDPXTQ2EIA2OXLX6NYS,DEX5,M T W T _ S S,375 METRE,NA,,MONDAY,SW1,0,425,ENABLED,0,0,DISABLED
8911352391,Megaa Phone,Store Inactive,Alexandria,Al Iskandarīyah,00000,"31.22161173,29.97178873",XUS2YP2PNP5OXEKP35M4G12LN9WTSORSDA2CDSROSTW9NLDPXTQ2EIA2OXLX6NYS,DEX5,M T W T _ S S,375 METRE,NA,,MONDAY,SW2,0,425,DISABLED,0,0,DISABLED
8911352391,Megaa Phone,Store Inactive,Alexandria,Al Iskandarīyah,00000,"31.22161173,29.97178873",XUS2YP2PNP5OXEKP35M4G12LN9WTSORSDA2CDSROSTW9NLDPXTQ2EIA2OXLX6NYS,DEX5,M T W T _ S S,375 METRE,NA,,TUESDAY,SW1,0,425,ENABLED,0,0,DISABLED
8911352391,Megaa Phone,Store Inactive,Alexandria,Al Iskandarīyah,00000,"31.22161173,29.97178873",XUS2YP2PNP5OXEKP35M4G12LN9WTSORSDA2CDSROSTW9NLDPXTQ2EIA2OXLX6NYS,DEX5,M T W T _ S S,375 METRE,NA,,TUESDAY,SW2,0,425,DISABLED,0,0,DISABLED
8911352391,Megaa Phone,Store Inactive,Alexandria,Al Iskandarīyah,00000,"31.22161173,29.97178873",XUS2YP2PNP5OXEKP35M4G12LN9WTSORSDA2CDSROSTW9NLDPXTQ2EIA2OXLX6NYS,DEX5,M T W T _ S S,375 METRE,NA,,WEDNESDAY,SW1,0,425,ENABLED,0,0,DISABLED
8911352391,Megaa Phone,Store Inactive,Alexandria,Al Iskandarīyah,00000,"31.22161173,29.97178873",XUS2YP2PNP5OXEKP35M4G12LN9WTSORSDA2CDSROSTW9NLDPXTQ2EIA2OXLX6NYS,DEX5,M T W T _ S S,375 METRE,NA,,WEDNESDAY,SW2,0,425,DISABLED,0,0,DISABLED
8911352391,Megaa Phone,Store Inactive,Alexandria,Al Iskandarīyah,00000,"31.22161173,29.97178873",XUS2YP2PNP5OXEKP35M4G12LN9WTSORSDA2CDSROSTW9NLDPXTQ2EIA2OXLX6NYS,DEX5,M T W T _ S S,375 METRE,NA,,THURSDAY,SW1,0,425,ENABLED,0,0,DISABLED
8911352391,Megaa Phone,Store Inactive,Alexandria,Al Iskandarīyah,00000,"31.22161173,29.97178873",XUS2YP2PNP5OXEKP35M4G12LN9WTSORSDA2CDSROSTW9NLDPXTQ2EIA2OXLX6NYS,DEX5,M T W T _ S S,375 METRE,NA,,THURSDAY,SW2,0,425,DISABLED,0,0,DISABLED
8911352391,Megaa Phone,Store Inactive,Alexandria,Al Iskandarīyah,00000,"31.22161173,29.97178873",XUS2YP2PNP5OXEKP35M4G12LN9WTSORSDA2CDSROSTW9NLDPXTQ2EIA2OXLX6NYS,DEX5,M T W T _ S S,375 METRE,NA,,FRIDAY,SW1,0,425,ENABLED,0,0,DISABLED
8911352391,Megaa Phone,Store Inactive,Alexandria,Al Iskandarīyah,00000,"31.22161173,29.97178873",XUS2YP2PNP5OXEKP35M4G12LN9WTSORSDA2CDSROSTW9NLDPXTQ2EIA2OXLX6NYS,DEX5,M T W T _ S S,375 METRE,NA,,FRIDAY,SW2,0,425,DISABLED,0,0,DISABLED
8911352391,Megaa Phone,Store Inactive,Alexandria,Al Iskandarīyah,00000,"31.22161173,29.97178873",XUS2YP2PNP5OXEKP35M4G12LN9WTSORSDA2CDSROSTW9NLDPXTQ2EIA2OXLX6NYS,DEX5,M T W T _ S S,375 METRE,NA,,SATURDAY,SW1,0,425,ENABLED,0,0,DISABLED
8911352391,Megaa Phone,Store Inactive,Alexandria,Al Iskandarīyah,00000,"31.22161173,29.97178873",XUS2YP2PNP5OXEKP35M4G12LN9WTSORSDA2CDSROSTW9NLDPXTQ2EIA2OXLX6NYS,DEX5,M T W T _ S S,375 METRE,NA,,SATURDAY,SW2,0,425,DISABLED,0,0,DISABLED
8911352391,Megaa Phone,Store Inactive,Alexandria,Al Iskandarīyah,00000,"31.22161173,29.97178873",XUS2YP2PNP5OXEKP35M4G12LN9WTSORSDA2CDSROSTW9NLDPXTQ2EIA2OXLX6NYS,DEX5,M T W T _ S S,375 METRE,NA,,SUNDAY,SW1,0,425,ENABLED,0,0,DISABLED
8911352391,Megaa Phone,Store Inactive,Alexandria,Al Iskandarīyah,00000,"31.22161173,29.97178873",XUS2YP2PNP5OXEKP35M4G12LN9WTSORSDA2CDSROSTW9NLDPXTQ2EIA2OXLX6NYS,DEX5,M T W T _ S S,375 METRE,NA,,SUNDAY,SW2,0,425,DISABLED,0,0,DISABLED
5033808212,Down,Store Active,Loran,Al Iskandarīyah,00000,"31.24809644,29.97322717",OIQADN7UO7GWV3QJRIL4G12LN9WTSORSDA2CDSROSTW9NLDPXTQ2EIA2OXXJM6CO,DEX5,M T W T _ S S,375 METRE,31 Oct 2024 12:19:37 GMT,,MONDAY,SW1,40,425,ENABLED,0,0,DISABLED
5033808212,Down,Store Active,Loran,Al Iskandarīyah,00000,"31.24809644,29.97322717",OIQADN7UO7GWV3QJRIL4G12LN9WTSORSDA2CDSROSTW9NLDPXTQ2EIA2OXXJM6CO,DEX5,M T W T _ S S,375 METRE,31 Oct 2024 12:19:37 GMT,,MONDAY,SW2,40,425,DISABLED,0,0,DISABLED
5033808212,Down,Store Active,Loran,Al Iskandarīyah,00000,"31.24809644,29.97322717",OIQADN7UO7GWV3QJRIL4G12LN9WTSORSDA2CDSROSTW9NLDPXTQ2EIA2OXXJM6CO,DEX5,M T W T _ S S,375 METRE,31 Oct 2024 12:19:37 GMT,,TUESDAY,SW1,40,425,ENABLED,0,0,DISABLED
5033808212,Down,Store Active,Loran,Al Iskandarīyah,00000,"31.24809644,29.97322717",OIQADN7UO7GWV3QJRIL4G12LN9WTSORSDA2CDSROSTW9NLDPXTQ2EIA2OXXJM6CO,DEX5,M T W T _ S S,375 METRE,31 Oct 2024 12:19:37 GMT,,TUESDAY,SW2,50,425,DISABLED,0,0,DISABLED
5033808212,Down,Store Active,Loran,Al Iskandarīyah,00000,"31.24809644,29.97322717",OIQADN7UO7GWV3QJRIL4G12LN9WTSORSDA2CDSROSTW9NLDPXTQ2EIA2OXXJM6CO,DEX5,M T W T _ S S,375 METRE,31 Oct 2024 12:19:37 GMT,,WEDNESDAY,SW1,50,425,ENABLED,0,0,DISABLED
5033808212,Down,Store Active,Loran,Al Iskandarīyah,00000,"31.24809644,29.97322717",OIQADN7UO7GWV3QJRIL4G12LN9WTSORSDA2CDSROSTW9NLDPXTQ2EIA2OXXJM6CO,DEX5,M T W T _ S S,375 METRE,31 Oct 2024 12:19:37 GMT,,WEDNESDAY,SW2,50,425,DISABLED,0,0,DISABLED
5033808212,Down,Store Active,Loran,Al Iskandarīyah,00000,"31.24809644,29.97322717",OIQADN7UO7GWV3QJRIL4G12LN9WTSORSDA2CDSROSTW9NLDPXTQ2EIA2OXXJM6CO,DEX5,M T W T _ S S,375 METRE,31 Oct 2024 12:19:37 GMT,,THURSDAY,SW1,50,425,ENABLED,0,0,DISABLED
5033808212,Down,Store Active,Loran,Al Iskandarīyah,00000,"31.24809644,29.97322717",OIQADN7UO7GWV3QJRIL4G12LN9WTSORSDA2CDSROSTW9NLDPXTQ2EIA2OXXJM6CO,DEX5,M T W T _ S S,375 METRE,31 Oct 2024 12:19:37 GMT,,THURSDAY,SW2,50,425,DISABLED,0,0,DISABLED
5033808212,Down,Store Active,Loran,Al Iskandarīyah,00000,"31.24809644,29.97322717",OIQADN7UO7GWV3QJRIL4G12LN9WTSORSDA2CDSROSTW9NLDPXTQ2EIA2OXXJM6CO,DEX5,M T W T _ S S,375 METRE,31 Oct 2024 12:19:37 GMT,,FRIDAY,SW1,50,425,ENABLED,0,0,DISABLED
5033808212,Down,Store Active,Loran,Al Iskandarīyah,00000,"31.24809644,29.97322717",OIQADN7UO7GWV3QJRIL4G12LN9WTSORSDA2CDSROSTW9NLDPXTQ2EIA2OXXJM6CO,DEX5,M T W T _ S S,375 METRE,31 Oct 2024 12:19:37 GMT,,FRIDAY,SW2,50,425,DISABLED,0,0,DISABLED
5033808212,Down,Store Active,Loran,Al Iskandarīyah,00000,"31.24809644,29.97322717",OIQADN7UO7GWV3QJRIL4G12LN9WTSORSDA2CDSROSTW9NLDPXTQ2EIA2OXXJM6CO,DEX5,M T W T _ S S,375 METRE,31 Oct 2024 12:19:37 GMT,,SATURDAY,SW1,50,425,ENABLED,0,0,DISABLED
5033808212,Down,Store Active,Loran,Al Iskandarīyah,00000,"31.24809644,29.97322717",OIQADN7UO7GWV3QJRIL4G12LN9WTSORSDA2CDSROSTW9NLDPXTQ2EIA2OXXJM6CO,DEX5,M T W T _ S S,375 METRE,31 Oct 2024 12:19:37 GMT,,SATURDAY,SW2,50,425,DISABLED,0,0,DISABLED
5033808212,Down,Store Active,Loran,Al Iskandarīyah,00000,"31.24809644,29.97322717",OIQADN7UO7GWV3QJRIL4G12LN9WTSORSDA2CDSROSTW9NLDPXTQ2EIA2OXXJM6CO,DEX5,M T W T _ S S,375 METRE,31 Oct 2024 12:19:37 GMT,,SUNDAY,SW1,50,425,ENABLED,0,0,DISABLED
5033808212,Down,Store Active,Loran,Al Iskandarīyah,00000,"31.24809644,29.97322717",OIQADN7UO7GWV3QJRIL4G12LN9WTSORSDA2CDSROSTW9NLDPXTQ2EIA2OXXJM6CO,DEX5,M T W T _ S S,375 METRE,31 Oct 2024 12:19:37 GMT,,SUNDAY,SW2,50,425,DISABLED,0,0,DISABLED
8711180110,ماركت الخديوي,Store Active,alexandria,Al Iskandarīyah,00000,"31.252434860166456,29.97630483696627",7BFWUA2I57VQKKQ3ADDMG12LN9WTSORSDA2CDSROSTW9NLDPXTQ2EIA2OXXLJBB4,DEX5,M T W T _ S S,400 METRE,19 Jul 2026 12:43:26 GMT,,MONDAY,SW1,40,450,ENABLED,0,0,DISABLED
8711180110,ماركت الخديوي,Store Active,alexandria,Al Iskandarīyah,00000,"31.252434860166456,29.97630483696627",7BFWUA2I57VQKKQ3ADDMG12LN9WTSORSDA2CDSROSTW9NLDPXTQ2EIA2OXXLJBB4,DEX5,M T W T _ S S,400 METRE,19 Jul 2026 12:43:26 GMT,,MONDAY,SW2,40,450,DISABLED,0,0,DISABLED
8711180110,ماركت الخديوي,Store Active,alexandria,Al Iskandarīyah,00000,"31.252434860166456,29.97630483696627",7BFWUA2I57VQKKQ3ADDMG12LN9WTSORSDA2CDSROSTW9NLDPXTQ2EIA2OXXLJBB4,DEX5,M T W T _ S S,400 METRE,19 Jul 2026 12:43:26 GMT,,TUESDAY,SW1,40,450,ENABLED,0,0,DISABLED
8711180110,ماركت الخديوي,Store Active,alexandria,Al Iskandarīyah,00000,"31.252434860166456,29.97630483696627",7BFWUA2I57VQKKQ3ADDMG12LN9WTSORSDA2CDSROSTW9NLDPXTQ2EIA2OXXLJBB4,DEX5,M T W T _ S S,400 METRE,19 Jul 2026 12:43:26 GMT,,TUESDAY,SW2,40,450,DISABLED,0,0,DISABLED
8711180110,ماركت الخديوي,Store Active,alexandria,Al Iskandarīyah,00000,"31.252434860166456,29.97630483696627",7BFWUA2I57VQKKQ3ADDMG12LN9WTSORSDA2CDSROSTW9NLDPXTQ2EIA2OXXLJBB4,DEX5,M T W T _ S S,400 METRE,19 Jul 2026 12:43:26 GMT,,WEDNESDAY,SW1,40,450,ENABLED,0,0,DISABLED
8711180110,ماركت الخديوي,Store Active,alexandria,Al Iskandarīyah,00000,"31.252434860166456,29.97630483696627",7BFWUA2I57VQKKQ3ADDMG12LN9WTSORSDA2CDSROSTW9NLDPXTQ2EIA2OXXLJBB4,DEX5,M T W T _ S S,400 METRE,19 Jul 2026 12:43:26 GMT,,WEDNESDAY,SW2,40,450,DISABLED,0,0,DISABLED
8711180110,ماركت الخديوي,Store Active,alexandria,Al Iskandarīyah,00000,"31.252434860166456,29.97630483696627",7BFWUA2I57VQKKQ3ADDMG12LN9WTSORSDA2CDSROSTW9NLDPXTQ2EIA2OXXLJBB4,DEX5,M T W T _ S S,400 METRE,19 Jul 2026 12:43:26 GMT,,THURSDAY,SW1,40,450,ENABLED,0,0,DISABLED
8711180110,ماركت الخديوي,Store Active,alexandria,Al Iskandarīyah,00000,"31.252434860166456,29.97630483696627",7BFWUA2I57VQKKQ3ADDMG12LN9WTSORSDA2CDSROSTW9NLDPXTQ2EIA2OXXLJBB4,DEX5,M T W T _ S S,400 METRE,19 Jul 2026 12:43:26 GMT,,THURSDAY,SW2,40,450,DISABLED,0,0,DISABLED
8711180110,ماركت الخديوي,Store Active,alexandria,Al Iskandarīyah,00000,"31.252434860166456,29.97630483696627",7BFWUA2I57VQKKQ3ADDMG12LN9WTSORSDA2CDSROSTW9NLDPXTQ2EIA2OXXLJBB4,DEX5,M T W T _ S S,400 METRE,19 Jul 2026 12:43:26 GMT,,FRIDAY,SW1,40,450,ENABLED,0,0,DISABLED
8711180110,ماركت الخديوي,Store Active,alexandria,Al Iskandarīyah,00000,"31.252434860166456,29.97630483696627",7BFWUA2I57VQKKQ3ADDMG12LN9WTSORSDA2CDSROSTW9NLDPXTQ2EIA2OXXLJBB4,DEX5,M T W T _ S S,400 METRE,19 Jul 2026 12:43:26 GMT,,FRIDAY,SW2,40,450,DISABLED,0,0,DISABLED
8711180110,ماركت الخديوي,Store Active,alexandria,Al Iskandarīyah,00000,"31.252434860166456,29.97630483696627",7BFWUA2I57VQKKQ3ADDMG12LN9WTSORSDA2CDSROSTW9NLDPXTQ2EIA2OXXLJBB4,DEX5,M T W T _ S S,400 METRE,19 Jul 2026 12:43:26 GMT,,SATURDAY,SW1,40,450,ENABLED,0,0,DISABLED
8711180110,ماركت الخديوي,Store Active,alexandria,Al Iskandarīyah,00000,"31.252434860166456,29.97630483696627",7BFWUA2I57VQKKQ3ADDMG12LN9WTSORSDA2CDSROSTW9NLDPXTQ2EIA2OXXLJBB4,DEX5,M T W T _ S S,400 METRE,19 Jul 2026 12:43:26 GMT,,SATURDAY,SW2,40,450,DISABLED,0,0,DISABLED
8711180110,ماركت الخديوي,Store Active,alexandria,Al Iskandarīyah,00000,"31.252434860166456,29.97630483696627",7BFWUA2I57VQKKQ3ADDMG12LN9WTSORSDA2CDSROSTW9NLDPXTQ2EIA2OXXLJBB4,DEX5,M T W T _ S S,400 METRE,19 Jul 2026 12:43:26 GMT,,SUNDAY,SW1,40,450,ENABLED,0,0,DISABLED
8711180110,ماركت الخديوي,Store Active,alexandria,Al Iskandarīyah,00000,"31.252434860166456,29.97630483696627",7BFWUA2I57VQKKQ3ADDMG12LN9WTSORSDA2CDSROSTW9NLDPXTQ2EIA2OXXLJBB4,DEX5,M T W T _ S S,400 METRE,19 Jul 2026 12:43:26 GMT,,SUNDAY,SW2,40,450,DISABLED,0,0,DISABLED
7177217236,OSO ALEX,Store Inactive,alexandria,Al Iskandarīyah,00000,"31.22384477219751,29.940413692461696",J2LDAZFVIZQFKUU2RJNIG12LN9WTSORSDA2CDSROSTW9NLDPXTQ2EIA2OXQUKGKY,DEX5,M T W T F S _,400 METRE,NA,,MONDAY,SW1,0,450,ENABLED,0,0,DISABLED
7177217236,OSO ALEX,Store Inactive,alexandria,Al Iskandarīyah,00000,"31.22384477219751,29.940413692461696",J2LDAZFVIZQFKUU2RJNIG12LN9WTSORSDA2CDSROSTW9NLDPXTQ2EIA2OXQUKGKY,DEX5,M T W T F S _,400 METRE,NA,,MONDAY,SW2,0,450,DISABLED,0,0,DISABLED
7177217236,OSO ALEX,Store Inactive,alexandria,Al Iskandarīyah,00000,"31.22384477219751,29.940413692461696",J2LDAZFVIZQFKUU2RJNIG12LN9WTSORSDA2CDSROSTW9NLDPXTQ2EIA2OXQUKGKY,DEX5,M T W T F S _,400 METRE,NA,,TUESDAY,SW1,0,450,ENABLED,0,0,DISABLED
7177217236,OSO ALEX,Store Inactive,alexandria,Al Iskandarīyah,00000,"31.22384477219751,29.940413692461696",J2LDAZFVIZQFKUU2RJNIG12LN9WTSORSDA2CDSROSTW9NLDPXTQ2EIA2OXQUKGKY,DEX5,M T W T F S _,400 METRE,NA,,TUESDAY,SW2,0,450,DISABLED,0,0,DISABLED
7177217236,OSO ALEX,Store Inactive,alexandria,Al Iskandarīyah,00000,"31.22384477219751,29.940413692461696",J2LDAZFVIZQFKUU2RJNIG12LN9WTSORSDA2CDSROSTW9NLDPXTQ2EIA2OXQUKGKY,DEX5,M T W T F S _,400 METRE,NA,,WEDNESDAY,SW1,0,450,ENABLED,0,0,DISABLED
7177217236,OSO ALEX,Store Inactive,alexandria,Al Iskandarīyah,00000,"31.22384477219751,29.940413692461696",J2LDAZFVIZQFKUU2RJNIG12LN9WTSORSDA2CDSROSTW9NLDPXTQ2EIA2OXQUKGKY,DEX5,M T W T F S _,400 METRE,NA,,WEDNESDAY,SW2,0,450,DISABLED,0,0,DISABLED
7177217236,OSO ALEX,Store Inactive,alexandria,Al Iskandarīyah,00000,"31.22384477219751,29.940413692461696",J2LDAZFVIZQFKUU2RJNIG12LN9WTSORSDA2CDSROSTW9NLDPXTQ2EIA2OXQUKGKY,DEX5,M T W T F S _,400 METRE,NA,,THURSDAY,SW1,0,450,ENABLED,0,0,DISABLED
7177217236,OSO ALEX,Store Inactive,alexandria,Al Iskandarīyah,00000,"31.22384477219751,29.940413692461696",J2LDAZFVIZQFKUU2RJNIG12LN9WTSORSDA2CDSROSTW9NLDPXTQ2EIA2OXQUKGKY,DEX5,M T W T F S _,400 METRE,NA,,THURSDAY,SW2,0,450,DISABLED,0,0,DISABLED
7177217236,OSO ALEX,Store Inactive,alexandria,Al Iskandarīyah,00000,"31.22384477219751,29.940413692461696",J2LDAZFVIZQFKUU2RJNIG12LN9WTSORSDA2CDSROSTW9NLDPXTQ2EIA2OXQUKGKY,DEX5,M T W T F S _,400 METRE,NA,,FRIDAY,SW1,0,450,ENABLED,0,0,DISABLED
7177217236,OSO ALEX,Store Inactive,alexandria,Al Iskandarīyah,00000,"31.22384477219751,29.940413692461696",J2LDAZFVIZQFKUU2RJNIG12LN9WTSORSDA2CDSROSTW9NLDPXTQ2EIA2OXQUKGKY,DEX5,M T W T F S _,400 METRE,NA,,FRIDAY,SW2,0,450,DISABLED,0,0,DISABLED
7177217236,OSO ALEX,Store Inactive,alexandria,Al Iskandarīyah,00000,"31.22384477219751,29.940413692461696",J2LDAZFVIZQFKUU2RJNIG12LN9WTSORSDA2CDSROSTW9NLDPXTQ2EIA2OXQUKGKY,DEX5,M T W T F S _,400 METRE,NA,,SATURDAY,SW1,0,450,ENABLED,0,0,DISABLED
7177217236,OSO ALEX,Store Inactive,alexandria,Al Iskandarīyah,00000,"31.22384477219751,29.940413692461696",J2LDAZFVIZQFKUU2RJNIG12LN9WTSORSDA2CDSROSTW9NLDPXTQ2EIA2OXQUKGKY,DEX5,M T W T F S _,400 METRE,NA,,SATURDAY,SW2,0,450,DISABLED,0,0,DISABLED
7177217236,OSO ALEX,Store Inactive,alexandria,Al Iskandarīyah,00000,"31.22384477219751,29.940413692461696",J2LDAZFVIZQFKUU2RJNIG12LN9WTSORSDA2CDSROSTW9NLDPXTQ2EIA2OXQUKGKY,DEX5,M T W T F S _,400 METRE,NA,,SUNDAY,SW1,0,450,ENABLED,0,0,DISABLED
7177217236,OSO ALEX,Store Inactive,alexandria,Al Iskandarīyah,00000,"31.22384477219751,29.940413692461696",J2LDAZFVIZQFKUU2RJNIG12LN9WTSORSDA2CDSROSTW9NLDPXTQ2EIA2OXQUKGKY,DEX5,M T W T F S _,400 METRE,NA,,SUNDAY,SW2,0,450,DISABLED,0,0,DISABLED
5353831907,المعلم,Store Active,الاسكندريه,Al Iskandarīyah,00000,"31.23965571,29.96050523",WIG5JITXL5MF476YQ5RIG12LN9WTSORSDA2CDSROSTW9NLDPXTQ2EIA2OX7FLZGB,DEX5,_ T W T F S S,375 METRE,25 Apr 2024 10:08:39 GMT,,MONDAY,SW1,50,425,ENABLED,0,0,DISABLED
5353831907,المعلم,Store Active,الاسكندريه,Al Iskandarīyah,00000,"31.23965571,29.96050523",WIG5JITXL5MF476YQ5RIG12LN9WTSORSDA2CDSROSTW9NLDPXTQ2EIA2OX7FLZGB,DEX5,_ T W T F S S,375 METRE,25 Apr 2024 10:08:39 GMT,,MONDAY,SW2,50,425,DISABLED,0,0,DISABLED
5353831907,المعلم,Store Active,الاسكندريه,Al Iskandarīyah,00000,"31.23965571,29.96050523",WIG5JITXL5MF476YQ5RIG12LN9WTSORSDA2CDSROSTW9NLDPXTQ2EIA2OX7FLZGB,DEX5,_ T W T F S S,375 METRE,25 Apr 2024 10:08:39 GMT,,TUESDAY,SW1,50,425,ENABLED,0,0,DISABLED
5353831907,المعلم,Store Active,الاسكندريه,Al Iskandarīyah,00000,"31.23965571,29.96050523",WIG5JITXL5MF476YQ5RIG12LN9WTSORSDA2CDSROSTW9NLDPXTQ2EIA2OX7FLZGB,DEX5,_ T W T F S S,375 METRE,25 Apr 2024 10:08:39 GMT,,TUESDAY,SW2,50,425,DISABLED,0,0,DISABLED
5353831907,المعلم,Store Active,الاسكندريه,Al Iskandarīyah,00000,"31.23965571,29.96050523",WIG5JITXL5MF476YQ5RIG12LN9WTSORSDA2CDSROSTW9NLDPXTQ2EIA2OX7FLZGB,DEX5,_ T W T F S S,375 METRE,25 Apr 2024 10:08:39 GMT,,WEDNESDAY,SW1,50,425,ENABLED,0,0,DISABLED
5353831907,المعلم,Store Active,الاسكندريه,Al Iskandarīyah,00000,"31.23965571,29.96050523",WIG5JITXL5MF476YQ5RIG12LN9WTSORSDA2CDSROSTW9NLDPXTQ2EIA2OX7FLZGB,DEX5,_ T W T F S S,375 METRE,25 Apr 2024 10:08:39 GMT,,WEDNESDAY,SW2,50,425,DISABLED,0,0,DISABLED
5353831907,المعلم,Store Active,الاسكندريه,Al Iskandarīyah,00000,"31.23965571,29.96050523",WIG5JITXL5MF476YQ5RIG12LN9WTSORSDA2CDSROSTW9NLDPXTQ2EIA2OX7FLZGB,DEX5,_ T W T F S S,375 METRE,25 Apr 2024 10:08:39 GMT,,THURSDAY,SW1,50,425,ENABLED,0,0,DISABLED
5353831907,المعلم,Store Active,الاسكندريه,Al Iskandarīyah,00000,"31.23965571,29.96050523",WIG5JITXL5MF476YQ5RIG12LN9WTSORSDA2CDSROSTW9NLDPXTQ2EIA2OX7FLZGB,DEX5,_ T W T F S S,375 METRE,25 Apr 2024 10:08:39 GMT,,THURSDAY,SW2,50,425,DISABLED,0,0,DISABLED
5353831907,المعلم,Store Active,الاسكندريه,Al Iskandarīyah,00000,"31.23965571,29.96050523",WIG5JITXL5MF476YQ5RIG12LN9WTSORSDA2CDSROSTW9NLDPXTQ2EIA2OX7FLZGB,DEX5,_ T W T F S S,375 METRE,25 Apr 2024 10:08:39 GMT,,FRIDAY,SW1,50,425,ENABLED,0,0,DISABLED
5353831907,المعلم,Store Active,الاسكندريه,Al Iskandarīyah,00000,"31.23965571,29.96050523",WIG5JITXL5MF476YQ5RIG12LN9WTSORSDA2CDSROSTW9NLDPXTQ2EIA2OX7FLZGB,DEX5,_ T W T F S S,375 METRE,25 Apr 2024 10:08:39 GMT,,FRIDAY,SW2,50,425,DISABLED,0,0,DISABLED
5353831907,المعلم,Store Active,الاسكندريه,Al Iskandarīyah,00000,"31.23965571,29.96050523",WIG5JITXL5MF476YQ5RIG12LN9WTSORSDA2CDSROSTW9NLDPXTQ2EIA2OX7FLZGB,DEX5,_ T W T F S S,375 METRE,25 Apr 2024 10:08:39 GMT,,SATURDAY,SW1,50,425,ENABLED,0,0,DISABLED
5353831907,المعلم,Store Active,الاسكندريه,Al Iskandarīyah,00000,"31.23965571,29.96050523",WIG5JITXL5MF476YQ5RIG12LN9WTSORSDA2CDSROSTW9NLDPXTQ2EIA2OX7FLZGB,DEX5,_ T W T F S S,375 METRE,25 Apr 2024 10:08:39 GMT,,SATURDAY,SW2,50,425,DISABLED,0,0,DISABLED
5353831907,المعلم,Store Active,الاسكندريه,Al Iskandarīyah,00000,"31.23965571,29.96050523",WIG5JITXL5MF476YQ5RIG12LN9WTSORSDA2CDSROSTW9NLDPXTQ2EIA2OX7FLZGB,DEX5,_ T W T F S S,375 METRE,25 Apr 2024 10:08:39 GMT,,SUNDAY,SW1,50,425,ENABLED,0,0,DISABLED
5353831907,المعلم,Store Active,الاسكندريه,Al Iskandarīyah,00000,"31.23965571,29.96050523",WIG5JITXL5MF476YQ5RIG12LN9WTSORSDA2CDSROSTW9NLDPXTQ2EIA2OX7FLZGB,DEX5,_ T W T F S S,375 METRE,25 Apr 2024 10:08:39 GMT,,SUNDAY,SW2,50,425,DISABLED,0,0,DISABLED
7667879622,awlad alshaykh,Store Active,Alexandria,Al Iskandarīyah,00000,"31.225026016058386,29.96457565514877",C6EW5CAKPHEYQVHLSG74G12LN9WTSORSDA2CDSROSTW9NLDPXTQ2EIA2OXOTGDZY,DEX5,M T W T _ S S,500 METRE,25 Jun 2026 11:00:41 GMT,,MONDAY,SW1,0,550,ENABLED,0,0,DISABLED
7667879622,awlad alshaykh,Store Active,Alexandria,Al Iskandarīyah,00000,"31.225026016058386,29.96457565514877",C6EW5CAKPHEYQVHLSG74G12LN9WTSORSDA2CDSROSTW9NLDPXTQ2EIA2OXOTGDZY,DEX5,M T W T _ S S,500 METRE,25 Jun 2026 11:00:41 GMT,,MONDAY,SW2,0,550,DISABLED,0,0,DISABLED
7667879622,awlad alshaykh,Store Active,Alexandria,Al Iskandarīyah,00000,"31.225026016058386,29.96457565514877",C6EW5CAKPHEYQVHLSG74G12LN9WTSORSDA2CDSROSTW9NLDPXTQ2EIA2OXOTGDZY,DEX5,M T W T _ S S,500 METRE,25 Jun 2026 11:00:41 GMT,,TUESDAY,SW1,0,550,ENABLED,0,0,DISABLED
7667879622,awlad alshaykh,Store Active,Alexandria,Al Iskandarīyah,00000,"31.225026016058386,29.96457565514877",C6EW5CAKPHEYQVHLSG74G12LN9WTSORSDA2CDSROSTW9NLDPXTQ2EIA2OXOTGDZY,DEX5,M T W T _ S S,500 METRE,25 Jun 2026 11:00:41 GMT,,TUESDAY,SW2,0,550,DISABLED,0,0,DISABLED
7667879622,awlad alshaykh,Store Active,Alexandria,Al Iskandarīyah,00000,"31.225026016058386,29.96457565514877",C6EW5CAKPHEYQVHLSG74G12LN9WTSORSDA2CDSROSTW9NLDPXTQ2EIA2OXOTGDZY,DEX5,M T W T _ S S,500 METRE,25 Jun 2026 11:00:41 GMT,,WEDNESDAY,SW1,0,550,ENABLED,0,0,DISABLED
7667879622,awlad alshaykh,Store Active,Alexandria,Al Iskandarīyah,00000,"31.225026016058386,29.96457565514877",C6EW5CAKPHEYQVHLSG74G12LN9WTSORSDA2CDSROSTW9NLDPXTQ2EIA2OXOTGDZY,DEX5,M T W T _ S S,500 METRE,25 Jun 2026 11:00:41 GMT,,WEDNESDAY,SW2,0,550,DISABLED,0,0,DISABLED
7667879622,awlad alshaykh,Store Active,Alexandria,Al Iskandarīyah,00000,"31.225026016058386,29.96457565514877",C6EW5CAKPHEYQVHLSG74G12LN9WTSORSDA2CDSROSTW9NLDPXTQ2EIA2OXOTGDZY,DEX5,M T W T _ S S,500 METRE,25 Jun 2026 11:00:41 GMT,,THURSDAY,SW1,0,550,ENABLED,0,0,DISABLED
7667879622,awlad alshaykh,Store Active,Alexandria,Al Iskandarīyah,00000,"31.225026016058386,29.96457565514877",C6EW5CAKPHEYQVHLSG74G12LN9WTSORSDA2CDSROSTW9NLDPXTQ2EIA2OXOTGDZY,DEX5,M T W T _ S S,500 METRE,25 Jun 2026 11:00:41 GMT,,THURSDAY,SW2,0,550,DISABLED,0,0,DISABLED
7667879622,awlad alshaykh,Store Active,Alexandria,Al Iskandarīyah,00000,"31.225026016058386,29.96457565514877",C6EW5CAKPHEYQVHLSG74G12LN9WTSORSDA2CDSROSTW9NLDPXTQ2EIA2OXOTGDZY,DEX5,M T W T _ S S,500 METRE,25 Jun 2026 11:00:41 GMT,,FRIDAY,SW1,0,550,ENABLED,0,0,DISABLED
7667879622,awlad alshaykh,Store Active,Alexandria,Al Iskandarīyah,00000,"31.225026016058386,29.96457565514877",C6EW5CAKPHEYQVHLSG74G12LN9WTSORSDA2CDSROSTW9NLDPXTQ2EIA2OXOTGDZY,DEX5,M T W T _ S S,500 METRE,25 Jun 2026 11:00:41 GMT,,FRIDAY,SW2,0,550,DISABLED,0,0,DISABLED
7667879622,awlad alshaykh,Store Active,Alexandria,Al Iskandarīyah,00000,"31.225026016058386,29.96457565514877",C6EW5CAKPHEYQVHLSG74G12LN9WTSORSDA2CDSROSTW9NLDPXTQ2EIA2OXOTGDZY,DEX5,M T W T _ S S,500 METRE,25 Jun 2026 11:00:41 GMT,,SATURDAY,SW1,0,550,ENABLED,0,0,DISABLED
7667879622,awlad alshaykh,Store Active,Alexandria,Al Iskandarīyah,00000,"31.225026016058386,29.96457565514877",C6EW5CAKPHEYQVHLSG74G12LN9WTSORSDA2CDSROSTW9NLDPXTQ2EIA2OXOTGDZY,DEX5,M T W T _ S S,500 METRE,25 Jun 2026 11:00:41 GMT,,SATURDAY,SW2,0,550,DISABLED,0,0,DISABLED
7667879622,awlad alshaykh,Store Active,Alexandria,Al Iskandarīyah,00000,"31.225026016058386,29.96457565514877",C6EW5CAKPHEYQVHLSG74G12LN9WTSORSDA2CDSROSTW9NLDPXTQ2EIA2OXOTGDZY,DEX5,M T W T _ S S,500 METRE,25 Jun 2026 11:00:41 GMT,,SUNDAY,SW1,0,550,ENABLED,0,0,DISABLED
7667879622,awlad alshaykh,Store Active,Alexandria,Al Iskandarīyah,00000,"31.225026016058386,29.96457565514877",C6EW5CAKPHEYQVHLSG74G12LN9WTSORSDA2CDSROSTW9NLDPXTQ2EIA2OXOTGDZY,DEX5,M T W T _ S S,500 METRE,25 Jun 2026 11:00:41 GMT,,SUNDAY,SW2,0,550,DISABLED,0,0,DISABLED
3051255188,RUQAN MARKET,Store Active,Alexandria,Al Iskandarīyah,00000,"31.241648103866375,29.96251595937722",Z7K4GP5SG6Q4YCHCZ4NUG12LN9WTSORSDA2CDSROSTW9NLDPXTQ2EQA2OXZUTLGM,DEX5,_ T W T F S S,375 METRE,25 Apr 2026 19:38:32 GMT,,MONDAY,SW1,50,425,ENABLED,0,0,DISABLED
3051255188,RUQAN MARKET,Store Active,Alexandria,Al Iskandarīyah,00000,"31.241648103866375,29.96251595937722",Z7K4GP5SG6Q4YCHCZ4NUG12LN9WTSORSDA2CDSROSTW9NLDPXTQ2EQA2OXZUTLGM,DEX5,_ T W T F S S,375 METRE,25 Apr 2026 19:38:32 GMT,,MONDAY,SW2,50,425,DISABLED,0,0,DISABLED
3051255188,RUQAN MARKET,Store Active,Alexandria,Al Iskandarīyah,00000,"31.241648103866375,29.96251595937722",Z7K4GP5SG6Q4YCHCZ4NUG12LN9WTSORSDA2CDSROSTW9NLDPXTQ2EQA2OXZUTLGM,DEX5,_ T W T F S S,375 METRE,25 Apr 2026 19:38:32 GMT,,TUESDAY,SW1,50,425,ENABLED,0,0,DISABLED
3051255188,RUQAN MARKET,Store Active,Alexandria,Al Iskandarīyah,00000,"31.241648103866375,29.96251595937722",Z7K4GP5SG6Q4YCHCZ4NUG12LN9WTSORSDA2CDSROSTW9NLDPXTQ2EQA2OXZUTLGM,DEX5,_ T W T F S S,375 METRE,25 Apr 2026 19:38:32 GMT,,TUESDAY,SW2,50,425,DISABLED,0,0,DISABLED
3051255188,RUQAN MARKET,Store Active,Alexandria,Al Iskandarīyah,00000,"31.241648103866375,29.96251595937722",Z7K4GP5SG6Q4YCHCZ4NUG12LN9WTSORSDA2CDSROSTW9NLDPXTQ2EQA2OXZUTLGM,DEX5,_ T W T F S S,375 METRE,25 Apr 2026 19:38:32 GMT,,WEDNESDAY,SW1,50,425,ENABLED,0,0,DISABLED
3051255188,RUQAN MARKET,Store Active,Alexandria,Al Iskandarīyah,00000,"31.241648103866375,29.96251595937722",Z7K4GP5SG6Q4YCHCZ4NUG12LN9WTSORSDA2CDSROSTW9NLDPXTQ2EQA2OXZUTLGM,DEX5,_ T W T F S S,375 METRE,25 Apr 2026 19:38:32 GMT,,WEDNESDAY,SW2,50,425,DISABLED,0,0,DISABLED
3051255188,RUQAN MARKET,Store Active,Alexandria,Al Iskandarīyah,00000,"31.241648103866375,29.96251595937722",Z7K4GP5SG6Q4YCHCZ4NUG12LN9WTSORSDA2CDSROSTW9NLDPXTQ2EQA2OXZUTLGM,DEX5,_ T W T F S S,375 METRE,25 Apr 2026 19:38:32 GMT,,THURSDAY,SW1,50,425,ENABLED,0,0,DISABLED
3051255188,RUQAN MARKET,Store Active,Alexandria,Al Iskandarīyah,00000,"31.241648103866375,29.96251595937722",Z7K4GP5SG6Q4YCHCZ4NUG12LN9WTSORSDA2CDSROSTW9NLDPXTQ2EQA2OXZUTLGM,DEX5,_ T W T F S S,375 METRE,25 Apr 2026 19:38:32 GMT,,THURSDAY,SW2,50,425,DISABLED,0,0,DISABLED
3051255188,RUQAN MARKET,Store Active,Alexandria,Al Iskandarīyah,00000,"31.241648103866375,29.96251595937722",Z7K4GP5SG6Q4YCHCZ4NUG12LN9WTSORSDA2CDSROSTW9NLDPXTQ2EQA2OXZUTLGM,DEX5,_ T W T F S S,375 METRE,25 Apr 2026 19:38:32 GMT,,FRIDAY,SW1,50,425,ENABLED,0,0,DISABLED
3051255188,RUQAN MARKET,Store Active,Alexandria,Al Iskandarīyah,00000,"31.241648103866375,29.96251595937722",Z7K4GP5SG6Q4YCHCZ4NUG12LN9WTSORSDA2CDSROSTW9NLDPXTQ2EQA2OXZUTLGM,DEX5,_ T W T F S S,375 METRE,25 Apr 2026 19:38:32 GMT,,FRIDAY,SW2,50,425,DISABLED,0,0,DISABLED
3051255188,RUQAN MARKET,Store Active,Alexandria,Al Iskandarīyah,00000,"31.241648103866375,29.96251595937722",Z7K4GP5SG6Q4YCHCZ4NUG12LN9WTSORSDA2CDSROSTW9NLDPXTQ2EQA2OXZUTLGM,DEX5,_ T W T F S S,375 METRE,25 Apr 2026 19:38:32 GMT,,SATURDAY,SW1,50,425,ENABLED,0,0,DISABLED
3051255188,RUQAN MARKET,Store Active,Alexandria,Al Iskandarīyah,00000,"31.241648103866375,29.96251595937722",Z7K4GP5SG6Q4YCHCZ4NUG12LN9WTSORSDA2CDSROSTW9NLDPXTQ2EQA2OXZUTLGM,DEX5,_ T W T F S S,375 METRE,25 Apr 2026 19:38:32 GMT,,SATURDAY,SW2,50,425,DISABLED,0,0,DISABLED
3051255188,RUQAN MARKET,Store Active,Alexandria,Al Iskandarīyah,00000,"31.241648103866375,29.96251595937722",Z7K4GP5SG6Q4YCHCZ4NUG12LN9WTSORSDA2CDSROSTW9NLDPXTQ2EQA2OXZUTLGM,DEX5,_ T W T F S S,375 METRE,25 Apr 2026 19:38:32 GMT,,SUNDAY,SW1,50,425,ENABLED,0,0,DISABLED
3051255188,RUQAN MARKET,Store Active,Alexandria,Al Iskandarīyah,00000,"31.241648103866375,29.96251595937722",Z7K4GP5SG6Q4YCHCZ4NUG12LN9WTSORSDA2CDSROSTW9NLDPXTQ2EQA2OXZUTLGM,DEX5,_ T W T F S S,375 METRE,25 Apr 2026 19:38:32 GMT,,SUNDAY,SW2,50,425,DISABLED,0,0,DISABLED
2957899808,Kimo Phone,Store Active,Alexandria,Al Iskandarīyah,00000,"31.229305,29.960212",PV4I4KX2CICWMRIKXYWQG12LN9WTSORSDA2CDSROSTW9NLDPXTQ2EIA2OXQM4SOU,DEX5,M T W T _ S S,375 METRE,16 Oct 2025 05:58:39 GMT,,MONDAY,SW1,50,425,ENABLED,0,0,DISABLED
2957899808,Kimo Phone,Store Active,Alexandria,Al Iskandarīyah,00000,"31.229305,29.960212",PV4I4KX2CICWMRIKXYWQG12LN9WTSORSDA2CDSROSTW9NLDPXTQ2EIA2OXQM4SOU,DEX5,M T W T _ S S,375 METRE,16 Oct 2025 05:58:39 GMT,,MONDAY,SW2,50,425,DISABLED,0,0,DISABLED
2957899808,Kimo Phone,Store Active,Alexandria,Al Iskandarīyah,00000,"31.229305,29.960212",PV4I4KX2CICWMRIKXYWQG12LN9WTSORSDA2CDSROSTW9NLDPXTQ2EIA2OXQM4SOU,DEX5,M T W T _ S S,375 METRE,16 Oct 2025 05:58:39 GMT,,TUESDAY,SW1,50,425,ENABLED,0,0,DISABLED
2957899808,Kimo Phone,Store Active,Alexandria,Al Iskandarīyah,00000,"31.229305,29.960212",PV4I4KX2CICWMRIKXYWQG12LN9WTSORSDA2CDSROSTW9NLDPXTQ2EIA2OXQM4SOU,DEX5,M T W T _ S S,375 METRE,16 Oct 2025 05:58:39 GMT,,TUESDAY,SW2,50,425,DISABLED,0,0,DISABLED
2957899808,Kimo Phone,Store Active,Alexandria,Al Iskandarīyah,00000,"31.229305,29.960212",PV4I4KX2CICWMRIKXYWQG12LN9WTSORSDA2CDSROSTW9NLDPXTQ2EIA2OXQM4SOU,DEX5,M T W T _ S S,375 METRE,16 Oct 2025 05:58:39 GMT,,WEDNESDAY,SW1,50,425,ENABLED,0,0,DISABLED
2957899808,Kimo Phone,Store Active,Alexandria,Al Iskandarīyah,00000,"31.229305,29.960212",PV4I4KX2CICWMRIKXYWQG12LN9WTSORSDA2CDSROSTW9NLDPXTQ2EIA2OXQM4SOU,DEX5,M T W T _ S S,375 METRE,16 Oct 2025 05:58:39 GMT,,WEDNESDAY,SW2,50,425,DISABLED,0,0,DISABLED
2957899808,Kimo Phone,Store Active,Alexandria,Al Iskandarīyah,00000,"31.229305,29.960212",PV4I4KX2CICWMRIKXYWQG12LN9WTSORSDA2CDSROSTW9NLDPXTQ2EIA2OXQM4SOU,DEX5,M T W T _ S S,375 METRE,16 Oct 2025 05:58:39 GMT,,THURSDAY,SW1,50,425,ENABLED,0,0,DISABLED
2957899808,Kimo Phone,Store Active,Alexandria,Al Iskandarīyah,00000,"31.229305,29.960212",PV4I4KX2CICWMRIKXYWQG12LN9WTSORSDA2CDSROSTW9NLDPXTQ2EIA2OXQM4SOU,DEX5,M T W T _ S S,375 METRE,16 Oct 2025 05:58:39 GMT,,THURSDAY,SW2,50,425,DISABLED,0,0,DISABLED
2957899808,Kimo Phone,Store Active,Alexandria,Al Iskandarīyah,00000,"31.229305,29.960212",PV4I4KX2CICWMRIKXYWQG12LN9WTSORSDA2CDSROSTW9NLDPXTQ2EIA2OXQM4SOU,DEX5,M T W T _ S S,375 METRE,16 Oct 2025 05:58:39 GMT,,FRIDAY,SW1,50,425,ENABLED,0,0,DISABLED
2957899808,Kimo Phone,Store Active,Alexandria,Al Iskandarīyah,00000,"31.229305,29.960212",PV4I4KX2CICWMRIKXYWQG12LN9WTSORSDA2CDSROSTW9NLDPXTQ2EIA2OXQM4SOU,DEX5,M T W T _ S S,375 METRE,16 Oct 2025 05:58:39 GMT,,FRIDAY,SW2,50,425,DISABLED,0,0,DISABLED
2957899808,Kimo Phone,Store Active,Alexandria,Al Iskandarīyah,00000,"31.229305,29.960212",PV4I4KX2CICWMRIKXYWQG12LN9WTSORSDA2CDSROSTW9NLDPXTQ2EIA2OXQM4SOU,DEX5,M T W T _ S S,375 METRE,16 Oct 2025 05:58:39 GMT,,SATURDAY,SW1,50,425,ENABLED,0,0,DISABLED
2957899808,Kimo Phone,Store Active,Alexandria,Al Iskandarīyah,00000,"31.229305,29.960212",PV4I4KX2CICWMRIKXYWQG12LN9WTSORSDA2CDSROSTW9NLDPXTQ2EIA2OXQM4SOU,DEX5,M T W T _ S S,375 METRE,16 Oct 2025 05:58:39 GMT,,SATURDAY,SW2,50,425,DISABLED,0,0,DISABLED
2957899808,Kimo Phone,Store Active,Alexandria,Al Iskandarīyah,00000,"31.229305,29.960212",PV4I4KX2CICWMRIKXYWQG12LN9WTSORSDA2CDSROSTW9NLDPXTQ2EIA2OXQM4SOU,DEX5,M T W T _ S S,375 METRE,16 Oct 2025 05:58:39 GMT,,SUNDAY,SW1,50,425,ENABLED,0,0,DISABLED
2957899808,Kimo Phone,Store Active,Alexandria,Al Iskandarīyah,00000,"31.229305,29.960212",PV4I4KX2CICWMRIKXYWQG12LN9WTSORSDA2CDSROSTW9NLDPXTQ2EIA2OXQM4SOU,DEX5,M T W T _ S S,375 METRE,16 Oct 2025 05:58:39 GMT,,SUNDAY,SW2,50,425,DISABLED,0,0,DISABLED
9542194283,BOB MARLEY,Store Active,Alexandria,Al Iskandarīyah,00000,"31.240082197756646,29.966874996268835",2P2ML6SPRT2BKMN7SGIEG12LN9WTSORSDA2CDSROSTW9NLDPXTQ2EIA2OXYV4Y3S,DEX5,_ T W T F S S,500 METRE,25 Mar 2026 15:49:37 GMT,,MONDAY,SW1,50,550,ENABLED,0,0,DISABLED
9542194283,BOB MARLEY,Store Active,Alexandria,Al Iskandarīyah,00000,"31.240082197756646,29.966874996268835",2P2ML6SPRT2BKMN7SGIEG12LN9WTSORSDA2CDSROSTW9NLDPXTQ2EIA2OXYV4Y3S,DEX5,_ T W T F S S,500 METRE,25 Mar 2026 15:49:37 GMT,,MONDAY,SW2,50,550,DISABLED,0,0,DISABLED
9542194283,BOB MARLEY,Store Active,Alexandria,Al Iskandarīyah,00000,"31.240082197756646,29.966874996268835",2P2ML6SPRT2BKMN7SGIEG12LN9WTSORSDA2CDSROSTW9NLDPXTQ2EIA2OXYV4Y3S,DEX5,_ T W T F S S,500 METRE,25 Mar 2026 15:49:37 GMT,,TUESDAY,SW1,50,550,ENABLED,0,0,DISABLED
9542194283,BOB MARLEY,Store Active,Alexandria,Al Iskandarīyah,00000,"31.240082197756646,29.966874996268835",2P2ML6SPRT2BKMN7SGIEG12LN9WTSORSDA2CDSROSTW9NLDPXTQ2EIA2OXYV4Y3S,DEX5,_ T W T F S S,500 METRE,25 Mar 2026 15:49:37 GMT,,TUESDAY,SW2,50,550,DISABLED,0,0,DISABLED
9542194283,BOB MARLEY,Store Active,Alexandria,Al Iskandarīyah,00000,"31.240082197756646,29.966874996268835",2P2ML6SPRT2BKMN7SGIEG12LN9WTSORSDA2CDSROSTW9NLDPXTQ2EIA2OXYV4Y3S,DEX5,_ T W T F S S,500 METRE,25 Mar 2026 15:49:37 GMT,,WEDNESDAY,SW1,50,550,ENABLED,0,0,DISABLED
9542194283,BOB MARLEY,Store Active,Alexandria,Al Iskandarīyah,00000,"31.240082197756646,29.966874996268835",2P2ML6SPRT2BKMN7SGIEG12LN9WTSORSDA2CDSROSTW9NLDPXTQ2EIA2OXYV4Y3S,DEX5,_ T W T F S S,500 METRE,25 Mar 2026 15:49:37 GMT,,WEDNESDAY,SW2,50,550,DISABLED,0,0,DISABLED
9542194283,BOB MARLEY,Store Active,Alexandria,Al Iskandarīyah,00000,"31.240082197756646,29.966874996268835",2P2ML6SPRT2BKMN7SGIEG12LN9WTSORSDA2CDSROSTW9NLDPXTQ2EIA2OXYV4Y3S,DEX5,_ T W T F S S,500 METRE,25 Mar 2026 15:49:37 GMT,,THURSDAY,SW1,50,550,ENABLED,0,0,DISABLED
9542194283,BOB MARLEY,Store Active,Alexandria,Al Iskandarīyah,00000,"31.240082197756646,29.966874996268835",2P2ML6SPRT2BKMN7SGIEG12LN9WTSORSDA2CDSROSTW9NLDPXTQ2EIA2OXYV4Y3S,DEX5,_ T W T F S S,500 METRE,25 Mar 2026 15:49:37 GMT,,THURSDAY,SW2,50,550,DISABLED,0,0,DISABLED
9542194283,BOB MARLEY,Store Active,Alexandria,Al Iskandarīyah,00000,"31.240082197756646,29.966874996268835",2P2ML6SPRT2BKMN7SGIEG12LN9WTSORSDA2CDSROSTW9NLDPXTQ2EIA2OXYV4Y3S,DEX5,_ T W T F S S,500 METRE,25 Mar 2026 15:49:37 GMT,,FRIDAY,SW1,50,550,ENABLED,0,0,DISABLED
9542194283,BOB MARLEY,Store Active,Alexandria,Al Iskandarīyah,00000,"31.240082197756646,29.966874996268835",2P2ML6SPRT2BKMN7SGIEG12LN9WTSORSDA2CDSROSTW9NLDPXTQ2EIA2OXYV4Y3S,DEX5,_ T W T F S S,500 METRE,25 Mar 2026 15:49:37 GMT,,FRIDAY,SW2,50,550,DISABLED,0,0,DISABLED
9542194283,BOB MARLEY,Store Active,Alexandria,Al Iskandarīyah,00000,"31.240082197756646,29.966874996268835",2P2ML6SPRT2BKMN7SGIEG12LN9WTSORSDA2CDSROSTW9NLDPXTQ2EIA2OXYV4Y3S,DEX5,_ T W T F S S,500 METRE,25 Mar 2026 15:49:37 GMT,,SATURDAY,SW1,50,550,ENABLED,0,0,DISABLED
9542194283,BOB MARLEY,Store Active,Alexandria,Al Iskandarīyah,00000,"31.240082197756646,29.966874996268835",2P2ML6SPRT2BKMN7SGIEG12LN9WTSORSDA2CDSROSTW9NLDPXTQ2EIA2OXYV4Y3S,DEX5,_ T W T F S S,500 METRE,25 Mar 2026 15:49:37 GMT,,SATURDAY,SW2,50,550,DISABLED,0,0,DISABLED
9542194283,BOB MARLEY,Store Active,Alexandria,Al Iskandarīyah,00000,"31.240082197756646,29.966874996268835",2P2ML6SPRT2BKMN7SGIEG12LN9WTSORSDA2CDSROSTW9NLDPXTQ2EIA2OXYV4Y3S,DEX5,_ T W T F S S,500 METRE,25 Mar 2026 15:49:37 GMT,,SUNDAY,SW1,50,550,ENABLED,0,0,DISABLED
9542194283,BOB MARLEY,Store Active,Alexandria,Al Iskandarīyah,00000,"31.240082197756646,29.966874996268835",2P2ML6SPRT2BKMN7SGIEG12LN9WTSORSDA2CDSROSTW9NLDPXTQ2EIA2OXYV4Y3S,DEX5,_ T W T F S S,500 METRE,25 Mar 2026 15:49:37 GMT,,SUNDAY,SW2,50,550,DISABLED,0,0,DISABLED
9377657720,Makka market,Store Inactive,Alexandria,Al Iskandarīyah,00000,"31.22643380077193,29.950716482630142",ZE5EDWP3RMBFLHVUBNHMG12LN9WTSORSDA2CDSROSTW9NLDPXTQ2EIA2OX2PIXPG,DEX5,M T W T _ S S,375 METRE,NA,,MONDAY,SW1,50,425,ENABLED,0,0,DISABLED
9377657720,Makka market,Store Inactive,Alexandria,Al Iskandarīyah,00000,"31.22643380077193,29.950716482630142",ZE5EDWP3RMBFLHVUBNHMG12LN9WTSORSDA2CDSROSTW9NLDPXTQ2EIA2OX2PIXPG,DEX5,M T W T _ S S,375 METRE,NA,,MONDAY,SW2,50,425,DISABLED,0,0,DISABLED
9377657720,Makka market,Store Inactive,Alexandria,Al Iskandarīyah,00000,"31.22643380077193,29.950716482630142",ZE5EDWP3RMBFLHVUBNHMG12LN9WTSORSDA2CDSROSTW9NLDPXTQ2EIA2OX2PIXPG,DEX5,M T W T _ S S,375 METRE,NA,,TUESDAY,SW1,50,425,ENABLED,0,0,DISABLED
9377657720,Makka market,Store Inactive,Alexandria,Al Iskandarīyah,00000,"31.22643380077193,29.950716482630142",ZE5EDWP3RMBFLHVUBNHMG12LN9WTSORSDA2CDSROSTW9NLDPXTQ2EIA2OX2PIXPG,DEX5,M T W T _ S S,375 METRE,NA,,TUESDAY,SW2,50,425,DISABLED,0,0,DISABLED
9377657720,Makka market,Store Inactive,Alexandria,Al Iskandarīyah,00000,"31.22643380077193,29.950716482630142",ZE5EDWP3RMBFLHVUBNHMG12LN9WTSORSDA2CDSROSTW9NLDPXTQ2EIA2OX2PIXPG,DEX5,M T W T _ S S,375 METRE,NA,,WEDNESDAY,SW1,50,425,ENABLED,0,0,DISABLED
9377657720,Makka market,Store Inactive,Alexandria,Al Iskandarīyah,00000,"31.22643380077193,29.950716482630142",ZE5EDWP3RMBFLHVUBNHMG12LN9WTSORSDA2CDSROSTW9NLDPXTQ2EIA2OX2PIXPG,DEX5,M T W T _ S S,375 METRE,NA,,WEDNESDAY,SW2,50,425,DISABLED,0,0,DISABLED
9377657720,Makka market,Store Inactive,Alexandria,Al Iskandarīyah,00000,"31.22643380077193,29.950716482630142",ZE5EDWP3RMBFLHVUBNHMG12LN9WTSORSDA2CDSROSTW9NLDPXTQ2EIA2OX2PIXPG,DEX5,M T W T _ S S,375 METRE,NA,,THURSDAY,SW1,50,425,ENABLED,0,0,DISABLED
9377657720,Makka market,Store Inactive,Alexandria,Al Iskandarīyah,00000,"31.22643380077193,29.950716482630142",ZE5EDWP3RMBFLHVUBNHMG12LN9WTSORSDA2CDSROSTW9NLDPXTQ2EIA2OX2PIXPG,DEX5,M T W T _ S S,375 METRE,NA,,THURSDAY,SW2,50,425,DISABLED,0,0,DISABLED
9377657720,Makka market,Store Inactive,Alexandria,Al Iskandarīyah,00000,"31.22643380077193,29.950716482630142",ZE5EDWP3RMBFLHVUBNHMG12LN9WTSORSDA2CDSROSTW9NLDPXTQ2EIA2OX2PIXPG,DEX5,M T W T _ S S,375 METRE,NA,,FRIDAY,SW1,50,425,ENABLED,0,0,DISABLED
9377657720,Makka market,Store Inactive,Alexandria,Al Iskandarīyah,00000,"31.22643380077193,29.950716482630142",ZE5EDWP3RMBFLHVUBNHMG12LN9WTSORSDA2CDSROSTW9NLDPXTQ2EIA2OX2PIXPG,DEX5,M T W T _ S S,375 METRE,NA,,FRIDAY,SW2,50,425,DISABLED,0,0,DISABLED
9377657720,Makka market,Store Inactive,Alexandria,Al Iskandarīyah,00000,"31.22643380077193,29.950716482630142",ZE5EDWP3RMBFLHVUBNHMG12LN9WTSORSDA2CDSROSTW9NLDPXTQ2EIA2OX2PIXPG,DEX5,M T W T _ S S,375 METRE,NA,,SATURDAY,SW1,50,425,ENABLED,0,0,DISABLED
9377657720,Makka market,Store Inactive,Alexandria,Al Iskandarīyah,00000,"31.22643380077193,29.950716482630142",ZE5EDWP3RMBFLHVUBNHMG12LN9WTSORSDA2CDSROSTW9NLDPXTQ2EIA2OX2PIXPG,DEX5,M T W T _ S S,375 METRE,NA,,SATURDAY,SW2,50,425,DISABLED,0,0,DISABLED
9377657720,Makka market,Store Inactive,Alexandria,Al Iskandarīyah,00000,"31.22643380077193,29.950716482630142",ZE5EDWP3RMBFLHVUBNHMG12LN9WTSORSDA2CDSROSTW9NLDPXTQ2EIA2OX2PIXPG,DEX5,M T W T _ S S,375 METRE,NA,,SUNDAY,SW1,50,425,ENABLED,0,0,DISABLED
9377657720,Makka market,Store Inactive,Alexandria,Al Iskandarīyah,00000,"31.22643380077193,29.950716482630142",ZE5EDWP3RMBFLHVUBNHMG12LN9WTSORSDA2CDSROSTW9NLDPXTQ2EIA2OX2PIXPG,DEX5,M T W T _ S S,375 METRE,NA,,SUNDAY,SW2,50,425,DISABLED,0,0,DISABLED
1368688739,إبن حميدو,Store Inactive,alexandria,Al Iskandarīyah,00000,"31.22436198380384,29.937203664418057",NT6J75GO3C57K5JGIX7IG12LN9WTSORSDA2CDSROSTW9NLDPXTQ2EQA2OXIEL3BD,DEX5,M T W T _ S S,375 METRE,NA,,MONDAY,SW1,0,425,ENABLED,0,0,DISABLED
1368688739,إبن حميدو,Store Inactive,alexandria,Al Iskandarīyah,00000,"31.22436198380384,29.937203664418057",NT6J75GO3C57K5JGIX7IG12LN9WTSORSDA2CDSROSTW9NLDPXTQ2EQA2OXIEL3BD,DEX5,M T W T _ S S,375 METRE,NA,,MONDAY,SW2,0,425,DISABLED,0,0,DISABLED
1368688739,إبن حميدو,Store Inactive,alexandria,Al Iskandarīyah,00000,"31.22436198380384,29.937203664418057",NT6J75GO3C57K5JGIX7IG12LN9WTSORSDA2CDSROSTW9NLDPXTQ2EQA2OXIEL3BD,DEX5,M T W T _ S S,375 METRE,NA,,TUESDAY,SW1,0,425,ENABLED,0,0,DISABLED
1368688739,إبن حميدو,Store Inactive,alexandria,Al Iskandarīyah,00000,"31.22436198380384,29.937203664418057",NT6J75GO3C57K5JGIX7IG12LN9WTSORSDA2CDSROSTW9NLDPXTQ2EQA2OXIEL3BD,DEX5,M T W T _ S S,375 METRE,NA,,TUESDAY,SW2,0,425,DISABLED,0,0,DISABLED
1368688739,إبن حميدو,Store Inactive,alexandria,Al Iskandarīyah,00000,"31.22436198380384,29.937203664418057",NT6J75GO3C57K5JGIX7IG12LN9WTSORSDA2CDSROSTW9NLDPXTQ2EQA2OXIEL3BD,DEX5,M T W T _ S S,375 METRE,NA,,WEDNESDAY,SW1,0,425,ENABLED,0,0,DISABLED
1368688739,إبن حميدو,Store Inactive,alexandria,Al Iskandarīyah,00000,"31.22436198380384,29.937203664418057",NT6J75GO3C57K5JGIX7IG12LN9WTSORSDA2CDSROSTW9NLDPXTQ2EQA2OXIEL3BD,DEX5,M T W T _ S S,375 METRE,NA,,WEDNESDAY,SW2,0,425,DISABLED,0,0,DISABLED
1368688739,إبن حميدو,Store Inactive,alexandria,Al Iskandarīyah,00000,"31.22436198380384,29.937203664418057",NT6J75GO3C57K5JGIX7IG12LN9WTSORSDA2CDSROSTW9NLDPXTQ2EQA2OXIEL3BD,DEX5,M T W T _ S S,375 METRE,NA,,THURSDAY,SW1,0,425,ENABLED,0,0,DISABLED
1368688739,إبن حميدو,Store Inactive,alexandria,Al Iskandarīyah,00000,"31.22436198380384,29.937203664418057",NT6J75GO3C57K5JGIX7IG12LN9WTSORSDA2CDSROSTW9NLDPXTQ2EQA2OXIEL3BD,DEX5,M T W T _ S S,375 METRE,NA,,THURSDAY,SW2,0,425,DISABLED,0,0,DISABLED
1368688739,إبن حميدو,Store Inactive,alexandria,Al Iskandarīyah,00000,"31.22436198380384,29.937203664418057",NT6J75GO3C57K5JGIX7IG12LN9WTSORSDA2CDSROSTW9NLDPXTQ2EQA2OXIEL3BD,DEX5,M T W T _ S S,375 METRE,NA,,FRIDAY,SW1,0,425,ENABLED,0,0,DISABLED
1368688739,إبن حميدو,Store Inactive,alexandria,Al Iskandarīyah,00000,"31.22436198380384,29.937203664418057",NT6J75GO3C57K5JGIX7IG12LN9WTSORSDA2CDSROSTW9NLDPXTQ2EQA2OXIEL3BD,DEX5,M T W T _ S S,375 METRE,NA,,FRIDAY,SW2,0,425,DISABLED,0,0,DISABLED
1368688739,إبن حميدو,Store Inactive,alexandria,Al Iskandarīyah,00000,"31.22436198380384,29.937203664418057",NT6J75GO3C57K5JGIX7IG12LN9WTSORSDA2CDSROSTW9NLDPXTQ2EQA2OXIEL3BD,DEX5,M T W T _ S S,375 METRE,NA,,SATURDAY,SW1,0,425,ENABLED,0,0,DISABLED
1368688739,إبن حميدو,Store Inactive,alexandria,Al Iskandarīyah,00000,"31.22436198380384,29.937203664418057",NT6J75GO3C57K5JGIX7IG12LN9WTSORSDA2CDSROSTW9NLDPXTQ2EQA2OXIEL3BD,DEX5,M T W T _ S S,375 METRE,NA,,SATURDAY,SW2,0,425,DISABLED,0,0,DISABLED
1368688739,إبن حميدو,Store Inactive,alexandria,Al Iskandarīyah,00000,"31.22436198380384,29.937203664418057",NT6J75GO3C57K5JGIX7IG12LN9WTSORSDA2CDSROSTW9NLDPXTQ2EQA2OXIEL3BD,DEX5,M T W T _ S S,375 METRE,NA,,SUNDAY,SW1,0,425,ENABLED,0,0,DISABLED
1368688739,إبن حميدو,Store Inactive,alexandria,Al Iskandarīyah,00000,"31.22436198380384,29.937203664418057",NT6J75GO3C57K5JGIX7IG12LN9WTSORSDA2CDSROSTW9NLDPXTQ2EQA2OXIEL3BD,DEX5,M T W T _ S S,375 METRE,NA,,SUNDAY,SW2,0,425,DISABLED,0,0,DISABLED
3671590930,Yahya Roastery,Store Active,Alexandria,Al Iskandarīyah,00000,"31.24100046894182,29.96631948098866",U7HJ2H5FEONMHGU4TFLIG12LN9WTSORSDA2CDSROSTW9NLDPXTQ2EIA2OXCTZQOC,DEX5,_ T W T F S S,375 METRE,17 May 2025 07:11:03 GMT,,MONDAY,SW1,50,425,ENABLED,0,0,DISABLED
3671590930,Yahya Roastery,Store Active,Alexandria,Al Iskandarīyah,00000,"31.24100046894182,29.96631948098866",U7HJ2H5FEONMHGU4TFLIG12LN9WTSORSDA2CDSROSTW9NLDPXTQ2EIA2OXCTZQOC,DEX5,_ T W T F S S,375 METRE,17 May 2025 07:11:03 GMT,,MONDAY,SW2,50,425,DISABLED,0,0,DISABLED
3671590930,Yahya Roastery,Store Active,Alexandria,Al Iskandarīyah,00000,"31.24100046894182,29.96631948098866",U7HJ2H5FEONMHGU4TFLIG12LN9WTSORSDA2CDSROSTW9NLDPXTQ2EIA2OXCTZQOC,DEX5,_ T W T F S S,375 METRE,17 May 2025 07:11:03 GMT,,TUESDAY,SW1,50,425,ENABLED,0,0,DISABLED
3671590930,Yahya Roastery,Store Active,Alexandria,Al Iskandarīyah,00000,"31.24100046894182,29.96631948098866",U7HJ2H5FEONMHGU4TFLIG12LN9WTSORSDA2CDSROSTW9NLDPXTQ2EIA2OXCTZQOC,DEX5,_ T W T F S S,375 METRE,17 May 2025 07:11:03 GMT,,TUESDAY,SW2,50,425,DISABLED,0,0,DISABLED
3671590930,Yahya Roastery,Store Active,Alexandria,Al Iskandarīyah,00000,"31.24100046894182,29.96631948098866",U7HJ2H5FEONMHGU4TFLIG12LN9WTSORSDA2CDSROSTW9NLDPXTQ2EIA2OXCTZQOC,DEX5,_ T W T F S S,375 METRE,17 May 2025 07:11:03 GMT,,WEDNESDAY,SW1,50,425,ENABLED,0,0,DISABLED
3671590930,Yahya Roastery,Store Active,Alexandria,Al Iskandarīyah,00000,"31.24100046894182,29.96631948098866",U7HJ2H5FEONMHGU4TFLIG12LN9WTSORSDA2CDSROSTW9NLDPXTQ2EIA2OXCTZQOC,DEX5,_ T W T F S S,375 METRE,17 May 2025 07:11:03 GMT,,WEDNESDAY,SW2,50,425,DISABLED,0,0,DISABLED
3671590930,Yahya Roastery,Store Active,Alexandria,Al Iskandarīyah,00000,"31.24100046894182,29.96631948098866",U7HJ2H5FEONMHGU4TFLIG12LN9WTSORSDA2CDSROSTW9NLDPXTQ2EIA2OXCTZQOC,DEX5,_ T W T F S S,375 METRE,17 May 2025 07:11:03 GMT,,THURSDAY,SW1,50,425,ENABLED,0,0,DISABLED
3671590930,Yahya Roastery,Store Active,Alexandria,Al Iskandarīyah,00000,"31.24100046894182,29.96631948098866",U7HJ2H5FEONMHGU4TFLIG12LN9WTSORSDA2CDSROSTW9NLDPXTQ2EIA2OXCTZQOC,DEX5,_ T W T F S S,375 METRE,17 May 2025 07:11:03 GMT,,THURSDAY,SW2,50,425,DISABLED,0,0,DISABLED
3671590930,Yahya Roastery,Store Active,Alexandria,Al Iskandarīyah,00000,"31.24100046894182,29.96631948098866",U7HJ2H5FEONMHGU4TFLIG12LN9WTSORSDA2CDSROSTW9NLDPXTQ2EIA2OXCTZQOC,DEX5,_ T W T F S S,375 METRE,17 May 2025 07:11:03 GMT,,FRIDAY,SW1,50,425,ENABLED,0,0,DISABLED
3671590930,Yahya Roastery,Store Active,Alexandria,Al Iskandarīyah,00000,"31.24100046894182,29.96631948098866",U7HJ2H5FEONMHGU4TFLIG12LN9WTSORSDA2CDSROSTW9NLDPXTQ2EIA2OXCTZQOC,DEX5,_ T W T F S S,375 METRE,17 May 2025 07:11:03 GMT,,FRIDAY,SW2,50,425,DISABLED,0,0,DISABLED
3671590930,Yahya Roastery,Store Active,Alexandria,Al Iskandarīyah,00000,"31.24100046894182,29.96631948098866",U7HJ2H5FEONMHGU4TFLIG12LN9WTSORSDA2CDSROSTW9NLDPXTQ2EIA2OXCTZQOC,DEX5,_ T W T F S S,375 METRE,17 May 2025 07:11:03 GMT,,SATURDAY,SW1,50,425,ENABLED,0,0,DISABLED
3671590930,Yahya Roastery,Store Active,Alexandria,Al Iskandarīyah,00000,"31.24100046894182,29.96631948098866",U7HJ2H5FEONMHGU4TFLIG12LN9WTSORSDA2CDSROSTW9NLDPXTQ2EIA2OXCTZQOC,DEX5,_ T W T F S S,375 METRE,17 May 2025 07:11:03 GMT,,SATURDAY,SW2,50,425,DISABLED,0,0,DISABLED
3671590930,Yahya Roastery,Store Active,Alexandria,Al Iskandarīyah,00000,"31.24100046894182,29.96631948098866",U7HJ2H5FEONMHGU4TFLIG12LN9WTSORSDA2CDSROSTW9NLDPXTQ2EIA2OXCTZQOC,DEX5,_ T W T F S S,375 METRE,17 May 2025 07:11:03 GMT,,SUNDAY,SW1,50,425,ENABLED,0,0,DISABLED
3671590930,Yahya Roastery,Store Active,Alexandria,Al Iskandarīyah,00000,"31.24100046894182,29.96631948098866",U7HJ2H5FEONMHGU4TFLIG12LN9WTSORSDA2CDSROSTW9NLDPXTQ2EIA2OXCTZQOC,DEX5,_ T W T F S S,375 METRE,17 May 2025 07:11:03 GMT,,SUNDAY,SW2,50,425,DISABLED,0,0,DISABLED
7655526928,صالون الماجيك,Store Inactive,alexandriah,Al Iskandarīyah,00000,"31.23147849499116,29.951748367460418",THQBI32RZV4WUDKXJY4EG12LN9WTSORSDA2CDSROSTW9NLDPXTQ2EQA2OXSZH7GD,DEX5,M T W T _ S S,400 METRE,NA,,MONDAY,SW1,0,450,ENABLED,0,0,DISABLED
7655526928,صالون الماجيك,Store Inactive,alexandriah,Al Iskandarīyah,00000,"31.23147849499116,29.951748367460418",THQBI32RZV4WUDKXJY4EG12LN9WTSORSDA2CDSROSTW9NLDPXTQ2EQA2OXSZH7GD,DEX5,M T W T _ S S,400 METRE,NA,,MONDAY,SW2,0,450,DISABLED,0,0,DISABLED
7655526928,صالون الماجيك,Store Inactive,alexandriah,Al Iskandarīyah,00000,"31.23147849499116,29.951748367460418",THQBI32RZV4WUDKXJY4EG12LN9WTSORSDA2CDSROSTW9NLDPXTQ2EQA2OXSZH7GD,DEX5,M T W T _ S S,400 METRE,NA,,TUESDAY,SW1,0,450,ENABLED,0,0,DISABLED
7655526928,صالون الماجيك,Store Inactive,alexandriah,Al Iskandarīyah,00000,"31.23147849499116,29.951748367460418",THQBI32RZV4WUDKXJY4EG12LN9WTSORSDA2CDSROSTW9NLDPXTQ2EQA2OXSZH7GD,DEX5,M T W T _ S S,400 METRE,NA,,TUESDAY,SW2,0,450,DISABLED,0,0,DISABLED
7655526928,صالون الماجيك,Store Inactive,alexandriah,Al Iskandarīyah,00000,"31.23147849499116,29.951748367460418",THQBI32RZV4WUDKXJY4EG12LN9WTSORSDA2CDSROSTW9NLDPXTQ2EQA2OXSZH7GD,DEX5,M T W T _ S S,400 METRE,NA,,WEDNESDAY,SW1,0,450,ENABLED,0,0,DISABLED
7655526928,صالون الماجيك,Store Inactive,alexandriah,Al Iskandarīyah,00000,"31.23147849499116,29.951748367460418",THQBI32RZV4WUDKXJY4EG12LN9WTSORSDA2CDSROSTW9NLDPXTQ2EQA2OXSZH7GD,DEX5,M T W T _ S S,400 METRE,NA,,WEDNESDAY,SW2,0,450,DISABLED,0,0,DISABLED
7655526928,صالون الماجيك,Store Inactive,alexandriah,Al Iskandarīyah,00000,"31.23147849499116,29.951748367460418",THQBI32RZV4WUDKXJY4EG12LN9WTSORSDA2CDSROSTW9NLDPXTQ2EQA2OXSZH7GD,DEX5,M T W T _ S S,400 METRE,NA,,THURSDAY,SW1,0,450,ENABLED,0,0,DISABLED
7655526928,صالون الماجيك,Store Inactive,alexandriah,Al Iskandarīyah,00000,"31.23147849499116,29.951748367460418",THQBI32RZV4WUDKXJY4EG12LN9WTSORSDA2CDSROSTW9NLDPXTQ2EQA2OXSZH7GD,DEX5,M T W T _ S S,400 METRE,NA,,THURSDAY,SW2,0,450,DISABLED,0,0,DISABLED
7655526928,صالون الماجيك,Store Inactive,alexandriah,Al Iskandarīyah,00000,"31.23147849499116,29.951748367460418",THQBI32RZV4WUDKXJY4EG12LN9WTSORSDA2CDSROSTW9NLDPXTQ2EQA2OXSZH7GD,DEX5,M T W T _ S S,400 METRE,NA,,FRIDAY,SW1,0,450,ENABLED,0,0,DISABLED
7655526928,صالون الماجيك,Store Inactive,alexandriah,Al Iskandarīyah,00000,"31.23147849499116,29.951748367460418",THQBI32RZV4WUDKXJY4EG12LN9WTSORSDA2CDSROSTW9NLDPXTQ2EQA2OXSZH7GD,DEX5,M T W T _ S S,400 METRE,NA,,FRIDAY,SW2,0,450,DISABLED,0,0,DISABLED
7655526928,صالون الماجيك,Store Inactive,alexandriah,Al Iskandarīyah,00000,"31.23147849499116,29.951748367460418",THQBI32RZV4WUDKXJY4EG12LN9WTSORSDA2CDSROSTW9NLDPXTQ2EQA2OXSZH7GD,DEX5,M T W T _ S S,400 METRE,NA,,SATURDAY,SW1,0,450,ENABLED,0,0,DISABLED
7655526928,صالون الماجيك,Store Inactive,alexandriah,Al Iskandarīyah,00000,"31.23147849499116,29.951748367460418",THQBI32RZV4WUDKXJY4EG12LN9WTSORSDA2CDSROSTW9NLDPXTQ2EQA2OXSZH7GD,DEX5,M T W T _ S S,400 METRE,NA,,SATURDAY,SW2,0,450,DISABLED,0,0,DISABLED
7655526928,صالون الماجيك,Store Inactive,alexandriah,Al Iskandarīyah,00000,"31.23147849499116,29.951748367460418",THQBI32RZV4WUDKXJY4EG12LN9WTSORSDA2CDSROSTW9NLDPXTQ2EQA2OXSZH7GD,DEX5,M T W T _ S S,400 METRE,NA,,SUNDAY,SW1,0,450,ENABLED,0,0,DISABLED
7655526928,صالون الماجيك,Store Inactive,alexandriah,Al Iskandarīyah,00000,"31.23147849499116,29.951748367460418",THQBI32RZV4WUDKXJY4EG12LN9WTSORSDA2CDSROSTW9NLDPXTQ2EQA2OXSZH7GD,DEX5,M T W T _ S S,400 METRE,NA,,SUNDAY,SW2,0,450,DISABLED,0,0,DISABLED
5717666393,market wael,Store Active,gnakles,Al Iskandarīyah,00000,"31.24046572,29.97028106",LDN4Z3HRJYKU4CLOSQEIG12LN9WTSORSDA2CDSROSTW9NLDPXTQ2EIA2OXF53YAT,DEX5,M T W T F S S,375 METRE,28 Dec 2025 14:34:05 GMT,,MONDAY,SW1,50,425,ENABLED,0,0,DISABLED
5717666393,market wael,Store Active,gnakles,Al Iskandarīyah,00000,"31.24046572,29.97028106",LDN4Z3HRJYKU4CLOSQEIG12LN9WTSORSDA2CDSROSTW9NLDPXTQ2EIA2OXF53YAT,DEX5,M T W T F S S,375 METRE,28 Dec 2025 14:34:05 GMT,,MONDAY,SW2,50,425,DISABLED,0,0,DISABLED
5717666393,market wael,Store Active,gnakles,Al Iskandarīyah,00000,"31.24046572,29.97028106",LDN4Z3HRJYKU4CLOSQEIG12LN9WTSORSDA2CDSROSTW9NLDPXTQ2EIA2OXF53YAT,DEX5,M T W T F S S,375 METRE,28 Dec 2025 14:34:05 GMT,,TUESDAY,SW1,50,425,ENABLED,0,0,DISABLED
5717666393,market wael,Store Active,gnakles,Al Iskandarīyah,00000,"31.24046572,29.97028106",LDN4Z3HRJYKU4CLOSQEIG12LN9WTSORSDA2CDSROSTW9NLDPXTQ2EIA2OXF53YAT,DEX5,M T W T F S S,375 METRE,28 Dec 2025 14:34:05 GMT,,TUESDAY,SW2,50,425,DISABLED,0,0,DISABLED
5717666393,market wael,Store Active,gnakles,Al Iskandarīyah,00000,"31.24046572,29.97028106",LDN4Z3HRJYKU4CLOSQEIG12LN9WTSORSDA2CDSROSTW9NLDPXTQ2EIA2OXF53YAT,DEX5,M T W T F S S,375 METRE,28 Dec 2025 14:34:05 GMT,,WEDNESDAY,SW1,50,425,ENABLED,0,0,DISABLED
5717666393,market wael,Store Active,gnakles,Al Iskandarīyah,00000,"31.24046572,29.97028106",LDN4Z3HRJYKU4CLOSQEIG12LN9WTSORSDA2CDSROSTW9NLDPXTQ2EIA2OXF53YAT,DEX5,M T W T F S S,375 METRE,28 Dec 2025 14:34:05 GMT,,WEDNESDAY,SW2,50,425,DISABLED,0,0,DISABLED
5717666393,market wael,Store Active,gnakles,Al Iskandarīyah,00000,"31.24046572,29.97028106",LDN4Z3HRJYKU4CLOSQEIG12LN9WTSORSDA2CDSROSTW9NLDPXTQ2EIA2OXF53YAT,DEX5,M T W T F S S,375 METRE,28 Dec 2025 14:34:05 GMT,,THURSDAY,SW1,50,425,ENABLED,0,0,DISABLED
5717666393,market wael,Store Active,gnakles,Al Iskandarīyah,00000,"31.24046572,29.97028106",LDN4Z3HRJYKU4CLOSQEIG12LN9WTSORSDA2CDSROSTW9NLDPXTQ2EIA2OXF53YAT,DEX5,M T W T F S S,375 METRE,28 Dec 2025 14:34:05 GMT,,THURSDAY,SW2,50,425,DISABLED,0,0,DISABLED
5717666393,market wael,Store Active,gnakles,Al Iskandarīyah,00000,"31.24046572,29.97028106",LDN4Z3HRJYKU4CLOSQEIG12LN9WTSORSDA2CDSROSTW9NLDPXTQ2EIA2OXF53YAT,DEX5,M T W T F S S,375 METRE,28 Dec 2025 14:34:05 GMT,,FRIDAY,SW1,50,425,ENABLED,0,0,DISABLED
5717666393,market wael,Store Active,gnakles,Al Iskandarīyah,00000,"31.24046572,29.97028106",LDN4Z3HRJYKU4CLOSQEIG12LN9WTSORSDA2CDSROSTW9NLDPXTQ2EIA2OXF53YAT,DEX5,M T W T F S S,375 METRE,28 Dec 2025 14:34:05 GMT,,FRIDAY,SW2,50,425,DISABLED,0,0,DISABLED
5717666393,market wael,Store Active,gnakles,Al Iskandarīyah,00000,"31.24046572,29.97028106",LDN4Z3HRJYKU4CLOSQEIG12LN9WTSORSDA2CDSROSTW9NLDPXTQ2EIA2OXF53YAT,DEX5,M T W T F S S,375 METRE,28 Dec 2025 14:34:05 GMT,,SATURDAY,SW1,50,425,ENABLED,0,0,DISABLED
5717666393,market wael,Store Active,gnakles,Al Iskandarīyah,00000,"31.24046572,29.97028106",LDN4Z3HRJYKU4CLOSQEIG12LN9WTSORSDA2CDSROSTW9NLDPXTQ2EIA2OXF53YAT,DEX5,M T W T F S S,375 METRE,28 Dec 2025 14:34:05 GMT,,SATURDAY,SW2,50,425,DISABLED,0,0,DISABLED
5717666393,market wael,Store Active,gnakles,Al Iskandarīyah,00000,"31.24046572,29.97028106",LDN4Z3HRJYKU4CLOSQEIG12LN9WTSORSDA2CDSROSTW9NLDPXTQ2EIA2OXF53YAT,DEX5,M T W T F S S,375 METRE,28 Dec 2025 14:34:05 GMT,,SUNDAY,SW1,50,425,ENABLED,0,0,DISABLED
5717666393,market wael,Store Active,gnakles,Al Iskandarīyah,00000,"31.24046572,29.97028106",LDN4Z3HRJYKU4CLOSQEIG12LN9WTSORSDA2CDSROSTW9NLDPXTQ2EIA2OXF53YAT,DEX5,M T W T F S S,375 METRE,28 Dec 2025 14:34:05 GMT,,SUNDAY,SW2,50,425,DISABLED,0,0,DISABLED
2595755757,Better mashal,Store Active,Alexandria,Al Iskandarīyah,00000,"31.238776359558713,29.95942627116448",Q5SPF5RWHMF3JIUXW3RMG12LN9WTSORSDA2CDSROSTW9NLDPXTQ2EIA2OXFBOUMT,DEX5,_ T W T F S S,375 METRE,28 May 2025 08:09:25 GMT,,MONDAY,SW1,50,425,ENABLED,0,0,DISABLED
2595755757,Better mashal,Store Active,Alexandria,Al Iskandarīyah,00000,"31.238776359558713,29.95942627116448",Q5SPF5RWHMF3JIUXW3RMG12LN9WTSORSDA2CDSROSTW9NLDPXTQ2EIA2OXFBOUMT,DEX5,_ T W T F S S,375 METRE,28 May 2025 08:09:25 GMT,,MONDAY,SW2,50,425,DISABLED,0,0,DISABLED
2595755757,Better mashal,Store Active,Alexandria,Al Iskandarīyah,00000,"31.238776359558713,29.95942627116448",Q5SPF5RWHMF3JIUXW3RMG12LN9WTSORSDA2CDSROSTW9NLDPXTQ2EIA2OXFBOUMT,DEX5,_ T W T F S S,375 METRE,28 May 2025 08:09:25 GMT,,TUESDAY,SW1,50,425,ENABLED,0,0,DISABLED
2595755757,Better mashal,Store Active,Alexandria,Al Iskandarīyah,00000,"31.238776359558713,29.95942627116448",Q5SPF5RWHMF3JIUXW3RMG12LN9WTSORSDA2CDSROSTW9NLDPXTQ2EIA2OXFBOUMT,DEX5,_ T W T F S S,375 METRE,28 May 2025 08:09:25 GMT,,TUESDAY,SW2,50,425,DISABLED,0,0,DISABLED
2595755757,Better mashal,Store Active,Alexandria,Al Iskandarīyah,00000,"31.238776359558713,29.95942627116448",Q5SPF5RWHMF3JIUXW3RMG12LN9WTSORSDA2CDSROSTW9NLDPXTQ2EIA2OXFBOUMT,DEX5,_ T W T F S S,375 METRE,28 May 2025 08:09:25 GMT,,WEDNESDAY,SW1,50,425,ENABLED,0,0,DISABLED
2595755757,Better mashal,Store Active,Alexandria,Al Iskandarīyah,00000,"31.238776359558713,29.95942627116448",Q5SPF5RWHMF3JIUXW3RMG12LN9WTSORSDA2CDSROSTW9NLDPXTQ2EIA2OXFBOUMT,DEX5,_ T W T F S S,375 METRE,28 May 2025 08:09:25 GMT,,WEDNESDAY,SW2,50,425,DISABLED,0,0,DISABLED
2595755757,Better mashal,Store Active,Alexandria,Al Iskandarīyah,00000,"31.238776359558713,29.95942627116448",Q5SPF5RWHMF3JIUXW3RMG12LN9WTSORSDA2CDSROSTW9NLDPXTQ2EIA2OXFBOUMT,DEX5,_ T W T F S S,375 METRE,28 May 2025 08:09:25 GMT,,THURSDAY,SW1,50,425,ENABLED,0,0,DISABLED
2595755757,Better mashal,Store Active,Alexandria,Al Iskandarīyah,00000,"31.238776359558713,29.95942627116448",Q5SPF5RWHMF3JIUXW3RMG12LN9WTSORSDA2CDSROSTW9NLDPXTQ2EIA2OXFBOUMT,DEX5,_ T W T F S S,375 METRE,28 May 2025 08:09:25 GMT,,THURSDAY,SW2,50,425,DISABLED,0,0,DISABLED
2595755757,Better mashal,Store Active,Alexandria,Al Iskandarīyah,00000,"31.238776359558713,29.95942627116448",Q5SPF5RWHMF3JIUXW3RMG12LN9WTSORSDA2CDSROSTW9NLDPXTQ2EIA2OXFBOUMT,DEX5,_ T W T F S S,375 METRE,28 May 2025 08:09:25 GMT,,FRIDAY,SW1,50,425,ENABLED,0,0,DISABLED
2595755757,Better mashal,Store Active,Alexandria,Al Iskandarīyah,00000,"31.238776359558713,29.95942627116448",Q5SPF5RWHMF3JIUXW3RMG12LN9WTSORSDA2CDSROSTW9NLDPXTQ2EIA2OXFBOUMT,DEX5,_ T W T F S S,375 METRE,28 May 2025 08:09:25 GMT,,FRIDAY,SW2,50,425,DISABLED,0,0,DISABLED
2595755757,Better mashal,Store Active,Alexandria,Al Iskandarīyah,00000,"31.238776359558713,29.95942627116448",Q5SPF5RWHMF3JIUXW3RMG12LN9WTSORSDA2CDSROSTW9NLDPXTQ2EIA2OXFBOUMT,DEX5,_ T W T F S S,375 METRE,28 May 2025 08:09:25 GMT,,SATURDAY,SW1,50,425,ENABLED,0,0,DISABLED
2595755757,Better mashal,Store Active,Alexandria,Al Iskandarīyah,00000,"31.238776359558713,29.95942627116448",Q5SPF5RWHMF3JIUXW3RMG12LN9WTSORSDA2CDSROSTW9NLDPXTQ2EIA2OXFBOUMT,DEX5,_ T W T F S S,375 METRE,28 May 2025 08:09:25 GMT,,SATURDAY,SW2,50,425,DISABLED,0,0,DISABLED
2595755757,Better mashal,Store Active,Alexandria,Al Iskandarīyah,00000,"31.238776359558713,29.95942627116448",Q5SPF5RWHMF3JIUXW3RMG12LN9WTSORSDA2CDSROSTW9NLDPXTQ2EIA2OXFBOUMT,DEX5,_ T W T F S S,375 METRE,28 May 2025 08:09:25 GMT,,SUNDAY,SW1,50,425,ENABLED,0,0,DISABLED
2595755757,Better mashal,Store Active,Alexandria,Al Iskandarīyah,00000,"31.238776359558713,29.95942627116448",Q5SPF5RWHMF3JIUXW3RMG12LN9WTSORSDA2CDSROSTW9NLDPXTQ2EIA2OXFBOUMT,DEX5,_ T W T F S S,375 METRE,28 May 2025 08:09:25 GMT,,SUNDAY,SW2,50,425,DISABLED,0,0,DISABLED
8040790240,مكتبة إسلام,Store Active,alexandria,Al Iskandarīyah,00000,"31.2474596,29.973056",G7LCG6ZSNYFBELGAOYW4G12LN9WTSORSDA2CDSROSTW9NLDPXTQ2EIA2OXN37M5L,DEX5,M T W T _ S S,400 METRE,29 Jul 2026 11:36:15 GMT,,MONDAY,SW1,54,450,ENABLED,0,0,DISABLED
8040790240,مكتبة إسلام,Store Active,alexandria,Al Iskandarīyah,00000,"31.2474596,29.973056",G7LCG6ZSNYFBELGAOYW4G12LN9WTSORSDA2CDSROSTW9NLDPXTQ2EIA2OXN37M5L,DEX5,M T W T _ S S,400 METRE,29 Jul 2026 11:36:15 GMT,,MONDAY,SW2,54,4050,DISABLED,0,0,DISABLED
8040790240,مكتبة إسلام,Store Active,alexandria,Al Iskandarīyah,00000,"31.2474596,29.973056",G7LCG6ZSNYFBELGAOYW4G12LN9WTSORSDA2CDSROSTW9NLDPXTQ2EIA2OXN37M5L,DEX5,M T W T _ S S,400 METRE,29 Jul 2026 11:36:15 GMT,,TUESDAY,SW1,54,450,ENABLED,0,0,DISABLED
8040790240,مكتبة إسلام,Store Active,alexandria,Al Iskandarīyah,00000,"31.2474596,29.973056",G7LCG6ZSNYFBELGAOYW4G12LN9WTSORSDA2CDSROSTW9NLDPXTQ2EIA2OXN37M5L,DEX5,M T W T _ S S,400 METRE,29 Jul 2026 11:36:15 GMT,,TUESDAY,SW2,54,4050,DISABLED,0,0,DISABLED
8040790240,مكتبة إسلام,Store Active,alexandria,Al Iskandarīyah,00000,"31.2474596,29.973056",G7LCG6ZSNYFBELGAOYW4G12LN9WTSORSDA2CDSROSTW9NLDPXTQ2EIA2OXN37M5L,DEX5,M T W T _ S S,400 METRE,29 Jul 2026 11:36:15 GMT,,WEDNESDAY,SW1,54,450,ENABLED,0,0,DISABLED
8040790240,مكتبة إسلام,Store Active,alexandria,Al Iskandarīyah,00000,"31.2474596,29.973056",G7LCG6ZSNYFBELGAOYW4G12LN9WTSORSDA2CDSROSTW9NLDPXTQ2EIA2OXN37M5L,DEX5,M T W T _ S S,400 METRE,29 Jul 2026 11:36:15 GMT,,WEDNESDAY,SW2,54,4050,DISABLED,0,0,DISABLED
8040790240,مكتبة إسلام,Store Active,alexandria,Al Iskandarīyah,00000,"31.2474596,29.973056",G7LCG6ZSNYFBELGAOYW4G12LN9WTSORSDA2CDSROSTW9NLDPXTQ2EIA2OXN37M5L,DEX5,M T W T _ S S,400 METRE,29 Jul 2026 11:36:15 GMT,,THURSDAY,SW1,54,450,ENABLED,0,0,DISABLED
8040790240,مكتبة إسلام,Store Active,alexandria,Al Iskandarīyah,00000,"31.2474596,29.973056",G7LCG6ZSNYFBELGAOYW4G12LN9WTSORSDA2CDSROSTW9NLDPXTQ2EIA2OXN37M5L,DEX5,M T W T _ S S,400 METRE,29 Jul 2026 11:36:15 GMT,,THURSDAY,SW2,54,4050,DISABLED,0,0,DISABLED
8040790240,مكتبة إسلام,Store Active,alexandria,Al Iskandarīyah,00000,"31.2474596,29.973056",G7LCG6ZSNYFBELGAOYW4G12LN9WTSORSDA2CDSROSTW9NLDPXTQ2EIA2OXN37M5L,DEX5,M T W T _ S S,400 METRE,29 Jul 2026 11:36:15 GMT,,FRIDAY,SW1,54,2050,ENABLED,0,0,DISABLED
8040790240,مكتبة إسلام,Store Active,alexandria,Al Iskandarīyah,00000,"31.2474596,29.973056",G7LCG6ZSNYFBELGAOYW4G12LN9WTSORSDA2CDSROSTW9NLDPXTQ2EIA2OXN37M5L,DEX5,M T W T _ S S,400 METRE,29 Jul 2026 11:36:15 GMT,,FRIDAY,SW2,54,4050,ENABLED,0,0,DISABLED
8040790240,مكتبة إسلام,Store Active,alexandria,Al Iskandarīyah,00000,"31.2474596,29.973056",G7LCG6ZSNYFBELGAOYW4G12LN9WTSORSDA2CDSROSTW9NLDPXTQ2EIA2OXN37M5L,DEX5,M T W T _ S S,400 METRE,29 Jul 2026 11:36:15 GMT,,SATURDAY,SW1,54,450,ENABLED,0,0,DISABLED
8040790240,مكتبة إسلام,Store Active,alexandria,Al Iskandarīyah,00000,"31.2474596,29.973056",G7LCG6ZSNYFBELGAOYW4G12LN9WTSORSDA2CDSROSTW9NLDPXTQ2EIA2OXN37M5L,DEX5,M T W T _ S S,400 METRE,29 Jul 2026 11:36:15 GMT,,SATURDAY,SW2,54,4050,DISABLED,0,0,DISABLED
8040790240,مكتبة إسلام,Store Active,alexandria,Al Iskandarīyah,00000,"31.2474596,29.973056",G7LCG6ZSNYFBELGAOYW4G12LN9WTSORSDA2CDSROSTW9NLDPXTQ2EIA2OXN37M5L,DEX5,M T W T _ S S,400 METRE,29 Jul 2026 11:36:15 GMT,,SUNDAY,SW1,54,450,ENABLED,0,0,DISABLED
8040790240,مكتبة إسلام,Store Active,alexandria,Al Iskandarīyah,00000,"31.2474596,29.973056",G7LCG6ZSNYFBELGAOYW4G12LN9WTSORSDA2CDSROSTW9NLDPXTQ2EIA2OXN37M5L,DEX5,M T W T _ S S,400 METRE,29 Jul 2026 11:36:15 GMT,,SUNDAY,SW2,54,4050,DISABLED,0,0,DISABLED
4937562082,DOCTORZ COMBANY,Store Inactive,Ssmouha,Al Iskandarīyah,00000,"31.213185,29.939127",4YWE6RJAXYXPU33FM3MIG12LN9WTSORSDA2CDSROSTW9NLDPXTQ2EIA2OXEK64XR,DEX5,M T W T F S _,375 METRE,NA,,MONDAY,SW1,0,425,ENABLED,0,0,DISABLED
4937562082,DOCTORZ COMBANY,Store Inactive,Ssmouha,Al Iskandarīyah,00000,"31.213185,29.939127",4YWE6RJAXYXPU33FM3MIG12LN9WTSORSDA2CDSROSTW9NLDPXTQ2EIA2OXEK64XR,DEX5,M T W T F S _,375 METRE,NA,,MONDAY,SW2,0,425,DISABLED,0,0,DISABLED
4937562082,DOCTORZ COMBANY,Store Inactive,Ssmouha,Al Iskandarīyah,00000,"31.213185,29.939127",4YWE6RJAXYXPU33FM3MIG12LN9WTSORSDA2CDSROSTW9NLDPXTQ2EIA2OXEK64XR,DEX5,M T W T F S _,375 METRE,NA,,TUESDAY,SW1,0,425,ENABLED,0,0,DISABLED
4937562082,DOCTORZ COMBANY,Store Inactive,Ssmouha,Al Iskandarīyah,00000,"31.213185,29.939127",4YWE6RJAXYXPU33FM3MIG12LN9WTSORSDA2CDSROSTW9NLDPXTQ2EIA2OXEK64XR,DEX5,M T W T F S _,375 METRE,NA,,TUESDAY,SW2,0,425,DISABLED,0,0,DISABLED
4937562082,DOCTORZ COMBANY,Store Inactive,Ssmouha,Al Iskandarīyah,00000,"31.213185,29.939127",4YWE6RJAXYXPU33FM3MIG12LN9WTSORSDA2CDSROSTW9NLDPXTQ2EIA2OXEK64XR,DEX5,M T W T F S _,375 METRE,NA,,WEDNESDAY,SW1,0,425,ENABLED,0,0,DISABLED
4937562082,DOCTORZ COMBANY,Store Inactive,Ssmouha,Al Iskandarīyah,00000,"31.213185,29.939127",4YWE6RJAXYXPU33FM3MIG12LN9WTSORSDA2CDSROSTW9NLDPXTQ2EIA2OXEK64XR,DEX5,M T W T F S _,375 METRE,NA,,WEDNESDAY,SW2,0,425,DISABLED,0,0,DISABLED
4937562082,DOCTORZ COMBANY,Store Inactive,Ssmouha,Al Iskandarīyah,00000,"31.213185,29.939127",4YWE6RJAXYXPU33FM3MIG12LN9WTSORSDA2CDSROSTW9NLDPXTQ2EIA2OXEK64XR,DEX5,M T W T F S _,375 METRE,NA,,THURSDAY,SW1,0,425,ENABLED,0,0,DISABLED
4937562082,DOCTORZ COMBANY,Store Inactive,Ssmouha,Al Iskandarīyah,00000,"31.213185,29.939127",4YWE6RJAXYXPU33FM3MIG12LN9WTSORSDA2CDSROSTW9NLDPXTQ2EIA2OXEK64XR,DEX5,M T W T F S _,375 METRE,NA,,THURSDAY,SW2,0,425,DISABLED,0,0,DISABLED
4937562082,DOCTORZ COMBANY,Store Inactive,Ssmouha,Al Iskandarīyah,00000,"31.213185,29.939127",4YWE6RJAXYXPU33FM3MIG12LN9WTSORSDA2CDSROSTW9NLDPXTQ2EIA2OXEK64XR,DEX5,M T W T F S _,375 METRE,NA,,FRIDAY,SW1,0,425,ENABLED,0,0,DISABLED
4937562082,DOCTORZ COMBANY,Store Inactive,Ssmouha,Al Iskandarīyah,00000,"31.213185,29.939127",4YWE6RJAXYXPU33FM3MIG12LN9WTSORSDA2CDSROSTW9NLDPXTQ2EIA2OXEK64XR,DEX5,M T W T F S _,375 METRE,NA,,FRIDAY,SW2,0,425,DISABLED,0,0,DISABLED
4937562082,DOCTORZ COMBANY,Store Inactive,Ssmouha,Al Iskandarīyah,00000,"31.213185,29.939127",4YWE6RJAXYXPU33FM3MIG12LN9WTSORSDA2CDSROSTW9NLDPXTQ2EIA2OXEK64XR,DEX5,M T W T F S _,375 METRE,NA,,SATURDAY,SW1,0,425,ENABLED,0,0,DISABLED
4937562082,DOCTORZ COMBANY,Store Inactive,Ssmouha,Al Iskandarīyah,00000,"31.213185,29.939127",4YWE6RJAXYXPU33FM3MIG12LN9WTSORSDA2CDSROSTW9NLDPXTQ2EIA2OXEK64XR,DEX5,M T W T F S _,375 METRE,NA,,SATURDAY,SW2,0,425,DISABLED,0,0,DISABLED
4937562082,DOCTORZ COMBANY,Store Inactive,Ssmouha,Al Iskandarīyah,00000,"31.213185,29.939127",4YWE6RJAXYXPU33FM3MIG12LN9WTSORSDA2CDSROSTW9NLDPXTQ2EIA2OXEK64XR,DEX5,M T W T F S _,375 METRE,NA,,SUNDAY,SW1,0,425,ENABLED,0,0,DISABLED
4937562082,DOCTORZ COMBANY,Store Inactive,Ssmouha,Al Iskandarīyah,00000,"31.213185,29.939127",4YWE6RJAXYXPU33FM3MIG12LN9WTSORSDA2CDSROSTW9NLDPXTQ2EIA2OXEK64XR,DEX5,M T W T F S _,375 METRE,NA,,SUNDAY,SW2,0,425,DISABLED,0,0,DISABLED
6651699785,city Games,Store Inactive,alexandria,Al Iskandarīyah,00000,"31.216616821453712,29.942018542327762",NA34HFRIQO4JIVZCV33QG12LN9WTSORSDA2CDSROSTW9NLDPXTQ2EIA2OXDP37QL,DEX5,M T W T F S S,375 METRE,NA,,MONDAY,SW1,0,425,ENABLED,0,0,DISABLED
6651699785,city Games,Store Inactive,alexandria,Al Iskandarīyah,00000,"31.216616821453712,29.942018542327762",NA34HFRIQO4JIVZCV33QG12LN9WTSORSDA2CDSROSTW9NLDPXTQ2EIA2OXDP37QL,DEX5,M T W T F S S,375 METRE,NA,,MONDAY,SW2,0,425,DISABLED,0,0,DISABLED
6651699785,city Games,Store Inactive,alexandria,Al Iskandarīyah,00000,"31.216616821453712,29.942018542327762",NA34HFRIQO4JIVZCV33QG12LN9WTSORSDA2CDSROSTW9NLDPXTQ2EIA2OXDP37QL,DEX5,M T W T F S S,375 METRE,NA,,TUESDAY,SW1,0,425,ENABLED,0,0,DISABLED
6651699785,city Games,Store Inactive,alexandria,Al Iskandarīyah,00000,"31.216616821453712,29.942018542327762",NA34HFRIQO4JIVZCV33QG12LN9WTSORSDA2CDSROSTW9NLDPXTQ2EIA2OXDP37QL,DEX5,M T W T F S S,375 METRE,NA,,TUESDAY,SW2,0,425,DISABLED,0,0,DISABLED
6651699785,city Games,Store Inactive,alexandria,Al Iskandarīyah,00000,"31.216616821453712,29.942018542327762",NA34HFRIQO4JIVZCV33QG12LN9WTSORSDA2CDSROSTW9NLDPXTQ2EIA2OXDP37QL,DEX5,M T W T F S S,375 METRE,NA,,WEDNESDAY,SW1,0,425,ENABLED,0,0,DISABLED
6651699785,city Games,Store Inactive,alexandria,Al Iskandarīyah,00000,"31.216616821453712,29.942018542327762",NA34HFRIQO4JIVZCV33QG12LN9WTSORSDA2CDSROSTW9NLDPXTQ2EIA2OXDP37QL,DEX5,M T W T F S S,375 METRE,NA,,WEDNESDAY,SW2,0,425,DISABLED,0,0,DISABLED
6651699785,city Games,Store Inactive,alexandria,Al Iskandarīyah,00000,"31.216616821453712,29.942018542327762",NA34HFRIQO4JIVZCV33QG12LN9WTSORSDA2CDSROSTW9NLDPXTQ2EIA2OXDP37QL,DEX5,M T W T F S S,375 METRE,NA,,THURSDAY,SW1,0,425,ENABLED,0,0,DISABLED
6651699785,city Games,Store Inactive,alexandria,Al Iskandarīyah,00000,"31.216616821453712,29.942018542327762",NA34HFRIQO4JIVZCV33QG12LN9WTSORSDA2CDSROSTW9NLDPXTQ2EIA2OXDP37QL,DEX5,M T W T F S S,375 METRE,NA,,THURSDAY,SW2,0,425,DISABLED,0,0,DISABLED
6651699785,city Games,Store Inactive,alexandria,Al Iskandarīyah,00000,"31.216616821453712,29.942018542327762",NA34HFRIQO4JIVZCV33QG12LN9WTSORSDA2CDSROSTW9NLDPXTQ2EIA2OXDP37QL,DEX5,M T W T F S S,375 METRE,NA,,FRIDAY,SW1,0,425,ENABLED,0,0,DISABLED
6651699785,city Games,Store Inactive,alexandria,Al Iskandarīyah,00000,"31.216616821453712,29.942018542327762",NA34HFRIQO4JIVZCV33QG12LN9WTSORSDA2CDSROSTW9NLDPXTQ2EIA2OXDP37QL,DEX5,M T W T F S S,375 METRE,NA,,FRIDAY,SW2,0,425,DISABLED,0,0,DISABLED
6651699785,city Games,Store Inactive,alexandria,Al Iskandarīyah,00000,"31.216616821453712,29.942018542327762",NA34HFRIQO4JIVZCV33QG12LN9WTSORSDA2CDSROSTW9NLDPXTQ2EIA2OXDP37QL,DEX5,M T W T F S S,375 METRE,NA,,SATURDAY,SW1,0,425,ENABLED,0,0,DISABLED
6651699785,city Games,Store Inactive,alexandria,Al Iskandarīyah,00000,"31.216616821453712,29.942018542327762",NA34HFRIQO4JIVZCV33QG12LN9WTSORSDA2CDSROSTW9NLDPXTQ2EIA2OXDP37QL,DEX5,M T W T F S S,375 METRE,NA,,SATURDAY,SW2,0,425,DISABLED,0,0,DISABLED
6651699785,city Games,Store Inactive,alexandria,Al Iskandarīyah,00000,"31.216616821453712,29.942018542327762",NA34HFRIQO4JIVZCV33QG12LN9WTSORSDA2CDSROSTW9NLDPXTQ2EIA2OXDP37QL,DEX5,M T W T F S S,375 METRE,NA,,SUNDAY,SW1,0,425,ENABLED,0,0,DISABLED
6651699785,city Games,Store Inactive,alexandria,Al Iskandarīyah,00000,"31.216616821453712,29.942018542327762",NA34HFRIQO4JIVZCV33QG12LN9WTSORSDA2CDSROSTW9NLDPXTQ2EIA2OXDP37QL,DEX5,M T W T F S S,375 METRE,NA,,SUNDAY,SW2,0,425,DISABLED,0,0,DISABLED
4197522754,Essa Coffe,Store Inactive,Alexandria,Al Iskandarīyah,00000,"31.228748721421912,29.952852696123703",3ZFSAHTBUK7YAK5CKK6UG12LN9WTSORSDA2CDSROSTW9NLDPXTQ2EIA2OXKYMFT7,DEX5,M T W T _ S S,400 METRE,NA,,MONDAY,SW1,0,450,ENABLED,0,0,DISABLED
4197522754,Essa Coffe,Store Inactive,Alexandria,Al Iskandarīyah,00000,"31.228748721421912,29.952852696123703",3ZFSAHTBUK7YAK5CKK6UG12LN9WTSORSDA2CDSROSTW9NLDPXTQ2EIA2OXKYMFT7,DEX5,M T W T _ S S,400 METRE,NA,,MONDAY,SW2,0,450,DISABLED,0,0,DISABLED
4197522754,Essa Coffe,Store Inactive,Alexandria,Al Iskandarīyah,00000,"31.228748721421912,29.952852696123703",3ZFSAHTBUK7YAK5CKK6UG12LN9WTSORSDA2CDSROSTW9NLDPXTQ2EIA2OXKYMFT7,DEX5,M T W T _ S S,400 METRE,NA,,TUESDAY,SW1,0,450,ENABLED,0,0,DISABLED
4197522754,Essa Coffe,Store Inactive,Alexandria,Al Iskandarīyah,00000,"31.228748721421912,29.952852696123703",3ZFSAHTBUK7YAK5CKK6UG12LN9WTSORSDA2CDSROSTW9NLDPXTQ2EIA2OXKYMFT7,DEX5,M T W T _ S S,400 METRE,NA,,TUESDAY,SW2,0,450,DISABLED,0,0,DISABLED
4197522754,Essa Coffe,Store Inactive,Alexandria,Al Iskandarīyah,00000,"31.228748721421912,29.952852696123703",3ZFSAHTBUK7YAK5CKK6UG12LN9WTSORSDA2CDSROSTW9NLDPXTQ2EIA2OXKYMFT7,DEX5,M T W T _ S S,400 METRE,NA,,WEDNESDAY,SW1,0,450,ENABLED,0,0,DISABLED
4197522754,Essa Coffe,Store Inactive,Alexandria,Al Iskandarīyah,00000,"31.228748721421912,29.952852696123703",3ZFSAHTBUK7YAK5CKK6UG12LN9WTSORSDA2CDSROSTW9NLDPXTQ2EIA2OXKYMFT7,DEX5,M T W T _ S S,400 METRE,NA,,WEDNESDAY,SW2,0,450,DISABLED,0,0,DISABLED
4197522754,Essa Coffe,Store Inactive,Alexandria,Al Iskandarīyah,00000,"31.228748721421912,29.952852696123703",3ZFSAHTBUK7YAK5CKK6UG12LN9WTSORSDA2CDSROSTW9NLDPXTQ2EIA2OXKYMFT7,DEX5,M T W T _ S S,400 METRE,NA,,THURSDAY,SW1,0,450,ENABLED,0,0,DISABLED
4197522754,Essa Coffe,Store Inactive,Alexandria,Al Iskandarīyah,00000,"31.228748721421912,29.952852696123703",3ZFSAHTBUK7YAK5CKK6UG12LN9WTSORSDA2CDSROSTW9NLDPXTQ2EIA2OXKYMFT7,DEX5,M T W T _ S S,400 METRE,NA,,THURSDAY,SW2,0,450,DISABLED,0,0,DISABLED
4197522754,Essa Coffe,Store Inactive,Alexandria,Al Iskandarīyah,00000,"31.228748721421912,29.952852696123703",3ZFSAHTBUK7YAK5CKK6UG12LN9WTSORSDA2CDSROSTW9NLDPXTQ2EIA2OXKYMFT7,DEX5,M T W T _ S S,400 METRE,NA,,FRIDAY,SW1,0,450,ENABLED,0,0,DISABLED
4197522754,Essa Coffe,Store Inactive,Alexandria,Al Iskandarīyah,00000,"31.228748721421912,29.952852696123703",3ZFSAHTBUK7YAK5CKK6UG12LN9WTSORSDA2CDSROSTW9NLDPXTQ2EIA2OXKYMFT7,DEX5,M T W T _ S S,400 METRE,NA,,FRIDAY,SW2,0,450,DISABLED,0,0,DISABLED
4197522754,Essa Coffe,Store Inactive,Alexandria,Al Iskandarīyah,00000,"31.228748721421912,29.952852696123703",3ZFSAHTBUK7YAK5CKK6UG12LN9WTSORSDA2CDSROSTW9NLDPXTQ2EIA2OXKYMFT7,DEX5,M T W T _ S S,400 METRE,NA,,SATURDAY,SW1,0,450,ENABLED,0,0,DISABLED
4197522754,Essa Coffe,Store Inactive,Alexandria,Al Iskandarīyah,00000,"31.228748721421912,29.952852696123703",3ZFSAHTBUK7YAK5CKK6UG12LN9WTSORSDA2CDSROSTW9NLDPXTQ2EIA2OXKYMFT7,DEX5,M T W T _ S S,400 METRE,NA,,SATURDAY,SW2,0,450,DISABLED,0,0,DISABLED
4197522754,Essa Coffe,Store Inactive,Alexandria,Al Iskandarīyah,00000,"31.228748721421912,29.952852696123703",3ZFSAHTBUK7YAK5CKK6UG12LN9WTSORSDA2CDSROSTW9NLDPXTQ2EIA2OXKYMFT7,DEX5,M T W T _ S S,400 METRE,NA,,SUNDAY,SW1,0,450,ENABLED,0,0,DISABLED
4197522754,Essa Coffe,Store Inactive,Alexandria,Al Iskandarīyah,00000,"31.228748721421912,29.952852696123703",3ZFSAHTBUK7YAK5CKK6UG12LN9WTSORSDA2CDSROSTW9NLDPXTQ2EIA2OXKYMFT7,DEX5,M T W T _ S S,400 METRE,NA,,SUNDAY,SW2,0,450,DISABLED,0,0,DISABLED
7034285556,kaminna,Store Inactive,الاسكندريه,Al Iskandarīyah,00000,"31.22298251326527,29.969186016261833",POMHA3GF323R462DO25MG12LN9WTSORSDA2CDSROSTW9NLDPXTQ2EIA2OXBYWJWC,DEX5,M T W T _ S S,400 METRE,NA,,MONDAY,SW1,0,450,ENABLED,0,0,DISABLED
7034285556,kaminna,Store Inactive,الاسكندريه,Al Iskandarīyah,00000,"31.22298251326527,29.969186016261833",POMHA3GF323R462DO25MG12LN9WTSORSDA2CDSROSTW9NLDPXTQ2EIA2OXBYWJWC,DEX5,M T W T _ S S,400 METRE,NA,,MONDAY,SW2,0,450,DISABLED,0,0,DISABLED
7034285556,kaminna,Store Inactive,الاسكندريه,Al Iskandarīyah,00000,"31.22298251326527,29.969186016261833",POMHA3GF323R462DO25MG12LN9WTSORSDA2CDSROSTW9NLDPXTQ2EIA2OXBYWJWC,DEX5,M T W T _ S S,400 METRE,NA,,TUESDAY,SW1,0,450,ENABLED,0,0,DISABLED
7034285556,kaminna,Store Inactive,الاسكندريه,Al Iskandarīyah,00000,"31.22298251326527,29.969186016261833",POMHA3GF323R462DO25MG12LN9WTSORSDA2CDSROSTW9NLDPXTQ2EIA2OXBYWJWC,DEX5,M T W T _ S S,400 METRE,NA,,TUESDAY,SW2,0,450,DISABLED,0,0,DISABLED
7034285556,kaminna,Store Inactive,الاسكندريه,Al Iskandarīyah,00000,"31.22298251326527,29.969186016261833",POMHA3GF323R462DO25MG12LN9WTSORSDA2CDSROSTW9NLDPXTQ2EIA2OXBYWJWC,DEX5,M T W T _ S S,400 METRE,NA,,WEDNESDAY,SW1,0,450,ENABLED,0,0,DISABLED
7034285556,kaminna,Store Inactive,الاسكندريه,Al Iskandarīyah,00000,"31.22298251326527,29.969186016261833",POMHA3GF323R462DO25MG12LN9WTSORSDA2CDSROSTW9NLDPXTQ2EIA2OXBYWJWC,DEX5,M T W T _ S S,400 METRE,NA,,WEDNESDAY,SW2,0,450,DISABLED,0,0,DISABLED
7034285556,kaminna,Store Inactive,الاسكندريه,Al Iskandarīyah,00000,"31.22298251326527,29.969186016261833",POMHA3GF323R462DO25MG12LN9WTSORSDA2CDSROSTW9NLDPXTQ2EIA2OXBYWJWC,DEX5,M T W T _ S S,400 METRE,NA,,THURSDAY,SW1,0,450,ENABLED,0,0,DISABLED
7034285556,kaminna,Store Inactive,الاسكندريه,Al Iskandarīyah,00000,"31.22298251326527,29.969186016261833",POMHA3GF323R462DO25MG12LN9WTSORSDA2CDSROSTW9NLDPXTQ2EIA2OXBYWJWC,DEX5,M T W T _ S S,400 METRE,NA,,THURSDAY,SW2,0,450,DISABLED,0,0,DISABLED
7034285556,kaminna,Store Inactive,الاسكندريه,Al Iskandarīyah,00000,"31.22298251326527,29.969186016261833",POMHA3GF323R462DO25MG12LN9WTSORSDA2CDSROSTW9NLDPXTQ2EIA2OXBYWJWC,DEX5,M T W T _ S S,400 METRE,NA,,FRIDAY,SW1,0,450,ENABLED,0,0,DISABLED
7034285556,kaminna,Store Inactive,الاسكندريه,Al Iskandarīyah,00000,"31.22298251326527,29.969186016261833",POMHA3GF323R462DO25MG12LN9WTSORSDA2CDSROSTW9NLDPXTQ2EIA2OXBYWJWC,DEX5,M T W T _ S S,400 METRE,NA,,FRIDAY,SW2,0,450,DISABLED,0,0,DISABLED
7034285556,kaminna,Store Inactive,الاسكندريه,Al Iskandarīyah,00000,"31.22298251326527,29.969186016261833",POMHA3GF323R462DO25MG12LN9WTSORSDA2CDSROSTW9NLDPXTQ2EIA2OXBYWJWC,DEX5,M T W T _ S S,400 METRE,NA,,SATURDAY,SW1,0,450,ENABLED,0,0,DISABLED
7034285556,kaminna,Store Inactive,الاسكندريه,Al Iskandarīyah,00000,"31.22298251326527,29.969186016261833",POMHA3GF323R462DO25MG12LN9WTSORSDA2CDSROSTW9NLDPXTQ2EIA2OXBYWJWC,DEX5,M T W T _ S S,400 METRE,NA,,SATURDAY,SW2,0,450,DISABLED,0,0,DISABLED
7034285556,kaminna,Store Inactive,الاسكندريه,Al Iskandarīyah,00000,"31.22298251326527,29.969186016261833",POMHA3GF323R462DO25MG12LN9WTSORSDA2CDSROSTW9NLDPXTQ2EIA2OXBYWJWC,DEX5,M T W T _ S S,400 METRE,NA,,SUNDAY,SW1,0,450,ENABLED,0,0,DISABLED
7034285556,kaminna,Store Inactive,الاسكندريه,Al Iskandarīyah,00000,"31.22298251326527,29.969186016261833",POMHA3GF323R462DO25MG12LN9WTSORSDA2CDSROSTW9NLDPXTQ2EIA2OXBYWJWC,DEX5,M T W T _ S S,400 METRE,NA,,SUNDAY,SW2,0,450,DISABLED,0,0,DISABLED
5342604470,Kimo's Computer,Store Active,alexandria,Al Iskandarīyah,00000,"31.21334,29.9635",ORFPVNJS4KG64TVEIKYAG12LN9WTSORSDA2CDSROSTW9NLDPXTQ2EIA2OXTIGB4H,DEX5,M T W T _ S S,375 METRE,28 Feb 2026 12:36:40 GMT,,MONDAY,SW1,50,425,ENABLED,0,0,DISABLED
5342604470,Kimo's Computer,Store Active,alexandria,Al Iskandarīyah,00000,"31.21334,29.9635",ORFPVNJS4KG64TVEIKYAG12LN9WTSORSDA2CDSROSTW9NLDPXTQ2EIA2OXTIGB4H,DEX5,M T W T _ S S,375 METRE,28 Feb 2026 12:36:40 GMT,,MONDAY,SW2,50,425,DISABLED,0,0,DISABLED
5342604470,Kimo's Computer,Store Active,alexandria,Al Iskandarīyah,00000,"31.21334,29.9635",ORFPVNJS4KG64TVEIKYAG12LN9WTSORSDA2CDSROSTW9NLDPXTQ2EIA2OXTIGB4H,DEX5,M T W T _ S S,375 METRE,28 Feb 2026 12:36:40 GMT,,TUESDAY,SW1,50,425,ENABLED,0,0,DISABLED
5342604470,Kimo's Computer,Store Active,alexandria,Al Iskandarīyah,00000,"31.21334,29.9635",ORFPVNJS4KG64TVEIKYAG12LN9WTSORSDA2CDSROSTW9NLDPXTQ2EIA2OXTIGB4H,DEX5,M T W T _ S S,375 METRE,28 Feb 2026 12:36:40 GMT,,TUESDAY,SW2,50,425,DISABLED,0,0,DISABLED
5342604470,Kimo's Computer,Store Active,alexandria,Al Iskandarīyah,00000,"31.21334,29.9635",ORFPVNJS4KG64TVEIKYAG12LN9WTSORSDA2CDSROSTW9NLDPXTQ2EIA2OXTIGB4H,DEX5,M T W T _ S S,375 METRE,28 Feb 2026 12:36:40 GMT,,WEDNESDAY,SW1,50,425,ENABLED,0,0,DISABLED
5342604470,Kimo's Computer,Store Active,alexandria,Al Iskandarīyah,00000,"31.21334,29.9635",ORFPVNJS4KG64TVEIKYAG12LN9WTSORSDA2CDSROSTW9NLDPXTQ2EIA2OXTIGB4H,DEX5,M T W T _ S S,375 METRE,28 Feb 2026 12:36:40 GMT,,WEDNESDAY,SW2,50,425,DISABLED,0,0,DISABLED
5342604470,Kimo's Computer,Store Active,alexandria,Al Iskandarīyah,00000,"31.21334,29.9635",ORFPVNJS4KG64TVEIKYAG12LN9WTSORSDA2CDSROSTW9NLDPXTQ2EIA2OXTIGB4H,DEX5,M T W T _ S S,375 METRE,28 Feb 2026 12:36:40 GMT,,THURSDAY,SW1,50,425,ENABLED,0,0,DISABLED
5342604470,Kimo's Computer,Store Active,alexandria,Al Iskandarīyah,00000,"31.21334,29.9635",ORFPVNJS4KG64TVEIKYAG12LN9WTSORSDA2CDSROSTW9NLDPXTQ2EIA2OXTIGB4H,DEX5,M T W T _ S S,375 METRE,28 Feb 2026 12:36:40 GMT,,THURSDAY,SW2,50,425,DISABLED,0,0,DISABLED
5342604470,Kimo's Computer,Store Active,alexandria,Al Iskandarīyah,00000,"31.21334,29.9635",ORFPVNJS4KG64TVEIKYAG12LN9WTSORSDA2CDSROSTW9NLDPXTQ2EIA2OXTIGB4H,DEX5,M T W T _ S S,375 METRE,28 Feb 2026 12:36:40 GMT,,FRIDAY,SW1,50,425,ENABLED,0,0,DISABLED
5342604470,Kimo's Computer,Store Active,alexandria,Al Iskandarīyah,00000,"31.21334,29.9635",ORFPVNJS4KG64TVEIKYAG12LN9WTSORSDA2CDSROSTW9NLDPXTQ2EIA2OXTIGB4H,DEX5,M T W T _ S S,375 METRE,28 Feb 2026 12:36:40 GMT,,FRIDAY,SW2,50,425,DISABLED,0,0,DISABLED
5342604470,Kimo's Computer,Store Active,alexandria,Al Iskandarīyah,00000,"31.21334,29.9635",ORFPVNJS4KG64TVEIKYAG12LN9WTSORSDA2CDSROSTW9NLDPXTQ2EIA2OXTIGB4H,DEX5,M T W T _ S S,375 METRE,28 Feb 2026 12:36:40 GMT,,SATURDAY,SW1,50,425,ENABLED,0,0,DISABLED
5342604470,Kimo's Computer,Store Active,alexandria,Al Iskandarīyah,00000,"31.21334,29.9635",ORFPVNJS4KG64TVEIKYAG12LN9WTSORSDA2CDSROSTW9NLDPXTQ2EIA2OXTIGB4H,DEX5,M T W T _ S S,375 METRE,28 Feb 2026 12:36:40 GMT,,SATURDAY,SW2,50,425,DISABLED,0,0,DISABLED
5342604470,Kimo's Computer,Store Active,alexandria,Al Iskandarīyah,00000,"31.21334,29.9635",ORFPVNJS4KG64TVEIKYAG12LN9WTSORSDA2CDSROSTW9NLDPXTQ2EIA2OXTIGB4H,DEX5,M T W T _ S S,375 METRE,28 Feb 2026 12:36:40 GMT,,SUNDAY,SW1,50,425,ENABLED,0,0,DISABLED
5342604470,Kimo's Computer,Store Active,alexandria,Al Iskandarīyah,00000,"31.21334,29.9635",ORFPVNJS4KG64TVEIKYAG12LN9WTSORSDA2CDSROSTW9NLDPXTQ2EIA2OXTIGB4H,DEX5,M T W T _ S S,375 METRE,28 Feb 2026 12:36:40 GMT,,SUNDAY,SW2,50,425,DISABLED,0,0,DISABLED
8638059992,MARKET MAKA,Store Inactive,Alexandria,Al Iskandarīyah,00000,"31.226406277275036,29.950684296172682",HDNSSJWH4AHWY4EB3BPQG12LN9WTSORSDA2CDSROSTW9NLDPXTQ2EIA2OXJPHYXX,DEX5,M T W T _ S S,375 METRE,NA,,MONDAY,SW1,0,425,ENABLED,0,0,DISABLED
8638059992,MARKET MAKA,Store Inactive,Alexandria,Al Iskandarīyah,00000,"31.226406277275036,29.950684296172682",HDNSSJWH4AHWY4EB3BPQG12LN9WTSORSDA2CDSROSTW9NLDPXTQ2EIA2OXJPHYXX,DEX5,M T W T _ S S,375 METRE,NA,,MONDAY,SW2,0,425,DISABLED,0,0,DISABLED
8638059992,MARKET MAKA,Store Inactive,Alexandria,Al Iskandarīyah,00000,"31.226406277275036,29.950684296172682",HDNSSJWH4AHWY4EB3BPQG12LN9WTSORSDA2CDSROSTW9NLDPXTQ2EIA2OXJPHYXX,DEX5,M T W T _ S S,375 METRE,NA,,TUESDAY,SW1,0,425,ENABLED,0,0,DISABLED
8638059992,MARKET MAKA,Store Inactive,Alexandria,Al Iskandarīyah,00000,"31.226406277275036,29.950684296172682",HDNSSJWH4AHWY4EB3BPQG12LN9WTSORSDA2CDSROSTW9NLDPXTQ2EIA2OXJPHYXX,DEX5,M T W T _ S S,375 METRE,NA,,TUESDAY,SW2,0,425,DISABLED,0,0,DISABLED
8638059992,MARKET MAKA,Store Inactive,Alexandria,Al Iskandarīyah,00000,"31.226406277275036,29.950684296172682",HDNSSJWH4AHWY4EB3BPQG12LN9WTSORSDA2CDSROSTW9NLDPXTQ2EIA2OXJPHYXX,DEX5,M T W T _ S S,375 METRE,NA,,WEDNESDAY,SW1,0,425,ENABLED,0,0,DISABLED
8638059992,MARKET MAKA,Store Inactive,Alexandria,Al Iskandarīyah,00000,"31.226406277275036,29.950684296172682",HDNSSJWH4AHWY4EB3BPQG12LN9WTSORSDA2CDSROSTW9NLDPXTQ2EIA2OXJPHYXX,DEX5,M T W T _ S S,375 METRE,NA,,WEDNESDAY,SW2,0,425,DISABLED,0,0,DISABLED
8638059992,MARKET MAKA,Store Inactive,Alexandria,Al Iskandarīyah,00000,"31.226406277275036,29.950684296172682",HDNSSJWH4AHWY4EB3BPQG12LN9WTSORSDA2CDSROSTW9NLDPXTQ2EIA2OXJPHYXX,DEX5,M T W T _ S S,375 METRE,NA,,THURSDAY,SW1,0,425,ENABLED,0,0,DISABLED
8638059992,MARKET MAKA,Store Inactive,Alexandria,Al Iskandarīyah,00000,"31.226406277275036,29.950684296172682",HDNSSJWH4AHWY4EB3BPQG12LN9WTSORSDA2CDSROSTW9NLDPXTQ2EIA2OXJPHYXX,DEX5,M T W T _ S S,375 METRE,NA,,THURSDAY,SW2,0,425,DISABLED,0,0,DISABLED
8638059992,MARKET MAKA,Store Inactive,Alexandria,Al Iskandarīyah,00000,"31.226406277275036,29.950684296172682",HDNSSJWH4AHWY4EB3BPQG12LN9WTSORSDA2CDSROSTW9NLDPXTQ2EIA2OXJPHYXX,DEX5,M T W T _ S S,375 METRE,NA,,FRIDAY,SW1,0,425,ENABLED,0,0,DISABLED
8638059992,MARKET MAKA,Store Inactive,Alexandria,Al Iskandarīyah,00000,"31.226406277275036,29.950684296172682",HDNSSJWH4AHWY4EB3BPQG12LN9WTSORSDA2CDSROSTW9NLDPXTQ2EIA2OXJPHYXX,DEX5,M T W T _ S S,375 METRE,NA,,FRIDAY,SW2,0,425,DISABLED,0,0,DISABLED
8638059992,MARKET MAKA,Store Inactive,Alexandria,Al Iskandarīyah,00000,"31.226406277275036,29.950684296172682",HDNSSJWH4AHWY4EB3BPQG12LN9WTSORSDA2CDSROSTW9NLDPXTQ2EIA2OXJPHYXX,DEX5,M T W T _ S S,375 METRE,NA,,SATURDAY,SW1,0,425,ENABLED,0,0,DISABLED
8638059992,MARKET MAKA,Store Inactive,Alexandria,Al Iskandarīyah,00000,"31.226406277275036,29.950684296172682",HDNSSJWH4AHWY4EB3BPQG12LN9WTSORSDA2CDSROSTW9NLDPXTQ2EIA2OXJPHYXX,DEX5,M T W T _ S S,375 METRE,NA,,SATURDAY,SW2,0,425,DISABLED,0,0,DISABLED
8638059992,MARKET MAKA,Store Inactive,Alexandria,Al Iskandarīyah,00000,"31.226406277275036,29.950684296172682",HDNSSJWH4AHWY4EB3BPQG12LN9WTSORSDA2CDSROSTW9NLDPXTQ2EIA2OXJPHYXX,DEX5,M T W T _ S S,375 METRE,NA,,SUNDAY,SW1,0,425,ENABLED,0,0,DISABLED
8638059992,MARKET MAKA,Store Inactive,Alexandria,Al Iskandarīyah,00000,"31.226406277275036,29.950684296172682",HDNSSJWH4AHWY4EB3BPQG12LN9WTSORSDA2CDSROSTW9NLDPXTQ2EIA2OXJPHYXX,DEX5,M T W T _ S S,375 METRE,NA,,SUNDAY,SW2,0,425,DISABLED,0,0,DISABLED
8463737398,Al-Mawas Company,Store Inactive,alexandria,Al Iskandarīyah,00000,"31.22519520203667,29.947092607849758",WL5AHITSTOBOWNVKOVQYG12LN9WTSORSDA2CDSROSTW9NLDPXTQ2EYA2OXMHWSUC,DEX5,M T W T _ S S,375 METRE,NA,,MONDAY,SW1,0,425,ENABLED,0,0,DISABLED
8463737398,Al-Mawas Company,Store Inactive,alexandria,Al Iskandarīyah,00000,"31.22519520203667,29.947092607849758",WL5AHITSTOBOWNVKOVQYG12LN9WTSORSDA2CDSROSTW9NLDPXTQ2EYA2OXMHWSUC,DEX5,M T W T _ S S,375 METRE,NA,,MONDAY,SW2,0,425,DISABLED,0,0,DISABLED
8463737398,Al-Mawas Company,Store Inactive,alexandria,Al Iskandarīyah,00000,"31.22519520203667,29.947092607849758",WL5AHITSTOBOWNVKOVQYG12LN9WTSORSDA2CDSROSTW9NLDPXTQ2EYA2OXMHWSUC,DEX5,M T W T _ S S,375 METRE,NA,,TUESDAY,SW1,0,425,ENABLED,0,0,DISABLED
8463737398,Al-Mawas Company,Store Inactive,alexandria,Al Iskandarīyah,00000,"31.22519520203667,29.947092607849758",WL5AHITSTOBOWNVKOVQYG12LN9WTSORSDA2CDSROSTW9NLDPXTQ2EYA2OXMHWSUC,DEX5,M T W T _ S S,375 METRE,NA,,TUESDAY,SW2,0,425,DISABLED,0,0,DISABLED
8463737398,Al-Mawas Company,Store Inactive,alexandria,Al Iskandarīyah,00000,"31.22519520203667,29.947092607849758",WL5AHITSTOBOWNVKOVQYG12LN9WTSORSDA2CDSROSTW9NLDPXTQ2EYA2OXMHWSUC,DEX5,M T W T _ S S,375 METRE,NA,,WEDNESDAY,SW1,0,425,ENABLED,0,0,DISABLED
8463737398,Al-Mawas Company,Store Inactive,alexandria,Al Iskandarīyah,00000,"31.22519520203667,29.947092607849758",WL5AHITSTOBOWNVKOVQYG12LN9WTSORSDA2CDSROSTW9NLDPXTQ2EYA2OXMHWSUC,DEX5,M T W T _ S S,375 METRE,NA,,WEDNESDAY,SW2,0,425,DISABLED,0,0,DISABLED
8463737398,Al-Mawas Company,Store Inactive,alexandria,Al Iskandarīyah,00000,"31.22519520203667,29.947092607849758",WL5AHITSTOBOWNVKOVQYG12LN9WTSORSDA2CDSROSTW9NLDPXTQ2EYA2OXMHWSUC,DEX5,M T W T _ S S,375 METRE,NA,,THURSDAY,SW1,0,425,ENABLED,0,0,DISABLED
8463737398,Al-Mawas Company,Store Inactive,alexandria,Al Iskandarīyah,00000,"31.22519520203667,29.947092607849758",WL5AHITSTOBOWNVKOVQYG12LN9WTSORSDA2CDSROSTW9NLDPXTQ2EYA2OXMHWSUC,DEX5,M T W T _ S S,375 METRE,NA,,THURSDAY,SW2,0,425,DISABLED,0,0,DISABLED
8463737398,Al-Mawas Company,Store Inactive,alexandria,Al Iskandarīyah,00000,"31.22519520203667,29.947092607849758",WL5AHITSTOBOWNVKOVQYG12LN9WTSORSDA2CDSROSTW9NLDPXTQ2EYA2OXMHWSUC,DEX5,M T W T _ S S,375 METRE,NA,,FRIDAY,SW1,0,425,ENABLED,0,0,DISABLED
8463737398,Al-Mawas Company,Store Inactive,alexandria,Al Iskandarīyah,00000,"31.22519520203667,29.947092607849758",WL5AHITSTOBOWNVKOVQYG12LN9WTSORSDA2CDSROSTW9NLDPXTQ2EYA2OXMHWSUC,DEX5,M T W T _ S S,375 METRE,NA,,FRIDAY,SW2,0,425,DISABLED,0,0,DISABLED
8463737398,Al-Mawas Company,Store Inactive,alexandria,Al Iskandarīyah,00000,"31.22519520203667,29.947092607849758",WL5AHITSTOBOWNVKOVQYG12LN9WTSORSDA2CDSROSTW9NLDPXTQ2EYA2OXMHWSUC,DEX5,M T W T _ S S,375 METRE,NA,,SATURDAY,SW1,0,425,ENABLED,0,0,DISABLED
8463737398,Al-Mawas Company,Store Inactive,alexandria,Al Iskandarīyah,00000,"31.22519520203667,29.947092607849758",WL5AHITSTOBOWNVKOVQYG12LN9WTSORSDA2CDSROSTW9NLDPXTQ2EYA2OXMHWSUC,DEX5,M T W T _ S S,375 METRE,NA,,SATURDAY,SW2,0,425,DISABLED,0,0,DISABLED
8463737398,Al-Mawas Company,Store Inactive,alexandria,Al Iskandarīyah,00000,"31.22519520203667,29.947092607849758",WL5AHITSTOBOWNVKOVQYG12LN9WTSORSDA2CDSROSTW9NLDPXTQ2EYA2OXMHWSUC,DEX5,M T W T _ S S,375 METRE,NA,,SUNDAY,SW1,0,425,ENABLED,0,0,DISABLED
8463737398,Al-Mawas Company,Store Inactive,alexandria,Al Iskandarīyah,00000,"31.22519520203667,29.947092607849758",WL5AHITSTOBOWNVKOVQYG12LN9WTSORSDA2CDSROSTW9NLDPXTQ2EYA2OXMHWSUC,DEX5,M T W T _ S S,375 METRE,NA,,SUNDAY,SW2,0,425,DISABLED,0,0,DISABLED
5157004524,DOWN.2,Store Active,Loran,Al Iskandarīyah,00000,"31.248072974180108,29.973114196124616",GCELAPGQTEI6Y5GKDEPEG12LN9WTSORSDA2CDSROSTW9NLDPXTQ2EIA2OX7V3NTE,DEX5,M T W _ _ S S,375 METRE,28 Dec 2025 14:33:33 GMT,,MONDAY,SW1,50,425,ENABLED,0,0,DISABLED
5157004524,DOWN.2,Store Active,Loran,Al Iskandarīyah,00000,"31.248072974180108,29.973114196124616",GCELAPGQTEI6Y5GKDEPEG12LN9WTSORSDA2CDSROSTW9NLDPXTQ2EIA2OX7V3NTE,DEX5,M T W _ _ S S,375 METRE,28 Dec 2025 14:33:33 GMT,,MONDAY,SW2,50,425,DISABLED,0,0,DISABLED
5157004524,DOWN.2,Store Active,Loran,Al Iskandarīyah,00000,"31.248072974180108,29.973114196124616",GCELAPGQTEI6Y5GKDEPEG12LN9WTSORSDA2CDSROSTW9NLDPXTQ2EIA2OX7V3NTE,DEX5,M T W _ _ S S,375 METRE,28 Dec 2025 14:33:33 GMT,,TUESDAY,SW1,50,425,ENABLED,0,0,DISABLED
5157004524,DOWN.2,Store Active,Loran,Al Iskandarīyah,00000,"31.248072974180108,29.973114196124616",GCELAPGQTEI6Y5GKDEPEG12LN9WTSORSDA2CDSROSTW9NLDPXTQ2EIA2OX7V3NTE,DEX5,M T W _ _ S S,375 METRE,28 Dec 2025 14:33:33 GMT,,TUESDAY,SW2,50,425,DISABLED,0,0,DISABLED
5157004524,DOWN.2,Store Active,Loran,Al Iskandarīyah,00000,"31.248072974180108,29.973114196124616",GCELAPGQTEI6Y5GKDEPEG12LN9WTSORSDA2CDSROSTW9NLDPXTQ2EIA2OX7V3NTE,DEX5,M T W _ _ S S,375 METRE,28 Dec 2025 14:33:33 GMT,,WEDNESDAY,SW1,50,425,ENABLED,0,0,DISABLED
5157004524,DOWN.2,Store Active,Loran,Al Iskandarīyah,00000,"31.248072974180108,29.973114196124616",GCELAPGQTEI6Y5GKDEPEG12LN9WTSORSDA2CDSROSTW9NLDPXTQ2EIA2OX7V3NTE,DEX5,M T W _ _ S S,375 METRE,28 Dec 2025 14:33:33 GMT,,WEDNESDAY,SW2,50,425,DISABLED,0,0,DISABLED
5157004524,DOWN.2,Store Active,Loran,Al Iskandarīyah,00000,"31.248072974180108,29.973114196124616",GCELAPGQTEI6Y5GKDEPEG12LN9WTSORSDA2CDSROSTW9NLDPXTQ2EIA2OX7V3NTE,DEX5,M T W _ _ S S,375 METRE,28 Dec 2025 14:33:33 GMT,,THURSDAY,SW1,50,425,ENABLED,0,0,DISABLED
5157004524,DOWN.2,Store Active,Loran,Al Iskandarīyah,00000,"31.248072974180108,29.973114196124616",GCELAPGQTEI6Y5GKDEPEG12LN9WTSORSDA2CDSROSTW9NLDPXTQ2EIA2OX7V3NTE,DEX5,M T W _ _ S S,375 METRE,28 Dec 2025 14:33:33 GMT,,THURSDAY,SW2,50,425,DISABLED,0,0,DISABLED
5157004524,DOWN.2,Store Active,Loran,Al Iskandarīyah,00000,"31.248072974180108,29.973114196124616",GCELAPGQTEI6Y5GKDEPEG12LN9WTSORSDA2CDSROSTW9NLDPXTQ2EIA2OX7V3NTE,DEX5,M T W _ _ S S,375 METRE,28 Dec 2025 14:33:33 GMT,,FRIDAY,SW1,50,425,ENABLED,0,0,DISABLED
5157004524,DOWN.2,Store Active,Loran,Al Iskandarīyah,00000,"31.248072974180108,29.973114196124616",GCELAPGQTEI6Y5GKDEPEG12LN9WTSORSDA2CDSROSTW9NLDPXTQ2EIA2OX7V3NTE,DEX5,M T W _ _ S S,375 METRE,28 Dec 2025 14:33:33 GMT,,FRIDAY,SW2,50,425,DISABLED,0,0,DISABLED
5157004524,DOWN.2,Store Active,Loran,Al Iskandarīyah,00000,"31.248072974180108,29.973114196124616",GCELAPGQTEI6Y5GKDEPEG12LN9WTSORSDA2CDSROSTW9NLDPXTQ2EIA2OX7V3NTE,DEX5,M T W _ _ S S,375 METRE,28 Dec 2025 14:33:33 GMT,,SATURDAY,SW1,50,425,ENABLED,0,0,DISABLED
5157004524,DOWN.2,Store Active,Loran,Al Iskandarīyah,00000,"31.248072974180108,29.973114196124616",GCELAPGQTEI6Y5GKDEPEG12LN9WTSORSDA2CDSROSTW9NLDPXTQ2EIA2OX7V3NTE,DEX5,M T W _ _ S S,375 METRE,28 Dec 2025 14:33:33 GMT,,SATURDAY,SW2,50,425,DISABLED,0,0,DISABLED
5157004524,DOWN.2,Store Active,Loran,Al Iskandarīyah,00000,"31.248072974180108,29.973114196124616",GCELAPGQTEI6Y5GKDEPEG12LN9WTSORSDA2CDSROSTW9NLDPXTQ2EIA2OX7V3NTE,DEX5,M T W _ _ S S,375 METRE,28 Dec 2025 14:33:33 GMT,,SUNDAY,SW1,50,425,ENABLED,0,0,DISABLED
5157004524,DOWN.2,Store Active,Loran,Al Iskandarīyah,00000,"31.248072974180108,29.973114196124616",GCELAPGQTEI6Y5GKDEPEG12LN9WTSORSDA2CDSROSTW9NLDPXTQ2EIA2OX7V3NTE,DEX5,M T W _ _ S S,375 METRE,28 Dec 2025 14:33:33 GMT,,SUNDAY,SW2,50,425,DISABLED,0,0,DISABLED
8248572362,BOOK STORE,Store Active,smouha,Al Iskandarīyah,00000,"31.21930964879767,29.94380121701116",P7XFXL6SHLSFJD4OQU64G12LN9WTSORSDA2CDSROSTW9NLDPXTQ2EIA2OXSLVHMY,DEX5,M T W T _ S S,2000 METRE,11 Aug 2026 07:50:21 GMT,,MONDAY,SW1,15,400,ENABLED,0,0,DISABLED
8248572362,BOOK STORE,Store Active,smouha,Al Iskandarīyah,00000,"31.21930964879767,29.94380121701116",P7XFXL6SHLSFJD4OQU64G12LN9WTSORSDA2CDSROSTW9NLDPXTQ2EIA2OXSLVHMY,DEX5,M T W T _ S S,2000 METRE,11 Aug 2026 07:50:21 GMT,,MONDAY,SW2,1,4000,DISABLED,0,0,DISABLED
8248572362,BOOK STORE,Store Active,smouha,Al Iskandarīyah,00000,"31.21930964879767,29.94380121701116",P7XFXL6SHLSFJD4OQU64G12LN9WTSORSDA2CDSROSTW9NLDPXTQ2EIA2OXSLVHMY,DEX5,M T W T _ S S,2000 METRE,11 Aug 2026 07:50:21 GMT,,TUESDAY,SW1,15,400,ENABLED,0,0,DISABLED
8248572362,BOOK STORE,Store Active,smouha,Al Iskandarīyah,00000,"31.21930964879767,29.94380121701116",P7XFXL6SHLSFJD4OQU64G12LN9WTSORSDA2CDSROSTW9NLDPXTQ2EIA2OXSLVHMY,DEX5,M T W T _ S S,2000 METRE,11 Aug 2026 07:50:21 GMT,,TUESDAY,SW2,1,4000,DISABLED,0,0,DISABLED
8248572362,BOOK STORE,Store Active,smouha,Al Iskandarīyah,00000,"31.21930964879767,29.94380121701116",P7XFXL6SHLSFJD4OQU64G12LN9WTSORSDA2CDSROSTW9NLDPXTQ2EIA2OXSLVHMY,DEX5,M T W T _ S S,2000 METRE,11 Aug 2026 07:50:21 GMT,,WEDNESDAY,SW1,15,400,ENABLED,0,0,DISABLED
8248572362,BOOK STORE,Store Active,smouha,Al Iskandarīyah,00000,"31.21930964879767,29.94380121701116",P7XFXL6SHLSFJD4OQU64G12LN9WTSORSDA2CDSROSTW9NLDPXTQ2EIA2OXSLVHMY,DEX5,M T W T _ S S,2000 METRE,11 Aug 2026 07:50:21 GMT,,WEDNESDAY,SW2,1,4000,DISABLED,0,0,DISABLED
8248572362,BOOK STORE,Store Active,smouha,Al Iskandarīyah,00000,"31.21930964879767,29.94380121701116",P7XFXL6SHLSFJD4OQU64G12LN9WTSORSDA2CDSROSTW9NLDPXTQ2EIA2OXSLVHMY,DEX5,M T W T _ S S,2000 METRE,11 Aug 2026 07:50:21 GMT,,THURSDAY,SW1,15,400,ENABLED,0,0,DISABLED
8248572362,BOOK STORE,Store Active,smouha,Al Iskandarīyah,00000,"31.21930964879767,29.94380121701116",P7XFXL6SHLSFJD4OQU64G12LN9WTSORSDA2CDSROSTW9NLDPXTQ2EIA2OXSLVHMY,DEX5,M T W T _ S S,2000 METRE,11 Aug 2026 07:50:21 GMT,,THURSDAY,SW2,1,4000,DISABLED,0,0,DISABLED
8248572362,BOOK STORE,Store Active,smouha,Al Iskandarīyah,00000,"31.21930964879767,29.94380121701116",P7XFXL6SHLSFJD4OQU64G12LN9WTSORSDA2CDSROSTW9NLDPXTQ2EIA2OXSLVHMY,DEX5,M T W T _ S S,2000 METRE,11 Aug 2026 07:50:21 GMT,,FRIDAY,SW1,15,400,ENABLED,0,0,DISABLED
8248572362,BOOK STORE,Store Active,smouha,Al Iskandarīyah,00000,"31.21930964879767,29.94380121701116",P7XFXL6SHLSFJD4OQU64G12LN9WTSORSDA2CDSROSTW9NLDPXTQ2EIA2OXSLVHMY,DEX5,M T W T _ S S,2000 METRE,11 Aug 2026 07:50:21 GMT,,FRIDAY,SW2,1,4000,DISABLED,0,0,DISABLED
8248572362,BOOK STORE,Store Active,smouha,Al Iskandarīyah,00000,"31.21930964879767,29.94380121701116",P7XFXL6SHLSFJD4OQU64G12LN9WTSORSDA2CDSROSTW9NLDPXTQ2EIA2OXSLVHMY,DEX5,M T W T _ S S,2000 METRE,11 Aug 2026 07:50:21 GMT,,SATURDAY,SW1,15,400,ENABLED,0,0,DISABLED
8248572362,BOOK STORE,Store Active,smouha,Al Iskandarīyah,00000,"31.21930964879767,29.94380121701116",P7XFXL6SHLSFJD4OQU64G12LN9WTSORSDA2CDSROSTW9NLDPXTQ2EIA2OXSLVHMY,DEX5,M T W T _ S S,2000 METRE,11 Aug 2026 07:50:21 GMT,,SATURDAY,SW2,1,4000,DISABLED,0,0,DISABLED
8248572362,BOOK STORE,Store Active,smouha,Al Iskandarīyah,00000,"31.21930964879767,29.94380121701116",P7XFXL6SHLSFJD4OQU64G12LN9WTSORSDA2CDSROSTW9NLDPXTQ2EIA2OXSLVHMY,DEX5,M T W T _ S S,2000 METRE,11 Aug 2026 07:50:21 GMT,,SUNDAY,SW1,15,400,ENABLED,0,0,DISABLED
8248572362,BOOK STORE,Store Active,smouha,Al Iskandarīyah,00000,"31.21930964879767,29.94380121701116",P7XFXL6SHLSFJD4OQU64G12LN9WTSORSDA2CDSROSTW9NLDPXTQ2EIA2OXSLVHMY,DEX5,M T W T _ S S,2000 METRE,11 Aug 2026 07:50:21 GMT,,SUNDAY,SW2,1,4000,DISABLED,0,0,DISABLED
5104266348,CROP,Store Active,Al iskandriyah,Al Iskandarīyah,00000,"31.240501490865043,29.970337353969047",6JMES7ONNHAILUUXAPUIG12LN9WTSORSDA2CDSROSTW9NLDPXTQ2EIA2OXCJLXZG,DEX5,M T W T F S S,400 METRE,25 Apr 2026 11:05:42 GMT,,MONDAY,SW1,50,450,ENABLED,0,0,DISABLED
5104266348,CROP,Store Active,Al iskandriyah,Al Iskandarīyah,00000,"31.240501490865043,29.970337353969047",6JMES7ONNHAILUUXAPUIG12LN9WTSORSDA2CDSROSTW9NLDPXTQ2EIA2OXCJLXZG,DEX5,M T W T F S S,400 METRE,25 Apr 2026 11:05:42 GMT,,MONDAY,SW2,50,450,DISABLED,0,0,DISABLED
5104266348,CROP,Store Active,Al iskandriyah,Al Iskandarīyah,00000,"31.240501490865043,29.970337353969047",6JMES7ONNHAILUUXAPUIG12LN9WTSORSDA2CDSROSTW9NLDPXTQ2EIA2OXCJLXZG,DEX5,M T W T F S S,400 METRE,25 Apr 2026 11:05:42 GMT,,TUESDAY,SW1,50,450,ENABLED,0,0,DISABLED
5104266348,CROP,Store Active,Al iskandriyah,Al Iskandarīyah,00000,"31.240501490865043,29.970337353969047",6JMES7ONNHAILUUXAPUIG12LN9WTSORSDA2CDSROSTW9NLDPXTQ2EIA2OXCJLXZG,DEX5,M T W T F S S,400 METRE,25 Apr 2026 11:05:42 GMT,,TUESDAY,SW2,50,450,DISABLED,0,0,DISABLED
5104266348,CROP,Store Active,Al iskandriyah,Al Iskandarīyah,00000,"31.240501490865043,29.970337353969047",6JMES7ONNHAILUUXAPUIG12LN9WTSORSDA2CDSROSTW9NLDPXTQ2EIA2OXCJLXZG,DEX5,M T W T F S S,400 METRE,25 Apr 2026 11:05:42 GMT,,WEDNESDAY,SW1,50,450,ENABLED,0,0,DISABLED
5104266348,CROP,Store Active,Al iskandriyah,Al Iskandarīyah,00000,"31.240501490865043,29.970337353969047",6JMES7ONNHAILUUXAPUIG12LN9WTSORSDA2CDSROSTW9NLDPXTQ2EIA2OXCJLXZG,DEX5,M T W T F S S,400 METRE,25 Apr 2026 11:05:42 GMT,,WEDNESDAY,SW2,50,450,DISABLED,0,0,DISABLED
5104266348,CROP,Store Active,Al iskandriyah,Al Iskandarīyah,00000,"31.240501490865043,29.970337353969047",6JMES7ONNHAILUUXAPUIG12LN9WTSORSDA2CDSROSTW9NLDPXTQ2EIA2OXCJLXZG,DEX5,M T W T F S S,400 METRE,25 Apr 2026 11:05:42 GMT,,THURSDAY,SW1,50,450,ENABLED,0,0,DISABLED
5104266348,CROP,Store Active,Al iskandriyah,Al Iskandarīyah,00000,"31.240501490865043,29.970337353969047",6JMES7ONNHAILUUXAPUIG12LN9WTSORSDA2CDSROSTW9NLDPXTQ2EIA2OXCJLXZG,DEX5,M T W T F S S,400 METRE,25 Apr 2026 11:05:42 GMT,,THURSDAY,SW2,50,450,DISABLED,0,0,DISABLED
5104266348,CROP,Store Active,Al iskandriyah,Al Iskandarīyah,00000,"31.240501490865043,29.970337353969047",6JMES7ONNHAILUUXAPUIG12LN9WTSORSDA2CDSROSTW9NLDPXTQ2EIA2OXCJLXZG,DEX5,M T W T F S S,400 METRE,25 Apr 2026 11:05:42 GMT,,FRIDAY,SW1,50,450,ENABLED,0,0,DISABLED
5104266348,CROP,Store Active,Al iskandriyah,Al Iskandarīyah,00000,"31.240501490865043,29.970337353969047",6JMES7ONNHAILUUXAPUIG12LN9WTSORSDA2CDSROSTW9NLDPXTQ2EIA2OXCJLXZG,DEX5,M T W T F S S,400 METRE,25 Apr 2026 11:05:42 GMT,,FRIDAY,SW2,50,450,DISABLED,0,0,DISABLED
5104266348,CROP,Store Active,Al iskandriyah,Al Iskandarīyah,00000,"31.240501490865043,29.970337353969047",6JMES7ONNHAILUUXAPUIG12LN9WTSORSDA2CDSROSTW9NLDPXTQ2EIA2OXCJLXZG,DEX5,M T W T F S S,400 METRE,25 Apr 2026 11:05:42 GMT,,SATURDAY,SW1,50,450,ENABLED,0,0,DISABLED
5104266348,CROP,Store Active,Al iskandriyah,Al Iskandarīyah,00000,"31.240501490865043,29.970337353969047",6JMES7ONNHAILUUXAPUIG12LN9WTSORSDA2CDSROSTW9NLDPXTQ2EIA2OXCJLXZG,DEX5,M T W T F S S,400 METRE,25 Apr 2026 11:05:42 GMT,,SATURDAY,SW2,50,450,DISABLED,0,0,DISABLED
5104266348,CROP,Store Active,Al iskandriyah,Al Iskandarīyah,00000,"31.240501490865043,29.970337353969047",6JMES7ONNHAILUUXAPUIG12LN9WTSORSDA2CDSROSTW9NLDPXTQ2EIA2OXCJLXZG,DEX5,M T W T F S S,400 METRE,25 Apr 2026 11:05:42 GMT,,SUNDAY,SW1,50,450,ENABLED,0,0,DISABLED
5104266348,CROP,Store Active,Al iskandriyah,Al Iskandarīyah,00000,"31.240501490865043,29.970337353969047",6JMES7ONNHAILUUXAPUIG12LN9WTSORSDA2CDSROSTW9NLDPXTQ2EIA2OXCJLXZG,DEX5,M T W T F S S,400 METRE,25 Apr 2026 11:05:42 GMT,,SUNDAY,SW2,50,450,DISABLED,0,0,DISABLED
2394073037,KAREM SALON,Store Active,Alexandria,Al Iskandarīyah,00000,"31.21469572935234,29.939939069120214",GEAP6ALR55SYWHHDP7OMG12LN9WTSORSDA2CDSROSTW9NLDPXTQ2EIA2OXIJCHFO,DEX5,M T W T _ S S,375 METRE,3 Jun 2025 12:40:39 GMT,,MONDAY,SW1,50,425,ENABLED,0,0,DISABLED
2394073037,KAREM SALON,Store Active,Alexandria,Al Iskandarīyah,00000,"31.21469572935234,29.939939069120214",GEAP6ALR55SYWHHDP7OMG12LN9WTSORSDA2CDSROSTW9NLDPXTQ2EIA2OXIJCHFO,DEX5,M T W T _ S S,375 METRE,3 Jun 2025 12:40:39 GMT,,MONDAY,SW2,50,425,DISABLED,0,0,DISABLED
2394073037,KAREM SALON,Store Active,Alexandria,Al Iskandarīyah,00000,"31.21469572935234,29.939939069120214",GEAP6ALR55SYWHHDP7OMG12LN9WTSORSDA2CDSROSTW9NLDPXTQ2EIA2OXIJCHFO,DEX5,M T W T _ S S,375 METRE,3 Jun 2025 12:40:39 GMT,,TUESDAY,SW1,50,425,ENABLED,0,0,DISABLED
2394073037,KAREM SALON,Store Active,Alexandria,Al Iskandarīyah,00000,"31.21469572935234,29.939939069120214",GEAP6ALR55SYWHHDP7OMG12LN9WTSORSDA2CDSROSTW9NLDPXTQ2EIA2OXIJCHFO,DEX5,M T W T _ S S,375 METRE,3 Jun 2025 12:40:39 GMT,,TUESDAY,SW2,50,425,DISABLED,0,0,DISABLED
2394073037,KAREM SALON,Store Active,Alexandria,Al Iskandarīyah,00000,"31.21469572935234,29.939939069120214",GEAP6ALR55SYWHHDP7OMG12LN9WTSORSDA2CDSROSTW9NLDPXTQ2EIA2OXIJCHFO,DEX5,M T W T _ S S,375 METRE,3 Jun 2025 12:40:39 GMT,,WEDNESDAY,SW1,50,425,ENABLED,0,0,DISABLED
2394073037,KAREM SALON,Store Active,Alexandria,Al Iskandarīyah,00000,"31.21469572935234,29.939939069120214",GEAP6ALR55SYWHHDP7OMG12LN9WTSORSDA2CDSROSTW9NLDPXTQ2EIA2OXIJCHFO,DEX5,M T W T _ S S,375 METRE,3 Jun 2025 12:40:39 GMT,,WEDNESDAY,SW2,50,425,DISABLED,0,0,DISABLED
2394073037,KAREM SALON,Store Active,Alexandria,Al Iskandarīyah,00000,"31.21469572935234,29.939939069120214",GEAP6ALR55SYWHHDP7OMG12LN9WTSORSDA2CDSROSTW9NLDPXTQ2EIA2OXIJCHFO,DEX5,M T W T _ S S,375 METRE,3 Jun 2025 12:40:39 GMT,,THURSDAY,SW1,50,425,ENABLED,0,0,DISABLED
2394073037,KAREM SALON,Store Active,Alexandria,Al Iskandarīyah,00000,"31.21469572935234,29.939939069120214",GEAP6ALR55SYWHHDP7OMG12LN9WTSORSDA2CDSROSTW9NLDPXTQ2EIA2OXIJCHFO,DEX5,M T W T _ S S,375 METRE,3 Jun 2025 12:40:39 GMT,,THURSDAY,SW2,50,425,DISABLED,0,0,DISABLED
2394073037,KAREM SALON,Store Active,Alexandria,Al Iskandarīyah,00000,"31.21469572935234,29.939939069120214",GEAP6ALR55SYWHHDP7OMG12LN9WTSORSDA2CDSROSTW9NLDPXTQ2EIA2OXIJCHFO,DEX5,M T W T _ S S,375 METRE,3 Jun 2025 12:40:39 GMT,,FRIDAY,SW1,50,425,ENABLED,0,0,DISABLED
2394073037,KAREM SALON,Store Active,Alexandria,Al Iskandarīyah,00000,"31.21469572935234,29.939939069120214",GEAP6ALR55SYWHHDP7OMG12LN9WTSORSDA2CDSROSTW9NLDPXTQ2EIA2OXIJCHFO,DEX5,M T W T _ S S,375 METRE,3 Jun 2025 12:40:39 GMT,,FRIDAY,SW2,50,425,DISABLED,0,0,DISABLED
2394073037,KAREM SALON,Store Active,Alexandria,Al Iskandarīyah,00000,"31.21469572935234,29.939939069120214",GEAP6ALR55SYWHHDP7OMG12LN9WTSORSDA2CDSROSTW9NLDPXTQ2EIA2OXIJCHFO,DEX5,M T W T _ S S,375 METRE,3 Jun 2025 12:40:39 GMT,,SATURDAY,SW1,50,425,ENABLED,0,0,DISABLED
2394073037,KAREM SALON,Store Active,Alexandria,Al Iskandarīyah,00000,"31.21469572935234,29.939939069120214",GEAP6ALR55SYWHHDP7OMG12LN9WTSORSDA2CDSROSTW9NLDPXTQ2EIA2OXIJCHFO,DEX5,M T W T _ S S,375 METRE,3 Jun 2025 12:40:39 GMT,,SATURDAY,SW2,50,425,DISABLED,0,0,DISABLED
2394073037,KAREM SALON,Store Active,Alexandria,Al Iskandarīyah,00000,"31.21469572935234,29.939939069120214",GEAP6ALR55SYWHHDP7OMG12LN9WTSORSDA2CDSROSTW9NLDPXTQ2EIA2OXIJCHFO,DEX5,M T W T _ S S,375 METRE,3 Jun 2025 12:40:39 GMT,,SUNDAY,SW1,50,425,ENABLED,0,0,DISABLED
2394073037,KAREM SALON,Store Active,Alexandria,Al Iskandarīyah,00000,"31.21469572935234,29.939939069120214",GEAP6ALR55SYWHHDP7OMG12LN9WTSORSDA2CDSROSTW9NLDPXTQ2EIA2OXIJCHFO,DEX5,M T W T _ S S,375 METRE,3 Jun 2025 12:40:39 GMT,,SUNDAY,SW2,50,425,DISABLED,0,0,DISABLED
2869596875,Asmak alfth,Store Active,Alexandria,Al Iskandarīyah,00000,"31.23450046,29.96276642",R4FHDXNMNMZCW5624TAAG12LN9WTSORSDA2CDSROSTW9NLDPXTQ2EIA2OX34M4YR,DEX5,M T W T _ S S,400 METRE,15 Jan 2025 09:16:03 GMT,,MONDAY,SW1,70,450,ENABLED,0,0,DISABLED
2869596875,Asmak alfth,Store Active,Alexandria,Al Iskandarīyah,00000,"31.23450046,29.96276642",R4FHDXNMNMZCW5624TAAG12LN9WTSORSDA2CDSROSTW9NLDPXTQ2EIA2OX34M4YR,DEX5,M T W T _ S S,400 METRE,15 Jan 2025 09:16:03 GMT,,MONDAY,SW2,50,450,DISABLED,0,0,DISABLED
2869596875,Asmak alfth,Store Active,Alexandria,Al Iskandarīyah,00000,"31.23450046,29.96276642",R4FHDXNMNMZCW5624TAAG12LN9WTSORSDA2CDSROSTW9NLDPXTQ2EIA2OX34M4YR,DEX5,M T W T _ S S,400 METRE,15 Jan 2025 09:16:03 GMT,,TUESDAY,SW1,70,450,ENABLED,0,0,DISABLED
2869596875,Asmak alfth,Store Active,Alexandria,Al Iskandarīyah,00000,"31.23450046,29.96276642",R4FHDXNMNMZCW5624TAAG12LN9WTSORSDA2CDSROSTW9NLDPXTQ2EIA2OX34M4YR,DEX5,M T W T _ S S,400 METRE,15 Jan 2025 09:16:03 GMT,,TUESDAY,SW2,50,450,DISABLED,0,0,DISABLED
2869596875,Asmak alfth,Store Active,Alexandria,Al Iskandarīyah,00000,"31.23450046,29.96276642",R4FHDXNMNMZCW5624TAAG12LN9WTSORSDA2CDSROSTW9NLDPXTQ2EIA2OX34M4YR,DEX5,M T W T _ S S,400 METRE,15 Jan 2025 09:16:03 GMT,,WEDNESDAY,SW1,70,450,ENABLED,0,0,DISABLED
2869596875,Asmak alfth,Store Active,Alexandria,Al Iskandarīyah,00000,"31.23450046,29.96276642",R4FHDXNMNMZCW5624TAAG12LN9WTSORSDA2CDSROSTW9NLDPXTQ2EIA2OX34M4YR,DEX5,M T W T _ S S,400 METRE,15 Jan 2025 09:16:03 GMT,,WEDNESDAY,SW2,50,450,DISABLED,0,0,DISABLED
2869596875,Asmak alfth,Store Active,Alexandria,Al Iskandarīyah,00000,"31.23450046,29.96276642",R4FHDXNMNMZCW5624TAAG12LN9WTSORSDA2CDSROSTW9NLDPXTQ2EIA2OX34M4YR,DEX5,M T W T _ S S,400 METRE,15 Jan 2025 09:16:03 GMT,,THURSDAY,SW1,70,450,ENABLED,0,0,DISABLED
2869596875,Asmak alfth,Store Active,Alexandria,Al Iskandarīyah,00000,"31.23450046,29.96276642",R4FHDXNMNMZCW5624TAAG12LN9WTSORSDA2CDSROSTW9NLDPXTQ2EIA2OX34M4YR,DEX5,M T W T _ S S,400 METRE,15 Jan 2025 09:16:03 GMT,,THURSDAY,SW2,50,450,DISABLED,0,0,DISABLED
2869596875,Asmak alfth,Store Active,Alexandria,Al Iskandarīyah,00000,"31.23450046,29.96276642",R4FHDXNMNMZCW5624TAAG12LN9WTSORSDA2CDSROSTW9NLDPXTQ2EIA2OX34M4YR,DEX5,M T W T _ S S,400 METRE,15 Jan 2025 09:16:03 GMT,,FRIDAY,SW1,70,450,ENABLED,0,0,DISABLED
2869596875,Asmak alfth,Store Active,Alexandria,Al Iskandarīyah,00000,"31.23450046,29.96276642",R4FHDXNMNMZCW5624TAAG12LN9WTSORSDA2CDSROSTW9NLDPXTQ2EIA2OX34M4YR,DEX5,M T W T _ S S,400 METRE,15 Jan 2025 09:16:03 GMT,,FRIDAY,SW2,50,450,DISABLED,0,0,DISABLED
2869596875,Asmak alfth,Store Active,Alexandria,Al Iskandarīyah,00000,"31.23450046,29.96276642",R4FHDXNMNMZCW5624TAAG12LN9WTSORSDA2CDSROSTW9NLDPXTQ2EIA2OX34M4YR,DEX5,M T W T _ S S,400 METRE,15 Jan 2025 09:16:03 GMT,,SATURDAY,SW1,70,450,ENABLED,0,0,DISABLED
2869596875,Asmak alfth,Store Active,Alexandria,Al Iskandarīyah,00000,"31.23450046,29.96276642",R4FHDXNMNMZCW5624TAAG12LN9WTSORSDA2CDSROSTW9NLDPXTQ2EIA2OX34M4YR,DEX5,M T W T _ S S,400 METRE,15 Jan 2025 09:16:03 GMT,,SATURDAY,SW2,50,450,DISABLED,0,0,DISABLED
2869596875,Asmak alfth,Store Active,Alexandria,Al Iskandarīyah,00000,"31.23450046,29.96276642",R4FHDXNMNMZCW5624TAAG12LN9WTSORSDA2CDSROSTW9NLDPXTQ2EIA2OX34M4YR,DEX5,M T W T _ S S,400 METRE,15 Jan 2025 09:16:03 GMT,,SUNDAY,SW1,70,450,ENABLED,0,0,DISABLED
2869596875,Asmak alfth,Store Active,Alexandria,Al Iskandarīyah,00000,"31.23450046,29.96276642",R4FHDXNMNMZCW5624TAAG12LN9WTSORSDA2CDSROSTW9NLDPXTQ2EIA2OX34M4YR,DEX5,M T W T _ S S,400 METRE,15 Jan 2025 09:16:03 GMT,,SUNDAY,SW2,50,450,DISABLED,0,0,DISABLED
2448666054,Akram,Store Active,Alskndareh,Al Iskandarīyah,00000,"31.24052284000403,29.963036260665913",LR4OPBH56IWK5QGSMD24G12LN9WTSORSDA2CDSROSTW9NLDPXTQ2EIA2OXUDP3W4,DEX5,_ T W T F S S,375 METRE,20 Oct 2024 09:21:37 GMT,,MONDAY,SW1,50,425,ENABLED,0,0,DISABLED
2448666054,Akram,Store Active,Alskndareh,Al Iskandarīyah,00000,"31.24052284000403,29.963036260665913",LR4OPBH56IWK5QGSMD24G12LN9WTSORSDA2CDSROSTW9NLDPXTQ2EIA2OXUDP3W4,DEX5,_ T W T F S S,375 METRE,20 Oct 2024 09:21:37 GMT,,MONDAY,SW2,50,425,DISABLED,0,0,DISABLED
2448666054,Akram,Store Active,Alskndareh,Al Iskandarīyah,00000,"31.24052284000403,29.963036260665913",LR4OPBH56IWK5QGSMD24G12LN9WTSORSDA2CDSROSTW9NLDPXTQ2EIA2OXUDP3W4,DEX5,_ T W T F S S,375 METRE,20 Oct 2024 09:21:37 GMT,,TUESDAY,SW1,50,425,ENABLED,0,0,DISABLED
2448666054,Akram,Store Active,Alskndareh,Al Iskandarīyah,00000,"31.24052284000403,29.963036260665913",LR4OPBH56IWK5QGSMD24G12LN9WTSORSDA2CDSROSTW9NLDPXTQ2EIA2OXUDP3W4,DEX5,_ T W T F S S,375 METRE,20 Oct 2024 09:21:37 GMT,,TUESDAY,SW2,50,425,DISABLED,0,0,DISABLED
2448666054,Akram,Store Active,Alskndareh,Al Iskandarīyah,00000,"31.24052284000403,29.963036260665913",LR4OPBH56IWK5QGSMD24G12LN9WTSORSDA2CDSROSTW9NLDPXTQ2EIA2OXUDP3W4,DEX5,_ T W T F S S,375 METRE,20 Oct 2024 09:21:37 GMT,,WEDNESDAY,SW1,50,425,ENABLED,0,0,DISABLED
2448666054,Akram,Store Active,Alskndareh,Al Iskandarīyah,00000,"31.24052284000403,29.963036260665913",LR4OPBH56IWK5QGSMD24G12LN9WTSORSDA2CDSROSTW9NLDPXTQ2EIA2OXUDP3W4,DEX5,_ T W T F S S,375 METRE,20 Oct 2024 09:21:37 GMT,,WEDNESDAY,SW2,50,425,DISABLED,0,0,DISABLED
2448666054,Akram,Store Active,Alskndareh,Al Iskandarīyah,00000,"31.24052284000403,29.963036260665913",LR4OPBH56IWK5QGSMD24G12LN9WTSORSDA2CDSROSTW9NLDPXTQ2EIA2OXUDP3W4,DEX5,_ T W T F S S,375 METRE,20 Oct 2024 09:21:37 GMT,,THURSDAY,SW1,50,425,ENABLED,0,0,DISABLED
2448666054,Akram,Store Active,Alskndareh,Al Iskandarīyah,00000,"31.24052284000403,29.963036260665913",LR4OPBH56IWK5QGSMD24G12LN9WTSORSDA2CDSROSTW9NLDPXTQ2EIA2OXUDP3W4,DEX5,_ T W T F S S,375 METRE,20 Oct 2024 09:21:37 GMT,,THURSDAY,SW2,50,425,DISABLED,0,0,DISABLED
2448666054,Akram,Store Active,Alskndareh,Al Iskandarīyah,00000,"31.24052284000403,29.963036260665913",LR4OPBH56IWK5QGSMD24G12LN9WTSORSDA2CDSROSTW9NLDPXTQ2EIA2OXUDP3W4,DEX5,_ T W T F S S,375 METRE,20 Oct 2024 09:21:37 GMT,,FRIDAY,SW1,50,425,ENABLED,0,0,DISABLED
2448666054,Akram,Store Active,Alskndareh,Al Iskandarīyah,00000,"31.24052284000403,29.963036260665913",LR4OPBH56IWK5QGSMD24G12LN9WTSORSDA2CDSROSTW9NLDPXTQ2EIA2OXUDP3W4,DEX5,_ T W T F S S,375 METRE,20 Oct 2024 09:21:37 GMT,,FRIDAY,SW2,50,425,DISABLED,0,0,DISABLED
2448666054,Akram,Store Active,Alskndareh,Al Iskandarīyah,00000,"31.24052284000403,29.963036260665913",LR4OPBH56IWK5QGSMD24G12LN9WTSORSDA2CDSROSTW9NLDPXTQ2EIA2OXUDP3W4,DEX5,_ T W T F S S,375 METRE,20 Oct 2024 09:21:37 GMT,,SATURDAY,SW1,50,425,ENABLED,0,0,DISABLED
2448666054,Akram,Store Active,Alskndareh,Al Iskandarīyah,00000,"31.24052284000403,29.963036260665913",LR4OPBH56IWK5QGSMD24G12LN9WTSORSDA2CDSROSTW9NLDPXTQ2EIA2OXUDP3W4,DEX5,_ T W T F S S,375 METRE,20 Oct 2024 09:21:37 GMT,,SATURDAY,SW2,50,425,DISABLED,0,0,DISABLED
2448666054,Akram,Store Active,Alskndareh,Al Iskandarīyah,00000,"31.24052284000403,29.963036260665913",LR4OPBH56IWK5QGSMD24G12LN9WTSORSDA2CDSROSTW9NLDPXTQ2EIA2OXUDP3W4,DEX5,_ T W T F S S,375 METRE,20 Oct 2024 09:21:37 GMT,,SUNDAY,SW1,50,425,ENABLED,0,0,DISABLED
2448666054,Akram,Store Active,Alskndareh,Al Iskandarīyah,00000,"31.24052284000403,29.963036260665913",LR4OPBH56IWK5QGSMD24G12LN9WTSORSDA2CDSROSTW9NLDPXTQ2EIA2OXUDP3W4,DEX5,_ T W T F S S,375 METRE,20 Oct 2024 09:21:37 GMT,,SUNDAY,SW2,50,425,DISABLED,0,0,DISABLED
9035637147,Sky for Travel ,Store Active,Alexandria,Al Iskandarīyah,00000,"31.226471,29.970314",RNPYYSFCWNOTSUA3OMCYG12LN9WTSORSDA2CDSROSTW9NLDPXTQ2EIA2OX5D6FMG,DEX5,M T W T _ S S,375 METRE,23 Dec 2025 08:02:34 GMT,,MONDAY,SW1,20,425,ENABLED,0,0,DISABLED
9035637147,Sky for Travel ,Store Active,Alexandria,Al Iskandarīyah,00000,"31.226471,29.970314",RNPYYSFCWNOTSUA3OMCYG12LN9WTSORSDA2CDSROSTW9NLDPXTQ2EIA2OX5D6FMG,DEX5,M T W T _ S S,375 METRE,23 Dec 2025 08:02:34 GMT,,MONDAY,SW2,20,425,DISABLED,0,0,DISABLED
9035637147,Sky for Travel ,Store Active,Alexandria,Al Iskandarīyah,00000,"31.226471,29.970314",RNPYYSFCWNOTSUA3OMCYG12LN9WTSORSDA2CDSROSTW9NLDPXTQ2EIA2OX5D6FMG,DEX5,M T W T _ S S,375 METRE,23 Dec 2025 08:02:34 GMT,,TUESDAY,SW1,20,425,ENABLED,0,0,DISABLED
9035637147,Sky for Travel ,Store Active,Alexandria,Al Iskandarīyah,00000,"31.226471,29.970314",RNPYYSFCWNOTSUA3OMCYG12LN9WTSORSDA2CDSROSTW9NLDPXTQ2EIA2OX5D6FMG,DEX5,M T W T _ S S,375 METRE,23 Dec 2025 08:02:34 GMT,,TUESDAY,SW2,20,425,DISABLED,0,0,DISABLED
9035637147,Sky for Travel ,Store Active,Alexandria,Al Iskandarīyah,00000,"31.226471,29.970314",RNPYYSFCWNOTSUA3OMCYG12LN9WTSORSDA2CDSROSTW9NLDPXTQ2EIA2OX5D6FMG,DEX5,M T W T _ S S,375 METRE,23 Dec 2025 08:02:34 GMT,,WEDNESDAY,SW1,20,425,ENABLED,0,0,DISABLED
9035637147,Sky for Travel ,Store Active,Alexandria,Al Iskandarīyah,00000,"31.226471,29.970314",RNPYYSFCWNOTSUA3OMCYG12LN9WTSORSDA2CDSROSTW9NLDPXTQ2EIA2OX5D6FMG,DEX5,M T W T _ S S,375 METRE,23 Dec 2025 08:02:34 GMT,,WEDNESDAY,SW2,20,425,DISABLED,0,0,DISABLED
9035637147,Sky for Travel ,Store Active,Alexandria,Al Iskandarīyah,00000,"31.226471,29.970314",RNPYYSFCWNOTSUA3OMCYG12LN9WTSORSDA2CDSROSTW9NLDPXTQ2EIA2OX5D6FMG,DEX5,M T W T _ S S,375 METRE,23 Dec 2025 08:02:34 GMT,,THURSDAY,SW1,20,425,ENABLED,0,0,DISABLED
9035637147,Sky for Travel ,Store Active,Alexandria,Al Iskandarīyah,00000,"31.226471,29.970314",RNPYYSFCWNOTSUA3OMCYG12LN9WTSORSDA2CDSROSTW9NLDPXTQ2EIA2OX5D6FMG,DEX5,M T W T _ S S,375 METRE,23 Dec 2025 08:02:34 GMT,,THURSDAY,SW2,20,425,DISABLED,0,0,DISABLED
9035637147,Sky for Travel ,Store Active,Alexandria,Al Iskandarīyah,00000,"31.226471,29.970314",RNPYYSFCWNOTSUA3OMCYG12LN9WTSORSDA2CDSROSTW9NLDPXTQ2EIA2OX5D6FMG,DEX5,M T W T _ S S,375 METRE,23 Dec 2025 08:02:34 GMT,,FRIDAY,SW1,20,425,ENABLED,0,0,DISABLED
9035637147,Sky for Travel ,Store Active,Alexandria,Al Iskandarīyah,00000,"31.226471,29.970314",RNPYYSFCWNOTSUA3OMCYG12LN9WTSORSDA2CDSROSTW9NLDPXTQ2EIA2OX5D6FMG,DEX5,M T W T _ S S,375 METRE,23 Dec 2025 08:02:34 GMT,,FRIDAY,SW2,20,425,DISABLED,0,0,DISABLED
9035637147,Sky for Travel ,Store Active,Alexandria,Al Iskandarīyah,00000,"31.226471,29.970314",RNPYYSFCWNOTSUA3OMCYG12LN9WTSORSDA2CDSROSTW9NLDPXTQ2EIA2OX5D6FMG,DEX5,M T W T _ S S,375 METRE,23 Dec 2025 08:02:34 GMT,,SATURDAY,SW1,20,425,ENABLED,0,0,DISABLED
9035637147,Sky for Travel ,Store Active,Alexandria,Al Iskandarīyah,00000,"31.226471,29.970314",RNPYYSFCWNOTSUA3OMCYG12LN9WTSORSDA2CDSROSTW9NLDPXTQ2EIA2OX5D6FMG,DEX5,M T W T _ S S,375 METRE,23 Dec 2025 08:02:34 GMT,,SATURDAY,SW2,20,425,DISABLED,0,0,DISABLED
9035637147,Sky for Travel ,Store Active,Alexandria,Al Iskandarīyah,00000,"31.226471,29.970314",RNPYYSFCWNOTSUA3OMCYG12LN9WTSORSDA2CDSROSTW9NLDPXTQ2EIA2OX5D6FMG,DEX5,M T W T _ S S,375 METRE,23 Dec 2025 08:02:34 GMT,,SUNDAY,SW1,20,425,ENABLED,0,0,DISABLED
9035637147,Sky for Travel ,Store Active,Alexandria,Al Iskandarīyah,00000,"31.226471,29.970314",RNPYYSFCWNOTSUA3OMCYG12LN9WTSORSDA2CDSROSTW9NLDPXTQ2EIA2OX5D6FMG,DEX5,M T W T _ S S,375 METRE,23 Dec 2025 08:02:34 GMT,,SUNDAY,SW2,20,425,DISABLED,0,0,DISABLED
3297312970,Al-Hawari for Home Appliances and Furniture,Store Active,Alexandria,Al Iskandarīyah,00000,"31.252044606843807,29.978682014043123",JRF6IPZ6SSRVRVBXS6MIG12LN9WTSORSDA2CDSROSTW9NLDPXTQ2EIA2OXXOUTAT,DEX5,M T W T F S _,375 METRE,16 Feb 2025 12:03:32 GMT,,MONDAY,SW1,50,425,ENABLED,0,0,DISABLED
3297312970,Al-Hawari for Home Appliances and Furniture,Store Active,Alexandria,Al Iskandarīyah,00000,"31.252044606843807,29.978682014043123",JRF6IPZ6SSRVRVBXS6MIG12LN9WTSORSDA2CDSROSTW9NLDPXTQ2EIA2OXXOUTAT,DEX5,M T W T F S _,375 METRE,16 Feb 2025 12:03:32 GMT,,MONDAY,SW2,50,425,DISABLED,0,0,DISABLED
3297312970,Al-Hawari for Home Appliances and Furniture,Store Active,Alexandria,Al Iskandarīyah,00000,"31.252044606843807,29.978682014043123",JRF6IPZ6SSRVRVBXS6MIG12LN9WTSORSDA2CDSROSTW9NLDPXTQ2EIA2OXXOUTAT,DEX5,M T W T F S _,375 METRE,16 Feb 2025 12:03:32 GMT,,TUESDAY,SW1,50,425,ENABLED,0,0,DISABLED
3297312970,Al-Hawari for Home Appliances and Furniture,Store Active,Alexandria,Al Iskandarīyah,00000,"31.252044606843807,29.978682014043123",JRF6IPZ6SSRVRVBXS6MIG12LN9WTSORSDA2CDSROSTW9NLDPXTQ2EIA2OXXOUTAT,DEX5,M T W T F S _,375 METRE,16 Feb 2025 12:03:32 GMT,,TUESDAY,SW2,50,425,DISABLED,0,0,DISABLED
3297312970,Al-Hawari for Home Appliances and Furniture,Store Active,Alexandria,Al Iskandarīyah,00000,"31.252044606843807,29.978682014043123",JRF6IPZ6SSRVRVBXS6MIG12LN9WTSORSDA2CDSROSTW9NLDPXTQ2EIA2OXXOUTAT,DEX5,M T W T F S _,375 METRE,16 Feb 2025 12:03:32 GMT,,WEDNESDAY,SW1,50,425,ENABLED,0,0,DISABLED
3297312970,Al-Hawari for Home Appliances and Furniture,Store Active,Alexandria,Al Iskandarīyah,00000,"31.252044606843807,29.978682014043123",JRF6IPZ6SSRVRVBXS6MIG12LN9WTSORSDA2CDSROSTW9NLDPXTQ2EIA2OXXOUTAT,DEX5,M T W T F S _,375 METRE,16 Feb 2025 12:03:32 GMT,,WEDNESDAY,SW2,50,425,DISABLED,0,0,DISABLED
3297312970,Al-Hawari for Home Appliances and Furniture,Store Active,Alexandria,Al Iskandarīyah,00000,"31.252044606843807,29.978682014043123",JRF6IPZ6SSRVRVBXS6MIG12LN9WTSORSDA2CDSROSTW9NLDPXTQ2EIA2OXXOUTAT,DEX5,M T W T F S _,375 METRE,16 Feb 2025 12:03:32 GMT,,THURSDAY,SW1,50,425,ENABLED,0,0,DISABLED
3297312970,Al-Hawari for Home Appliances and Furniture,Store Active,Alexandria,Al Iskandarīyah,00000,"31.252044606843807,29.978682014043123",JRF6IPZ6SSRVRVBXS6MIG12LN9WTSORSDA2CDSROSTW9NLDPXTQ2EIA2OXXOUTAT,DEX5,M T W T F S _,375 METRE,16 Feb 2025 12:03:32 GMT,,THURSDAY,SW2,50,425,DISABLED,0,0,DISABLED
3297312970,Al-Hawari for Home Appliances and Furniture,Store Active,Alexandria,Al Iskandarīyah,00000,"31.252044606843807,29.978682014043123",JRF6IPZ6SSRVRVBXS6MIG12LN9WTSORSDA2CDSROSTW9NLDPXTQ2EIA2OXXOUTAT,DEX5,M T W T F S _,375 METRE,16 Feb 2025 12:03:32 GMT,,FRIDAY,SW1,50,425,ENABLED,0,0,DISABLED
3297312970,Al-Hawari for Home Appliances and Furniture,Store Active,Alexandria,Al Iskandarīyah,00000,"31.252044606843807,29.978682014043123",JRF6IPZ6SSRVRVBXS6MIG12LN9WTSORSDA2CDSROSTW9NLDPXTQ2EIA2OXXOUTAT,DEX5,M T W T F S _,375 METRE,16 Feb 2025 12:03:32 GMT,,FRIDAY,SW2,50,425,DISABLED,0,0,DISABLED
3297312970,Al-Hawari for Home Appliances and Furniture,Store Active,Alexandria,Al Iskandarīyah,00000,"31.252044606843807,29.978682014043123",JRF6IPZ6SSRVRVBXS6MIG12LN9WTSORSDA2CDSROSTW9NLDPXTQ2EIA2OXXOUTAT,DEX5,M T W T F S _,375 METRE,16 Feb 2025 12:03:32 GMT,,SATURDAY,SW1,50,425,ENABLED,0,0,DISABLED
3297312970,Al-Hawari for Home Appliances and Furniture,Store Active,Alexandria,Al Iskandarīyah,00000,"31.252044606843807,29.978682014043123",JRF6IPZ6SSRVRVBXS6MIG12LN9WTSORSDA2CDSROSTW9NLDPXTQ2EIA2OXXOUTAT,DEX5,M T W T F S _,375 METRE,16 Feb 2025 12:03:32 GMT,,SATURDAY,SW2,50,425,DISABLED,0,0,DISABLED
3297312970,Al-Hawari for Home Appliances and Furniture,Store Active,Alexandria,Al Iskandarīyah,00000,"31.252044606843807,29.978682014043123",JRF6IPZ6SSRVRVBXS6MIG12LN9WTSORSDA2CDSROSTW9NLDPXTQ2EIA2OXXOUTAT,DEX5,M T W T F S _,375 METRE,16 Feb 2025 12:03:32 GMT,,SUNDAY,SW1,50,425,ENABLED,0,0,DISABLED
3297312970,Al-Hawari for Home Appliances and Furniture,Store Active,Alexandria,Al Iskandarīyah,00000,"31.252044606843807,29.978682014043123",JRF6IPZ6SSRVRVBXS6MIG12LN9WTSORSDA2CDSROSTW9NLDPXTQ2EIA2OXXOUTAT,DEX5,M T W T F S _,375 METRE,16 Feb 2025 12:03:32 GMT,,SUNDAY,SW2,50,425,DISABLED,0,0,DISABLED
8739400810,ماركت أولاد رجب,Store Active,smouha,Al Iskandarīyah,00000,"31.21334,29.9635",PLOOLFOIEEJHR2TVHGHMG12LN9WTSORSDA2CDSROSTW9NLDPXTQ2EIA2OXZVTWGD,DEX5,M T W T _ S S,375 METRE,11 Dec 2025 13:09:50 GMT,,MONDAY,SW1,50,425,ENABLED,0,0,DISABLED
8739400810,ماركت أولاد رجب,Store Active,smouha,Al Iskandarīyah,00000,"31.21334,29.9635",PLOOLFOIEEJHR2TVHGHMG12LN9WTSORSDA2CDSROSTW9NLDPXTQ2EIA2OXZVTWGD,DEX5,M T W T _ S S,375 METRE,11 Dec 2025 13:09:50 GMT,,MONDAY,SW2,50,425,DISABLED,0,0,DISABLED
8739400810,ماركت أولاد رجب,Store Active,smouha,Al Iskandarīyah,00000,"31.21334,29.9635",PLOOLFOIEEJHR2TVHGHMG12LN9WTSORSDA2CDSROSTW9NLDPXTQ2EIA2OXZVTWGD,DEX5,M T W T _ S S,375 METRE,11 Dec 2025 13:09:50 GMT,,TUESDAY,SW1,50,425,ENABLED,0,0,DISABLED
8739400810,ماركت أولاد رجب,Store Active,smouha,Al Iskandarīyah,00000,"31.21334,29.9635",PLOOLFOIEEJHR2TVHGHMG12LN9WTSORSDA2CDSROSTW9NLDPXTQ2EIA2OXZVTWGD,DEX5,M T W T _ S S,375 METRE,11 Dec 2025 13:09:50 GMT,,TUESDAY,SW2,50,425,DISABLED,0,0,DISABLED
8739400810,ماركت أولاد رجب,Store Active,smouha,Al Iskandarīyah,00000,"31.21334,29.9635",PLOOLFOIEEJHR2TVHGHMG12LN9WTSORSDA2CDSROSTW9NLDPXTQ2EIA2OXZVTWGD,DEX5,M T W T _ S S,375 METRE,11 Dec 2025 13:09:50 GMT,,WEDNESDAY,SW1,50,425,ENABLED,0,0,DISABLED
8739400810,ماركت أولاد رجب,Store Active,smouha,Al Iskandarīyah,00000,"31.21334,29.9635",PLOOLFOIEEJHR2TVHGHMG12LN9WTSORSDA2CDSROSTW9NLDPXTQ2EIA2OXZVTWGD,DEX5,M T W T _ S S,375 METRE,11 Dec 2025 13:09:50 GMT,,WEDNESDAY,SW2,50,425,DISABLED,0,0,DISABLED
8739400810,ماركت أولاد رجب,Store Active,smouha,Al Iskandarīyah,00000,"31.21334,29.9635",PLOOLFOIEEJHR2TVHGHMG12LN9WTSORSDA2CDSROSTW9NLDPXTQ2EIA2OXZVTWGD,DEX5,M T W T _ S S,375 METRE,11 Dec 2025 13:09:50 GMT,,THURSDAY,SW1,50,425,ENABLED,0,0,DISABLED
8739400810,ماركت أولاد رجب,Store Active,smouha,Al Iskandarīyah,00000,"31.21334,29.9635",PLOOLFOIEEJHR2TVHGHMG12LN9WTSORSDA2CDSROSTW9NLDPXTQ2EIA2OXZVTWGD,DEX5,M T W T _ S S,375 METRE,11 Dec 2025 13:09:50 GMT,,THURSDAY,SW2,50,425,DISABLED,0,0,DISABLED
8739400810,ماركت أولاد رجب,Store Active,smouha,Al Iskandarīyah,00000,"31.21334,29.9635",PLOOLFOIEEJHR2TVHGHMG12LN9WTSORSDA2CDSROSTW9NLDPXTQ2EIA2OXZVTWGD,DEX5,M T W T _ S S,375 METRE,11 Dec 2025 13:09:50 GMT,,FRIDAY,SW1,50,425,ENABLED,0,0,DISABLED
8739400810,ماركت أولاد رجب,Store Active,smouha,Al Iskandarīyah,00000,"31.21334,29.9635",PLOOLFOIEEJHR2TVHGHMG12LN9WTSORSDA2CDSROSTW9NLDPXTQ2EIA2OXZVTWGD,DEX5,M T W T _ S S,375 METRE,11 Dec 2025 13:09:50 GMT,,FRIDAY,SW2,50,425,DISABLED,0,0,DISABLED
8739400810,ماركت أولاد رجب,Store Active,smouha,Al Iskandarīyah,00000,"31.21334,29.9635",PLOOLFOIEEJHR2TVHGHMG12LN9WTSORSDA2CDSROSTW9NLDPXTQ2EIA2OXZVTWGD,DEX5,M T W T _ S S,375 METRE,11 Dec 2025 13:09:50 GMT,,SATURDAY,SW1,50,425,ENABLED,0,0,DISABLED
8739400810,ماركت أولاد رجب,Store Active,smouha,Al Iskandarīyah,00000,"31.21334,29.9635",PLOOLFOIEEJHR2TVHGHMG12LN9WTSORSDA2CDSROSTW9NLDPXTQ2EIA2OXZVTWGD,DEX5,M T W T _ S S,375 METRE,11 Dec 2025 13:09:50 GMT,,SATURDAY,SW2,50,425,DISABLED,0,0,DISABLED
8739400810,ماركت أولاد رجب,Store Active,smouha,Al Iskandarīyah,00000,"31.21334,29.9635",PLOOLFOIEEJHR2TVHGHMG12LN9WTSORSDA2CDSROSTW9NLDPXTQ2EIA2OXZVTWGD,DEX5,M T W T _ S S,375 METRE,11 Dec 2025 13:09:50 GMT,,SUNDAY,SW1,50,425,ENABLED,0,0,DISABLED
8739400810,ماركت أولاد رجب,Store Active,smouha,Al Iskandarīyah,00000,"31.21334,29.9635",PLOOLFOIEEJHR2TVHGHMG12LN9WTSORSDA2CDSROSTW9NLDPXTQ2EIA2OXZVTWGD,DEX5,M T W T _ S S,375 METRE,11 Dec 2025 13:09:50 GMT,,SUNDAY,SW2,50,425,DISABLED,0,0,DISABLED
3358752758,الياسمين ماركت,Store Active,alexandria,Al Iskandarīyah,00000,"31.21029665609079,29.959457294998398",BHW4HZX6S6QANYYFKJEEG12LN9WTSORSDA2CDSROSTW9NLDPXTQ2EIA2OXQJGWF3,DEX5,M T W T F S S,375 METRE,18 Feb 2026 15:46:39 GMT,,MONDAY,SW1,50,425,ENABLED,0,0,DISABLED
3358752758,الياسمين ماركت,Store Active,alexandria,Al Iskandarīyah,00000,"31.21029665609079,29.959457294998398",BHW4HZX6S6QANYYFKJEEG12LN9WTSORSDA2CDSROSTW9NLDPXTQ2EIA2OXQJGWF3,DEX5,M T W T F S S,375 METRE,18 Feb 2026 15:46:39 GMT,,MONDAY,SW2,50,425,DISABLED,0,0,DISABLED
3358752758,الياسمين ماركت,Store Active,alexandria,Al Iskandarīyah,00000,"31.21029665609079,29.959457294998398",BHW4HZX6S6QANYYFKJEEG12LN9WTSORSDA2CDSROSTW9NLDPXTQ2EIA2OXQJGWF3,DEX5,M T W T F S S,375 METRE,18 Feb 2026 15:46:39 GMT,,TUESDAY,SW1,50,425,ENABLED,0,0,DISABLED
3358752758,الياسمين ماركت,Store Active,alexandria,Al Iskandarīyah,00000,"31.21029665609079,29.959457294998398",BHW4HZX6S6QANYYFKJEEG12LN9WTSORSDA2CDSROSTW9NLDPXTQ2EIA2OXQJGWF3,DEX5,M T W T F S S,375 METRE,18 Feb 2026 15:46:39 GMT,,TUESDAY,SW2,50,425,DISABLED,0,0,DISABLED
3358752758,الياسمين ماركت,Store Active,alexandria,Al Iskandarīyah,00000,"31.21029665609079,29.959457294998398",BHW4HZX6S6QANYYFKJEEG12LN9WTSORSDA2CDSROSTW9NLDPXTQ2EIA2OXQJGWF3,DEX5,M T W T F S S,375 METRE,18 Feb 2026 15:46:39 GMT,,WEDNESDAY,SW1,50,425,ENABLED,0,0,DISABLED
3358752758,الياسمين ماركت,Store Active,alexandria,Al Iskandarīyah,00000,"31.21029665609079,29.959457294998398",BHW4HZX6S6QANYYFKJEEG12LN9WTSORSDA2CDSROSTW9NLDPXTQ2EIA2OXQJGWF3,DEX5,M T W T F S S,375 METRE,18 Feb 2026 15:46:39 GMT,,WEDNESDAY,SW2,50,425,DISABLED,0,0,DISABLED
3358752758,الياسمين ماركت,Store Active,alexandria,Al Iskandarīyah,00000,"31.21029665609079,29.959457294998398",BHW4HZX6S6QANYYFKJEEG12LN9WTSORSDA2CDSROSTW9NLDPXTQ2EIA2OXQJGWF3,DEX5,M T W T F S S,375 METRE,18 Feb 2026 15:46:39 GMT,,THURSDAY,SW1,50,425,ENABLED,0,0,DISABLED
3358752758,الياسمين ماركت,Store Active,alexandria,Al Iskandarīyah,00000,"31.21029665609079,29.959457294998398",BHW4HZX6S6QANYYFKJEEG12LN9WTSORSDA2CDSROSTW9NLDPXTQ2EIA2OXQJGWF3,DEX5,M T W T F S S,375 METRE,18 Feb 2026 15:46:39 GMT,,THURSDAY,SW2,50,425,DISABLED,0,0,DISABLED
3358752758,الياسمين ماركت,Store Active,alexandria,Al Iskandarīyah,00000,"31.21029665609079,29.959457294998398",BHW4HZX6S6QANYYFKJEEG12LN9WTSORSDA2CDSROSTW9NLDPXTQ2EIA2OXQJGWF3,DEX5,M T W T F S S,375 METRE,18 Feb 2026 15:46:39 GMT,,FRIDAY,SW1,50,425,ENABLED,0,0,DISABLED
3358752758,الياسمين ماركت,Store Active,alexandria,Al Iskandarīyah,00000,"31.21029665609079,29.959457294998398",BHW4HZX6S6QANYYFKJEEG12LN9WTSORSDA2CDSROSTW9NLDPXTQ2EIA2OXQJGWF3,DEX5,M T W T F S S,375 METRE,18 Feb 2026 15:46:39 GMT,,FRIDAY,SW2,50,425,DISABLED,0,0,DISABLED
3358752758,الياسمين ماركت,Store Active,alexandria,Al Iskandarīyah,00000,"31.21029665609079,29.959457294998398",BHW4HZX6S6QANYYFKJEEG12LN9WTSORSDA2CDSROSTW9NLDPXTQ2EIA2OXQJGWF3,DEX5,M T W T F S S,375 METRE,18 Feb 2026 15:46:39 GMT,,SATURDAY,SW1,50,425,ENABLED,0,0,DISABLED
3358752758,الياسمين ماركت,Store Active,alexandria,Al Iskandarīyah,00000,"31.21029665609079,29.959457294998398",BHW4HZX6S6QANYYFKJEEG12LN9WTSORSDA2CDSROSTW9NLDPXTQ2EIA2OXQJGWF3,DEX5,M T W T F S S,375 METRE,18 Feb 2026 15:46:39 GMT,,SATURDAY,SW2,50,425,DISABLED,0,0,DISABLED
3358752758,الياسمين ماركت,Store Active,alexandria,Al Iskandarīyah,00000,"31.21029665609079,29.959457294998398",BHW4HZX6S6QANYYFKJEEG12LN9WTSORSDA2CDSROSTW9NLDPXTQ2EIA2OXQJGWF3,DEX5,M T W T F S S,375 METRE,18 Feb 2026 15:46:39 GMT,,SUNDAY,SW1,50,425,ENABLED,0,0,DISABLED
3358752758,الياسمين ماركت,Store Active,alexandria,Al Iskandarīyah,00000,"31.21029665609079,29.959457294998398",BHW4HZX6S6QANYYFKJEEG12LN9WTSORSDA2CDSROSTW9NLDPXTQ2EIA2OXQJGWF3,DEX5,M T W T F S S,375 METRE,18 Feb 2026 15:46:39 GMT,,SUNDAY,SW2,50,425,DISABLED,0,0,DISABLED
2901346236,Al-Hawari and Al-Farouk Furniture,Store Active,Alexandria,Al Iskandarīyah,00000,"31.25237197811598,29.97528893464959",56ZFJAQL6D4HD3HA3D24G12LN9WTSORSDA2CDSROSTW9NLDPXTQ2EIA2OXZSYG62,DEX5,M T W T F S _,375 METRE,16 Feb 2025 10:39:52 GMT,,MONDAY,SW1,50,425,ENABLED,0,0,DISABLED
2901346236,Al-Hawari and Al-Farouk Furniture,Store Active,Alexandria,Al Iskandarīyah,00000,"31.25237197811598,29.97528893464959",56ZFJAQL6D4HD3HA3D24G12LN9WTSORSDA2CDSROSTW9NLDPXTQ2EIA2OXZSYG62,DEX5,M T W T F S _,375 METRE,16 Feb 2025 10:39:52 GMT,,MONDAY,SW2,50,425,DISABLED,0,0,DISABLED
2901346236,Al-Hawari and Al-Farouk Furniture,Store Active,Alexandria,Al Iskandarīyah,00000,"31.25237197811598,29.97528893464959",56ZFJAQL6D4HD3HA3D24G12LN9WTSORSDA2CDSROSTW9NLDPXTQ2EIA2OXZSYG62,DEX5,M T W T F S _,375 METRE,16 Feb 2025 10:39:52 GMT,,TUESDAY,SW1,50,425,ENABLED,0,0,DISABLED
2901346236,Al-Hawari and Al-Farouk Furniture,Store Active,Alexandria,Al Iskandarīyah,00000,"31.25237197811598,29.97528893464959",56ZFJAQL6D4HD3HA3D24G12LN9WTSORSDA2CDSROSTW9NLDPXTQ2EIA2OXZSYG62,DEX5,M T W T F S _,375 METRE,16 Feb 2025 10:39:52 GMT,,TUESDAY,SW2,50,425,DISABLED,0,0,DISABLED
2901346236,Al-Hawari and Al-Farouk Furniture,Store Active,Alexandria,Al Iskandarīyah,00000,"31.25237197811598,29.97528893464959",56ZFJAQL6D4HD3HA3D24G12LN9WTSORSDA2CDSROSTW9NLDPXTQ2EIA2OXZSYG62,DEX5,M T W T F S _,375 METRE,16 Feb 2025 10:39:52 GMT,,WEDNESDAY,SW1,50,425,ENABLED,0,0,DISABLED
2901346236,Al-Hawari and Al-Farouk Furniture,Store Active,Alexandria,Al Iskandarīyah,00000,"31.25237197811598,29.97528893464959",56ZFJAQL6D4HD3HA3D24G12LN9WTSORSDA2CDSROSTW9NLDPXTQ2EIA2OXZSYG62,DEX5,M T W T F S _,375 METRE,16 Feb 2025 10:39:52 GMT,,WEDNESDAY,SW2,50,425,DISABLED,0,0,DISABLED
2901346236,Al-Hawari and Al-Farouk Furniture,Store Active,Alexandria,Al Iskandarīyah,00000,"31.25237197811598,29.97528893464959",56ZFJAQL6D4HD3HA3D24G12LN9WTSORSDA2CDSROSTW9NLDPXTQ2EIA2OXZSYG62,DEX5,M T W T F S _,375 METRE,16 Feb 2025 10:39:52 GMT,,THURSDAY,SW1,50,425,ENABLED,0,0,DISABLED
2901346236,Al-Hawari and Al-Farouk Furniture,Store Active,Alexandria,Al Iskandarīyah,00000,"31.25237197811598,29.97528893464959",56ZFJAQL6D4HD3HA3D24G12LN9WTSORSDA2CDSROSTW9NLDPXTQ2EIA2OXZSYG62,DEX5,M T W T F S _,375 METRE,16 Feb 2025 10:39:52 GMT,,THURSDAY,SW2,50,425,DISABLED,0,0,DISABLED
2901346236,Al-Hawari and Al-Farouk Furniture,Store Active,Alexandria,Al Iskandarīyah,00000,"31.25237197811598,29.97528893464959",56ZFJAQL6D4HD3HA3D24G12LN9WTSORSDA2CDSROSTW9NLDPXTQ2EIA2OXZSYG62,DEX5,M T W T F S _,375 METRE,16 Feb 2025 10:39:52 GMT,,FRIDAY,SW1,50,425,ENABLED,0,0,DISABLED
2901346236,Al-Hawari and Al-Farouk Furniture,Store Active,Alexandria,Al Iskandarīyah,00000,"31.25237197811598,29.97528893464959",56ZFJAQL6D4HD3HA3D24G12LN9WTSORSDA2CDSROSTW9NLDPXTQ2EIA2OXZSYG62,DEX5,M T W T F S _,375 METRE,16 Feb 2025 10:39:52 GMT,,FRIDAY,SW2,50,425,DISABLED,0,0,DISABLED
2901346236,Al-Hawari and Al-Farouk Furniture,Store Active,Alexandria,Al Iskandarīyah,00000,"31.25237197811598,29.97528893464959",56ZFJAQL6D4HD3HA3D24G12LN9WTSORSDA2CDSROSTW9NLDPXTQ2EIA2OXZSYG62,DEX5,M T W T F S _,375 METRE,16 Feb 2025 10:39:52 GMT,,SATURDAY,SW1,50,425,ENABLED,0,0,DISABLED
2901346236,Al-Hawari and Al-Farouk Furniture,Store Active,Alexandria,Al Iskandarīyah,00000,"31.25237197811598,29.97528893464959",56ZFJAQL6D4HD3HA3D24G12LN9WTSORSDA2CDSROSTW9NLDPXTQ2EIA2OXZSYG62,DEX5,M T W T F S _,375 METRE,16 Feb 2025 10:39:52 GMT,,SATURDAY,SW2,50,425,DISABLED,0,0,DISABLED
2901346236,Al-Hawari and Al-Farouk Furniture,Store Active,Alexandria,Al Iskandarīyah,00000,"31.25237197811598,29.97528893464959",56ZFJAQL6D4HD3HA3D24G12LN9WTSORSDA2CDSROSTW9NLDPXTQ2EIA2OXZSYG62,DEX5,M T W T F S _,375 METRE,16 Feb 2025 10:39:52 GMT,,SUNDAY,SW1,50,425,ENABLED,0,0,DISABLED
2901346236,Al-Hawari and Al-Farouk Furniture,Store Active,Alexandria,Al Iskandarīyah,00000,"31.25237197811598,29.97528893464959",56ZFJAQL6D4HD3HA3D24G12LN9WTSORSDA2CDSROSTW9NLDPXTQ2EIA2OXZSYG62,DEX5,M T W T F S _,375 METRE,16 Feb 2025 10:39:52 GMT,,SUNDAY,SW2,50,425,DISABLED,0,0,DISABLED
8919345927,جنه للأدوات الصحيه,Store Inactive,Alexandria,Al Iskandarīyah,00000,"31.223251807723205,29.93766900982441",DTPRCWNB7YWNGUY6RQC4G12LN9WTSORSDA2CDSROSTW9NLDPXTQ2EIA2OXQRPAZ3,DEX5,M T W T _ S S,400 METRE,NA,,MONDAY,SW1,0,450,ENABLED,0,0,DISABLED
8919345927,جنه للأدوات الصحيه,Store Inactive,Alexandria,Al Iskandarīyah,00000,"31.223251807723205,29.93766900982441",DTPRCWNB7YWNGUY6RQC4G12LN9WTSORSDA2CDSROSTW9NLDPXTQ2EIA2OXQRPAZ3,DEX5,M T W T _ S S,400 METRE,NA,,MONDAY,SW2,0,450,DISABLED,0,0,DISABLED
8919345927,جنه للأدوات الصحيه,Store Inactive,Alexandria,Al Iskandarīyah,00000,"31.223251807723205,29.93766900982441",DTPRCWNB7YWNGUY6RQC4G12LN9WTSORSDA2CDSROSTW9NLDPXTQ2EIA2OXQRPAZ3,DEX5,M T W T _ S S,400 METRE,NA,,TUESDAY,SW1,0,450,ENABLED,0,0,DISABLED
8919345927,جنه للأدوات الصحيه,Store Inactive,Alexandria,Al Iskandarīyah,00000,"31.223251807723205,29.93766900982441",DTPRCWNB7YWNGUY6RQC4G12LN9WTSORSDA2CDSROSTW9NLDPXTQ2EIA2OXQRPAZ3,DEX5,M T W T _ S S,400 METRE,NA,,TUESDAY,SW2,0,450,DISABLED,0,0,DISABLED
8919345927,جنه للأدوات الصحيه,Store Inactive,Alexandria,Al Iskandarīyah,00000,"31.223251807723205,29.93766900982441",DTPRCWNB7YWNGUY6RQC4G12LN9WTSORSDA2CDSROSTW9NLDPXTQ2EIA2OXQRPAZ3,DEX5,M T W T _ S S,400 METRE,NA,,WEDNESDAY,SW1,0,450,ENABLED,0,0,DISABLED
8919345927,جنه للأدوات الصحيه,Store Inactive,Alexandria,Al Iskandarīyah,00000,"31.223251807723205,29.93766900982441",DTPRCWNB7YWNGUY6RQC4G12LN9WTSORSDA2CDSROSTW9NLDPXTQ2EIA2OXQRPAZ3,DEX5,M T W T _ S S,400 METRE,NA,,WEDNESDAY,SW2,0,450,DISABLED,0,0,DISABLED
8919345927,جنه للأدوات الصحيه,Store Inactive,Alexandria,Al Iskandarīyah,00000,"31.223251807723205,29.93766900982441",DTPRCWNB7YWNGUY6RQC4G12LN9WTSORSDA2CDSROSTW9NLDPXTQ2EIA2OXQRPAZ3,DEX5,M T W T _ S S,400 METRE,NA,,THURSDAY,SW1,0,450,ENABLED,0,0,DISABLED
8919345927,جنه للأدوات الصحيه,Store Inactive,Alexandria,Al Iskandarīyah,00000,"31.223251807723205,29.93766900982441",DTPRCWNB7YWNGUY6RQC4G12LN9WTSORSDA2CDSROSTW9NLDPXTQ2EIA2OXQRPAZ3,DEX5,M T W T _ S S,400 METRE,NA,,THURSDAY,SW2,0,450,DISABLED,0,0,DISABLED
8919345927,جنه للأدوات الصحيه,Store Inactive,Alexandria,Al Iskandarīyah,00000,"31.223251807723205,29.93766900982441",DTPRCWNB7YWNGUY6RQC4G12LN9WTSORSDA2CDSROSTW9NLDPXTQ2EIA2OXQRPAZ3,DEX5,M T W T _ S S,400 METRE,NA,,FRIDAY,SW1,0,450,ENABLED,0,0,DISABLED
8919345927,جنه للأدوات الصحيه,Store Inactive,Alexandria,Al Iskandarīyah,00000,"31.223251807723205,29.93766900982441",DTPRCWNB7YWNGUY6RQC4G12LN9WTSORSDA2CDSROSTW9NLDPXTQ2EIA2OXQRPAZ3,DEX5,M T W T _ S S,400 METRE,NA,,FRIDAY,SW2,0,450,DISABLED,0,0,DISABLED
8919345927,جنه للأدوات الصحيه,Store Inactive,Alexandria,Al Iskandarīyah,00000,"31.223251807723205,29.93766900982441",DTPRCWNB7YWNGUY6RQC4G12LN9WTSORSDA2CDSROSTW9NLDPXTQ2EIA2OXQRPAZ3,DEX5,M T W T _ S S,400 METRE,NA,,SATURDAY,SW1,0,450,ENABLED,0,0,DISABLED
8919345927,جنه للأدوات الصحيه,Store Inactive,Alexandria,Al Iskandarīyah,00000,"31.223251807723205,29.93766900982441",DTPRCWNB7YWNGUY6RQC4G12LN9WTSORSDA2CDSROSTW9NLDPXTQ2EIA2OXQRPAZ3,DEX5,M T W T _ S S,400 METRE,NA,,SATURDAY,SW2,0,450,DISABLED,0,0,DISABLED
8919345927,جنه للأدوات الصحيه,Store Inactive,Alexandria,Al Iskandarīyah,00000,"31.223251807723205,29.93766900982441",DTPRCWNB7YWNGUY6RQC4G12LN9WTSORSDA2CDSROSTW9NLDPXTQ2EIA2OXQRPAZ3,DEX5,M T W T _ S S,400 METRE,NA,,SUNDAY,SW1,0,450,ENABLED,0,0,DISABLED
8919345927,جنه للأدوات الصحيه,Store Inactive,Alexandria,Al Iskandarīyah,00000,"31.223251807723205,29.93766900982441",DTPRCWNB7YWNGUY6RQC4G12LN9WTSORSDA2CDSROSTW9NLDPXTQ2EIA2OXQRPAZ3,DEX5,M T W T _ S S,400 METRE,NA,,SUNDAY,SW2,0,450,DISABLED,0,0,DISABLED
6852304055,ALDERY,Store Active,الاسكندريه,Al Iskandarīyah,00000,"31.24001104,29.9642545",RSSXVQHTGGD2D7IYGCSIG12LN9WTSORSDA2CDSROSTW9NLDPXTQ2EIA2OXHEEVEZ,DEX5,_ T W T F S S,375 METRE,28 Feb 2024 12:57:49 GMT,,MONDAY,SW1,50,425,ENABLED,0,0,DISABLED
6852304055,ALDERY,Store Active,الاسكندريه,Al Iskandarīyah,00000,"31.24001104,29.9642545",RSSXVQHTGGD2D7IYGCSIG12LN9WTSORSDA2CDSROSTW9NLDPXTQ2EIA2OXHEEVEZ,DEX5,_ T W T F S S,375 METRE,28 Feb 2024 12:57:49 GMT,,MONDAY,SW2,50,425,DISABLED,0,0,DISABLED
6852304055,ALDERY,Store Active,الاسكندريه,Al Iskandarīyah,00000,"31.24001104,29.9642545",RSSXVQHTGGD2D7IYGCSIG12LN9WTSORSDA2CDSROSTW9NLDPXTQ2EIA2OXHEEVEZ,DEX5,_ T W T F S S,375 METRE,28 Feb 2024 12:57:49 GMT,,TUESDAY,SW1,50,425,ENABLED,0,0,DISABLED
6852304055,ALDERY,Store Active,الاسكندريه,Al Iskandarīyah,00000,"31.24001104,29.9642545",RSSXVQHTGGD2D7IYGCSIG12LN9WTSORSDA2CDSROSTW9NLDPXTQ2EIA2OXHEEVEZ,DEX5,_ T W T F S S,375 METRE,28 Feb 2024 12:57:49 GMT,,TUESDAY,SW2,50,425,DISABLED,0,0,DISABLED
6852304055,ALDERY,Store Active,الاسكندريه,Al Iskandarīyah,00000,"31.24001104,29.9642545",RSSXVQHTGGD2D7IYGCSIG12LN9WTSORSDA2CDSROSTW9NLDPXTQ2EIA2OXHEEVEZ,DEX5,_ T W T F S S,375 METRE,28 Feb 2024 12:57:49 GMT,,WEDNESDAY,SW1,50,425,ENABLED,0,0,DISABLED
6852304055,ALDERY,Store Active,الاسكندريه,Al Iskandarīyah,00000,"31.24001104,29.9642545",RSSXVQHTGGD2D7IYGCSIG12LN9WTSORSDA2CDSROSTW9NLDPXTQ2EIA2OXHEEVEZ,DEX5,_ T W T F S S,375 METRE,28 Feb 2024 12:57:49 GMT,,WEDNESDAY,SW2,50,425,DISABLED,0,0,DISABLED
6852304055,ALDERY,Store Active,الاسكندريه,Al Iskandarīyah,00000,"31.24001104,29.9642545",RSSXVQHTGGD2D7IYGCSIG12LN9WTSORSDA2CDSROSTW9NLDPXTQ2EIA2OXHEEVEZ,DEX5,_ T W T F S S,375 METRE,28 Feb 2024 12:57:49 GMT,,THURSDAY,SW1,50,425,ENABLED,0,0,DISABLED
6852304055,ALDERY,Store Active,الاسكندريه,Al Iskandarīyah,00000,"31.24001104,29.9642545",RSSXVQHTGGD2D7IYGCSIG12LN9WTSORSDA2CDSROSTW9NLDPXTQ2EIA2OXHEEVEZ,DEX5,_ T W T F S S,375 METRE,28 Feb 2024 12:57:49 GMT,,THURSDAY,SW2,50,425,DISABLED,0,0,DISABLED
6852304055,ALDERY,Store Active,الاسكندريه,Al Iskandarīyah,00000,"31.24001104,29.9642545",RSSXVQHTGGD2D7IYGCSIG12LN9WTSORSDA2CDSROSTW9NLDPXTQ2EIA2OXHEEVEZ,DEX5,_ T W T F S S,375 METRE,28 Feb 2024 12:57:49 GMT,,FRIDAY,SW1,50,425,ENABLED,0,0,DISABLED
6852304055,ALDERY,Store Active,الاسكندريه,Al Iskandarīyah,00000,"31.24001104,29.9642545",RSSXVQHTGGD2D7IYGCSIG12LN9WTSORSDA2CDSROSTW9NLDPXTQ2EIA2OXHEEVEZ,DEX5,_ T W T F S S,375 METRE,28 Feb 2024 12:57:49 GMT,,FRIDAY,SW2,50,425,DISABLED,0,0,DISABLED
6852304055,ALDERY,Store Active,الاسكندريه,Al Iskandarīyah,00000,"31.24001104,29.9642545",RSSXVQHTGGD2D7IYGCSIG12LN9WTSORSDA2CDSROSTW9NLDPXTQ2EIA2OXHEEVEZ,DEX5,_ T W T F S S,375 METRE,28 Feb 2024 12:57:49 GMT,,SATURDAY,SW1,50,425,ENABLED,0,0,DISABLED
6852304055,ALDERY,Store Active,الاسكندريه,Al Iskandarīyah,00000,"31.24001104,29.9642545",RSSXVQHTGGD2D7IYGCSIG12LN9WTSORSDA2CDSROSTW9NLDPXTQ2EIA2OXHEEVEZ,DEX5,_ T W T F S S,375 METRE,28 Feb 2024 12:57:49 GMT,,SATURDAY,SW2,50,425,DISABLED,0,0,DISABLED
6852304055,ALDERY,Store Active,الاسكندريه,Al Iskandarīyah,00000,"31.24001104,29.9642545",RSSXVQHTGGD2D7IYGCSIG12LN9WTSORSDA2CDSROSTW9NLDPXTQ2EIA2OXHEEVEZ,DEX5,_ T W T F S S,375 METRE,28 Feb 2024 12:57:49 GMT,,SUNDAY,SW1,50,425,ENABLED,0,0,DISABLED
6852304055,ALDERY,Store Active,الاسكندريه,Al Iskandarīyah,00000,"31.24001104,29.9642545",RSSXVQHTGGD2D7IYGCSIG12LN9WTSORSDA2CDSROSTW9NLDPXTQ2EIA2OXHEEVEZ,DEX5,_ T W T F S S,375 METRE,28 Feb 2024 12:57:49 GMT,,SUNDAY,SW2,50,425,DISABLED,0,0,DISABLED
9951235440,ماركت رحيم,Store Active,سموحه,Al Iskandarīyah,00000,"31.210538135490953,29.95929669620788",LYSYD77RUKVDZS2JMDLIG12LN9WTSORSDA2CDSROSTW9NLDPXTQ2EIA2OXFV2LGG,DEX5,M T W T F S S,400 METRE,1 Jul 2024 14:42:14 GMT,,MONDAY,SW1,50,450,ENABLED,0,0,DISABLED
9951235440,ماركت رحيم,Store Active,سموحه,Al Iskandarīyah,00000,"31.210538135490953,29.95929669620788",LYSYD77RUKVDZS2JMDLIG12LN9WTSORSDA2CDSROSTW9NLDPXTQ2EIA2OXFV2LGG,DEX5,M T W T F S S,400 METRE,1 Jul 2024 14:42:14 GMT,,MONDAY,SW2,50,450,DISABLED,0,0,DISABLED
9951235440,ماركت رحيم,Store Active,سموحه,Al Iskandarīyah,00000,"31.210538135490953,29.95929669620788",LYSYD77RUKVDZS2JMDLIG12LN9WTSORSDA2CDSROSTW9NLDPXTQ2EIA2OXFV2LGG,DEX5,M T W T F S S,400 METRE,1 Jul 2024 14:42:14 GMT,,TUESDAY,SW1,50,450,ENABLED,0,0,DISABLED
9951235440,ماركت رحيم,Store Active,سموحه,Al Iskandarīyah,00000,"31.210538135490953,29.95929669620788",LYSYD77RUKVDZS2JMDLIG12LN9WTSORSDA2CDSROSTW9NLDPXTQ2EIA2OXFV2LGG,DEX5,M T W T F S S,400 METRE,1 Jul 2024 14:42:14 GMT,,TUESDAY,SW2,50,450,DISABLED,0,0,DISABLED
9951235440,ماركت رحيم,Store Active,سموحه,Al Iskandarīyah,00000,"31.210538135490953,29.95929669620788",LYSYD77RUKVDZS2JMDLIG12LN9WTSORSDA2CDSROSTW9NLDPXTQ2EIA2OXFV2LGG,DEX5,M T W T F S S,400 METRE,1 Jul 2024 14:42:14 GMT,,WEDNESDAY,SW1,50,450,ENABLED,0,0,DISABLED
9951235440,ماركت رحيم,Store Active,سموحه,Al Iskandarīyah,00000,"31.210538135490953,29.95929669620788",LYSYD77RUKVDZS2JMDLIG12LN9WTSORSDA2CDSROSTW9NLDPXTQ2EIA2OXFV2LGG,DEX5,M T W T F S S,400 METRE,1 Jul 2024 14:42:14 GMT,,WEDNESDAY,SW2,50,450,DISABLED,0,0,DISABLED
9951235440,ماركت رحيم,Store Active,سموحه,Al Iskandarīyah,00000,"31.210538135490953,29.95929669620788",LYSYD77RUKVDZS2JMDLIG12LN9WTSORSDA2CDSROSTW9NLDPXTQ2EIA2OXFV2LGG,DEX5,M T W T F S S,400 METRE,1 Jul 2024 14:42:14 GMT,,THURSDAY,SW1,50,450,ENABLED,0,0,DISABLED
9951235440,ماركت رحيم,Store Active,سموحه,Al Iskandarīyah,00000,"31.210538135490953,29.95929669620788",LYSYD77RUKVDZS2JMDLIG12LN9WTSORSDA2CDSROSTW9NLDPXTQ2EIA2OXFV2LGG,DEX5,M T W T F S S,400 METRE,1 Jul 2024 14:42:14 GMT,,THURSDAY,SW2,50,450,DISABLED,0,0,DISABLED
9951235440,ماركت رحيم,Store Active,سموحه,Al Iskandarīyah,00000,"31.210538135490953,29.95929669620788",LYSYD77RUKVDZS2JMDLIG12LN9WTSORSDA2CDSROSTW9NLDPXTQ2EIA2OXFV2LGG,DEX5,M T W T F S S,400 METRE,1 Jul 2024 14:42:14 GMT,,FRIDAY,SW1,50,450,ENABLED,0,0,DISABLED
9951235440,ماركت رحيم,Store Active,سموحه,Al Iskandarīyah,00000,"31.210538135490953,29.95929669620788",LYSYD77RUKVDZS2JMDLIG12LN9WTSORSDA2CDSROSTW9NLDPXTQ2EIA2OXFV2LGG,DEX5,M T W T F S S,400 METRE,1 Jul 2024 14:42:14 GMT,,FRIDAY,SW2,50,450,DISABLED,0,0,DISABLED
9951235440,ماركت رحيم,Store Active,سموحه,Al Iskandarīyah,00000,"31.210538135490953,29.95929669620788",LYSYD77RUKVDZS2JMDLIG12LN9WTSORSDA2CDSROSTW9NLDPXTQ2EIA2OXFV2LGG,DEX5,M T W T F S S,400 METRE,1 Jul 2024 14:42:14 GMT,,SATURDAY,SW1,50,450,ENABLED,0,0,DISABLED
9951235440,ماركت رحيم,Store Active,سموحه,Al Iskandarīyah,00000,"31.210538135490953,29.95929669620788",LYSYD77RUKVDZS2JMDLIG12LN9WTSORSDA2CDSROSTW9NLDPXTQ2EIA2OXFV2LGG,DEX5,M T W T F S S,400 METRE,1 Jul 2024 14:42:14 GMT,,SATURDAY,SW2,50,450,DISABLED,0,0,DISABLED
9951235440,ماركت رحيم,Store Active,سموحه,Al Iskandarīyah,00000,"31.210538135490953,29.95929669620788",LYSYD77RUKVDZS2JMDLIG12LN9WTSORSDA2CDSROSTW9NLDPXTQ2EIA2OXFV2LGG,DEX5,M T W T F S S,400 METRE,1 Jul 2024 14:42:14 GMT,,SUNDAY,SW1,50,450,ENABLED,0,0,DISABLED
9951235440,ماركت رحيم,Store Active,سموحه,Al Iskandarīyah,00000,"31.210538135490953,29.95929669620788",LYSYD77RUKVDZS2JMDLIG12LN9WTSORSDA2CDSROSTW9NLDPXTQ2EIA2OXFV2LGG,DEX5,M T W T F S S,400 METRE,1 Jul 2024 14:42:14 GMT,,SUNDAY,SW2,50,450,DISABLED,0,0,DISABLED
8578470998,Abo iessa,Store Inactive,Roshdy,Al Iskandarīyah,00000,"31.227536354301268,29.950881467288095",64NG65PMA7GUBOSXARE4G12LN9WTSORSDA2CDSROSTW9NLDPXTQ2EIA2OXUJKCXC,DEX5,M T W T _ S S,375 METRE,NA,,MONDAY,SW1,0,425,ENABLED,0,0,DISABLED
8578470998,Abo iessa,Store Inactive,Roshdy,Al Iskandarīyah,00000,"31.227536354301268,29.950881467288095",64NG65PMA7GUBOSXARE4G12LN9WTSORSDA2CDSROSTW9NLDPXTQ2EIA2OXUJKCXC,DEX5,M T W T _ S S,375 METRE,NA,,MONDAY,SW2,0,425,DISABLED,0,0,DISABLED
8578470998,Abo iessa,Store Inactive,Roshdy,Al Iskandarīyah,00000,"31.227536354301268,29.950881467288095",64NG65PMA7GUBOSXARE4G12LN9WTSORSDA2CDSROSTW9NLDPXTQ2EIA2OXUJKCXC,DEX5,M T W T _ S S,375 METRE,NA,,TUESDAY,SW1,0,425,ENABLED,0,0,DISABLED
8578470998,Abo iessa,Store Inactive,Roshdy,Al Iskandarīyah,00000,"31.227536354301268,29.950881467288095",64NG65PMA7GUBOSXARE4G12LN9WTSORSDA2CDSROSTW9NLDPXTQ2EIA2OXUJKCXC,DEX5,M T W T _ S S,375 METRE,NA,,TUESDAY,SW2,0,425,DISABLED,0,0,DISABLED
8578470998,Abo iessa,Store Inactive,Roshdy,Al Iskandarīyah,00000,"31.227536354301268,29.950881467288095",64NG65PMA7GUBOSXARE4G12LN9WTSORSDA2CDSROSTW9NLDPXTQ2EIA2OXUJKCXC,DEX5,M T W T _ S S,375 METRE,NA,,WEDNESDAY,SW1,0,425,ENABLED,0,0,DISABLED
8578470998,Abo iessa,Store Inactive,Roshdy,Al Iskandarīyah,00000,"31.227536354301268,29.950881467288095",64NG65PMA7GUBOSXARE4G12LN9WTSORSDA2CDSROSTW9NLDPXTQ2EIA2OXUJKCXC,DEX5,M T W T _ S S,375 METRE,NA,,WEDNESDAY,SW2,0,425,DISABLED,0,0,DISABLED
8578470998,Abo iessa,Store Inactive,Roshdy,Al Iskandarīyah,00000,"31.227536354301268,29.950881467288095",64NG65PMA7GUBOSXARE4G12LN9WTSORSDA2CDSROSTW9NLDPXTQ2EIA2OXUJKCXC,DEX5,M T W T _ S S,375 METRE,NA,,THURSDAY,SW1,0,425,ENABLED,0,0,DISABLED
8578470998,Abo iessa,Store Inactive,Roshdy,Al Iskandarīyah,00000,"31.227536354301268,29.950881467288095",64NG65PMA7GUBOSXARE4G12LN9WTSORSDA2CDSROSTW9NLDPXTQ2EIA2OXUJKCXC,DEX5,M T W T _ S S,375 METRE,NA,,THURSDAY,SW2,0,425,DISABLED,0,0,DISABLED
8578470998,Abo iessa,Store Inactive,Roshdy,Al Iskandarīyah,00000,"31.227536354301268,29.950881467288095",64NG65PMA7GUBOSXARE4G12LN9WTSORSDA2CDSROSTW9NLDPXTQ2EIA2OXUJKCXC,DEX5,M T W T _ S S,375 METRE,NA,,FRIDAY,SW1,0,425,ENABLED,0,0,DISABLED
8578470998,Abo iessa,Store Inactive,Roshdy,Al Iskandarīyah,00000,"31.227536354301268,29.950881467288095",64NG65PMA7GUBOSXARE4G12LN9WTSORSDA2CDSROSTW9NLDPXTQ2EIA2OXUJKCXC,DEX5,M T W T _ S S,375 METRE,NA,,FRIDAY,SW2,0,425,DISABLED,0,0,DISABLED
8578470998,Abo iessa,Store Inactive,Roshdy,Al Iskandarīyah,00000,"31.227536354301268,29.950881467288095",64NG65PMA7GUBOSXARE4G12LN9WTSORSDA2CDSROSTW9NLDPXTQ2EIA2OXUJKCXC,DEX5,M T W T _ S S,375 METRE,NA,,SATURDAY,SW1,0,425,ENABLED,0,0,DISABLED
8578470998,Abo iessa,Store Inactive,Roshdy,Al Iskandarīyah,00000,"31.227536354301268,29.950881467288095",64NG65PMA7GUBOSXARE4G12LN9WTSORSDA2CDSROSTW9NLDPXTQ2EIA2OXUJKCXC,DEX5,M T W T _ S S,375 METRE,NA,,SATURDAY,SW2,0,425,DISABLED,0,0,DISABLED
8578470998,Abo iessa,Store Inactive,Roshdy,Al Iskandarīyah,00000,"31.227536354301268,29.950881467288095",64NG65PMA7GUBOSXARE4G12LN9WTSORSDA2CDSROSTW9NLDPXTQ2EIA2OXUJKCXC,DEX5,M T W T _ S S,375 METRE,NA,,SUNDAY,SW1,0,425,ENABLED,0,0,DISABLED
8578470998,Abo iessa,Store Inactive,Roshdy,Al Iskandarīyah,00000,"31.227536354301268,29.950881467288095",64NG65PMA7GUBOSXARE4G12LN9WTSORSDA2CDSROSTW9NLDPXTQ2EIA2OXUJKCXC,DEX5,M T W T _ S S,375 METRE,NA,,SUNDAY,SW2,0,425,DISABLED,0,0,DISABLED
1151800427,Al-Fath Laundry,Store Active,Alexandria,Al Iskandarīyah,00000,"31.234128579049116,29.96302675379509",6MMAS4FMTZII6HFGRBWUG12LN9WTSORSDA2CDSROSTW9NLDPXTQ2EIA2OXYV4SXB,DEX5,M T W T _ S S,375 METRE,5 May 2025 06:07:46 GMT,,MONDAY,SW1,50,425,ENABLED,0,0,DISABLED
1151800427,Al-Fath Laundry,Store Active,Alexandria,Al Iskandarīyah,00000,"31.234128579049116,29.96302675379509",6MMAS4FMTZII6HFGRBWUG12LN9WTSORSDA2CDSROSTW9NLDPXTQ2EIA2OXYV4SXB,DEX5,M T W T _ S S,375 METRE,5 May 2025 06:07:46 GMT,,MONDAY,SW2,50,425,DISABLED,0,0,DISABLED
1151800427,Al-Fath Laundry,Store Active,Alexandria,Al Iskandarīyah,00000,"31.234128579049116,29.96302675379509",6MMAS4FMTZII6HFGRBWUG12LN9WTSORSDA2CDSROSTW9NLDPXTQ2EIA2OXYV4SXB,DEX5,M T W T _ S S,375 METRE,5 May 2025 06:07:46 GMT,,TUESDAY,SW1,50,425,ENABLED,0,0,DISABLED
1151800427,Al-Fath Laundry,Store Active,Alexandria,Al Iskandarīyah,00000,"31.234128579049116,29.96302675379509",6MMAS4FMTZII6HFGRBWUG12LN9WTSORSDA2CDSROSTW9NLDPXTQ2EIA2OXYV4SXB,DEX5,M T W T _ S S,375 METRE,5 May 2025 06:07:46 GMT,,TUESDAY,SW2,50,425,DISABLED,0,0,DISABLED
1151800427,Al-Fath Laundry,Store Active,Alexandria,Al Iskandarīyah,00000,"31.234128579049116,29.96302675379509",6MMAS4FMTZII6HFGRBWUG12LN9WTSORSDA2CDSROSTW9NLDPXTQ2EIA2OXYV4SXB,DEX5,M T W T _ S S,375 METRE,5 May 2025 06:07:46 GMT,,WEDNESDAY,SW1,50,425,ENABLED,0,0,DISABLED
1151800427,Al-Fath Laundry,Store Active,Alexandria,Al Iskandarīyah,00000,"31.234128579049116,29.96302675379509",6MMAS4FMTZII6HFGRBWUG12LN9WTSORSDA2CDSROSTW9NLDPXTQ2EIA2OXYV4SXB,DEX5,M T W T _ S S,375 METRE,5 May 2025 06:07:46 GMT,,WEDNESDAY,SW2,50,425,DISABLED,0,0,DISABLED
1151800427,Al-Fath Laundry,Store Active,Alexandria,Al Iskandarīyah,00000,"31.234128579049116,29.96302675379509",6MMAS4FMTZII6HFGRBWUG12LN9WTSORSDA2CDSROSTW9NLDPXTQ2EIA2OXYV4SXB,DEX5,M T W T _ S S,375 METRE,5 May 2025 06:07:46 GMT,,THURSDAY,SW1,50,425,ENABLED,0,0,DISABLED
1151800427,Al-Fath Laundry,Store Active,Alexandria,Al Iskandarīyah,00000,"31.234128579049116,29.96302675379509",6MMAS4FMTZII6HFGRBWUG12LN9WTSORSDA2CDSROSTW9NLDPXTQ2EIA2OXYV4SXB,DEX5,M T W T _ S S,375 METRE,5 May 2025 06:07:46 GMT,,THURSDAY,SW2,50,425,DISABLED,0,0,DISABLED
1151800427,Al-Fath Laundry,Store Active,Alexandria,Al Iskandarīyah,00000,"31.234128579049116,29.96302675379509",6MMAS4FMTZII6HFGRBWUG12LN9WTSORSDA2CDSROSTW9NLDPXTQ2EIA2OXYV4SXB,DEX5,M T W T _ S S,375 METRE,5 May 2025 06:07:46 GMT,,FRIDAY,SW1,50,425,ENABLED,0,0,DISABLED
1151800427,Al-Fath Laundry,Store Active,Alexandria,Al Iskandarīyah,00000,"31.234128579049116,29.96302675379509",6MMAS4FMTZII6HFGRBWUG12LN9WTSORSDA2CDSROSTW9NLDPXTQ2EIA2OXYV4SXB,DEX5,M T W T _ S S,375 METRE,5 May 2025 06:07:46 GMT,,FRIDAY,SW2,50,425,DISABLED,0,0,DISABLED
1151800427,Al-Fath Laundry,Store Active,Alexandria,Al Iskandarīyah,00000,"31.234128579049116,29.96302675379509",6MMAS4FMTZII6HFGRBWUG12LN9WTSORSDA2CDSROSTW9NLDPXTQ2EIA2OXYV4SXB,DEX5,M T W T _ S S,375 METRE,5 May 2025 06:07:46 GMT,,SATURDAY,SW1,50,425,ENABLED,0,0,DISABLED
1151800427,Al-Fath Laundry,Store Active,Alexandria,Al Iskandarīyah,00000,"31.234128579049116,29.96302675379509",6MMAS4FMTZII6HFGRBWUG12LN9WTSORSDA2CDSROSTW9NLDPXTQ2EIA2OXYV4SXB,DEX5,M T W T _ S S,375 METRE,5 May 2025 06:07:46 GMT,,SATURDAY,SW2,50,425,DISABLED,0,0,DISABLED
1151800427,Al-Fath Laundry,Store Active,Alexandria,Al Iskandarīyah,00000,"31.234128579049116,29.96302675379509",6MMAS4FMTZII6HFGRBWUG12LN9WTSORSDA2CDSROSTW9NLDPXTQ2EIA2OXYV4SXB,DEX5,M T W T _ S S,375 METRE,5 May 2025 06:07:46 GMT,,SUNDAY,SW1,50,425,ENABLED,0,0,DISABLED
1151800427,Al-Fath Laundry,Store Active,Alexandria,Al Iskandarīyah,00000,"31.234128579049116,29.96302675379509",6MMAS4FMTZII6HFGRBWUG12LN9WTSORSDA2CDSROSTW9NLDPXTQ2EIA2OXYV4SXB,DEX5,M T W T _ S S,375 METRE,5 May 2025 06:07:46 GMT,,SUNDAY,SW2,50,425,DISABLED,0,0,DISABLED
2960600661,Turkey,Store Inactive,Alexandria,Al Iskandarīyah,00000,"31.229028120838652,29.951314696172815",KVPRZK2PPPHZG5Z443QMG12LN9WTSORSDA2CDSROSTW9NLDPXTQ2EIA2OXJVTC3E,DEX5,M T W T _ S S,375 METRE,NA,,MONDAY,SW1,0,425,ENABLED,0,0,DISABLED
2960600661,Turkey,Store Inactive,Alexandria,Al Iskandarīyah,00000,"31.229028120838652,29.951314696172815",KVPRZK2PPPHZG5Z443QMG12LN9WTSORSDA2CDSROSTW9NLDPXTQ2EIA2OXJVTC3E,DEX5,M T W T _ S S,375 METRE,NA,,MONDAY,SW2,0,425,DISABLED,0,0,DISABLED
2960600661,Turkey,Store Inactive,Alexandria,Al Iskandarīyah,00000,"31.229028120838652,29.951314696172815",KVPRZK2PPPHZG5Z443QMG12LN9WTSORSDA2CDSROSTW9NLDPXTQ2EIA2OXJVTC3E,DEX5,M T W T _ S S,375 METRE,NA,,TUESDAY,SW1,0,425,ENABLED,0,0,DISABLED
2960600661,Turkey,Store Inactive,Alexandria,Al Iskandarīyah,00000,"31.229028120838652,29.951314696172815",KVPRZK2PPPHZG5Z443QMG12LN9WTSORSDA2CDSROSTW9NLDPXTQ2EIA2OXJVTC3E,DEX5,M T W T _ S S,375 METRE,NA,,TUESDAY,SW2,0,425,DISABLED,0,0,DISABLED
2960600661,Turkey,Store Inactive,Alexandria,Al Iskandarīyah,00000,"31.229028120838652,29.951314696172815",KVPRZK2PPPHZG5Z443QMG12LN9WTSORSDA2CDSROSTW9NLDPXTQ2EIA2OXJVTC3E,DEX5,M T W T _ S S,375 METRE,NA,,WEDNESDAY,SW1,0,425,ENABLED,0,0,DISABLED
2960600661,Turkey,Store Inactive,Alexandria,Al Iskandarīyah,00000,"31.229028120838652,29.951314696172815",KVPRZK2PPPHZG5Z443QMG12LN9WTSORSDA2CDSROSTW9NLDPXTQ2EIA2OXJVTC3E,DEX5,M T W T _ S S,375 METRE,NA,,WEDNESDAY,SW2,0,425,DISABLED,0,0,DISABLED
2960600661,Turkey,Store Inactive,Alexandria,Al Iskandarīyah,00000,"31.229028120838652,29.951314696172815",KVPRZK2PPPHZG5Z443QMG12LN9WTSORSDA2CDSROSTW9NLDPXTQ2EIA2OXJVTC3E,DEX5,M T W T _ S S,375 METRE,NA,,THURSDAY,SW1,0,425,ENABLED,0,0,DISABLED
2960600661,Turkey,Store Inactive,Alexandria,Al Iskandarīyah,00000,"31.229028120838652,29.951314696172815",KVPRZK2PPPHZG5Z443QMG12LN9WTSORSDA2CDSROSTW9NLDPXTQ2EIA2OXJVTC3E,DEX5,M T W T _ S S,375 METRE,NA,,THURSDAY,SW2,0,425,DISABLED,0,0,DISABLED
2960600661,Turkey,Store Inactive,Alexandria,Al Iskandarīyah,00000,"31.229028120838652,29.951314696172815",KVPRZK2PPPHZG5Z443QMG12LN9WTSORSDA2CDSROSTW9NLDPXTQ2EIA2OXJVTC3E,DEX5,M T W T _ S S,375 METRE,NA,,FRIDAY,SW1,0,425,ENABLED,0,0,DISABLED
2960600661,Turkey,Store Inactive,Alexandria,Al Iskandarīyah,00000,"31.229028120838652,29.951314696172815",KVPRZK2PPPHZG5Z443QMG12LN9WTSORSDA2CDSROSTW9NLDPXTQ2EIA2OXJVTC3E,DEX5,M T W T _ S S,375 METRE,NA,,FRIDAY,SW2,0,425,DISABLED,0,0,DISABLED
2960600661,Turkey,Store Inactive,Alexandria,Al Iskandarīyah,00000,"31.229028120838652,29.951314696172815",KVPRZK2PPPHZG5Z443QMG12LN9WTSORSDA2CDSROSTW9NLDPXTQ2EIA2OXJVTC3E,DEX5,M T W T _ S S,375 METRE,NA,,SATURDAY,SW1,0,425,ENABLED,0,0,DISABLED
2960600661,Turkey,Store Inactive,Alexandria,Al Iskandarīyah,00000,"31.229028120838652,29.951314696172815",KVPRZK2PPPHZG5Z443QMG12LN9WTSORSDA2CDSROSTW9NLDPXTQ2EIA2OXJVTC3E,DEX5,M T W T _ S S,375 METRE,NA,,SATURDAY,SW2,0,425,DISABLED,0,0,DISABLED
2960600661,Turkey,Store Inactive,Alexandria,Al Iskandarīyah,00000,"31.229028120838652,29.951314696172815",KVPRZK2PPPHZG5Z443QMG12LN9WTSORSDA2CDSROSTW9NLDPXTQ2EIA2OXJVTC3E,DEX5,M T W T _ S S,375 METRE,NA,,SUNDAY,SW1,0,425,ENABLED,0,0,DISABLED
2960600661,Turkey,Store Inactive,Alexandria,Al Iskandarīyah,00000,"31.229028120838652,29.951314696172815",KVPRZK2PPPHZG5Z443QMG12LN9WTSORSDA2CDSROSTW9NLDPXTQ2EIA2OXJVTC3E,DEX5,M T W T _ S S,375 METRE,NA,,SUNDAY,SW2,0,425,DISABLED,0,0,DISABLED
9488002681,najm Electric,Store Inactive,alexandria,Al Iskandarīyah,00000,"31.225421282263184,29.952837667395258",AGN4CBZUZNSEC3KH4ZEYG12LN9WTSORSDA2CDSROSTW9NLDPXTQ2EIA2OX2YC6Y3,DEX5,M T W T _ S S,375 METRE,NA,,MONDAY,SW1,0,425,ENABLED,0,0,DISABLED
9488002681,najm Electric,Store Inactive,alexandria,Al Iskandarīyah,00000,"31.225421282263184,29.952837667395258",AGN4CBZUZNSEC3KH4ZEYG12LN9WTSORSDA2CDSROSTW9NLDPXTQ2EIA2OX2YC6Y3,DEX5,M T W T _ S S,375 METRE,NA,,MONDAY,SW2,0,425,DISABLED,0,0,DISABLED
9488002681,najm Electric,Store Inactive,alexandria,Al Iskandarīyah,00000,"31.225421282263184,29.952837667395258",AGN4CBZUZNSEC3KH4ZEYG12LN9WTSORSDA2CDSROSTW9NLDPXTQ2EIA2OX2YC6Y3,DEX5,M T W T _ S S,375 METRE,NA,,TUESDAY,SW1,0,425,ENABLED,0,0,DISABLED
9488002681,najm Electric,Store Inactive,alexandria,Al Iskandarīyah,00000,"31.225421282263184,29.952837667395258",AGN4CBZUZNSEC3KH4ZEYG12LN9WTSORSDA2CDSROSTW9NLDPXTQ2EIA2OX2YC6Y3,DEX5,M T W T _ S S,375 METRE,NA,,TUESDAY,SW2,0,425,DISABLED,0,0,DISABLED
9488002681,najm Electric,Store Inactive,alexandria,Al Iskandarīyah,00000,"31.225421282263184,29.952837667395258",AGN4CBZUZNSEC3KH4ZEYG12LN9WTSORSDA2CDSROSTW9NLDPXTQ2EIA2OX2YC6Y3,DEX5,M T W T _ S S,375 METRE,NA,,WEDNESDAY,SW1,0,425,ENABLED,0,0,DISABLED
9488002681,najm Electric,Store Inactive,alexandria,Al Iskandarīyah,00000,"31.225421282263184,29.952837667395258",AGN4CBZUZNSEC3KH4ZEYG12LN9WTSORSDA2CDSROSTW9NLDPXTQ2EIA2OX2YC6Y3,DEX5,M T W T _ S S,375 METRE,NA,,WEDNESDAY,SW2,0,425,DISABLED,0,0,DISABLED
9488002681,najm Electric,Store Inactive,alexandria,Al Iskandarīyah,00000,"31.225421282263184,29.952837667395258",AGN4CBZUZNSEC3KH4ZEYG12LN9WTSORSDA2CDSROSTW9NLDPXTQ2EIA2OX2YC6Y3,DEX5,M T W T _ S S,375 METRE,NA,,THURSDAY,SW1,0,425,ENABLED,0,0,DISABLED
9488002681,najm Electric,Store Inactive,alexandria,Al Iskandarīyah,00000,"31.225421282263184,29.952837667395258",AGN4CBZUZNSEC3KH4ZEYG12LN9WTSORSDA2CDSROSTW9NLDPXTQ2EIA2OX2YC6Y3,DEX5,M T W T _ S S,375 METRE,NA,,THURSDAY,SW2,0,425,DISABLED,0,0,DISABLED
9488002681,najm Electric,Store Inactive,alexandria,Al Iskandarīyah,00000,"31.225421282263184,29.952837667395258",AGN4CBZUZNSEC3KH4ZEYG12LN9WTSORSDA2CDSROSTW9NLDPXTQ2EIA2OX2YC6Y3,DEX5,M T W T _ S S,375 METRE,NA,,FRIDAY,SW1,0,425,ENABLED,0,0,DISABLED
9488002681,najm Electric,Store Inactive,alexandria,Al Iskandarīyah,00000,"31.225421282263184,29.952837667395258",AGN4CBZUZNSEC3KH4ZEYG12LN9WTSORSDA2CDSROSTW9NLDPXTQ2EIA2OX2YC6Y3,DEX5,M T W T _ S S,375 METRE,NA,,FRIDAY,SW2,0,425,DISABLED,0,0,DISABLED
9488002681,najm Electric,Store Inactive,alexandria,Al Iskandarīyah,00000,"31.225421282263184,29.952837667395258",AGN4CBZUZNSEC3KH4ZEYG12LN9WTSORSDA2CDSROSTW9NLDPXTQ2EIA2OX2YC6Y3,DEX5,M T W T _ S S,375 METRE,NA,,SATURDAY,SW1,0,425,ENABLED,0,0,DISABLED
9488002681,najm Electric,Store Inactive,alexandria,Al Iskandarīyah,00000,"31.225421282263184,29.952837667395258",AGN4CBZUZNSEC3KH4ZEYG12LN9WTSORSDA2CDSROSTW9NLDPXTQ2EIA2OX2YC6Y3,DEX5,M T W T _ S S,375 METRE,NA,,SATURDAY,SW2,0,425,DISABLED,0,0,DISABLED
9488002681,najm Electric,Store Inactive,alexandria,Al Iskandarīyah,00000,"31.225421282263184,29.952837667395258",AGN4CBZUZNSEC3KH4ZEYG12LN9WTSORSDA2CDSROSTW9NLDPXTQ2EIA2OX2YC6Y3,DEX5,M T W T _ S S,375 METRE,NA,,SUNDAY,SW1,0,425,ENABLED,0,0,DISABLED
9488002681,najm Electric,Store Inactive,alexandria,Al Iskandarīyah,00000,"31.225421282263184,29.952837667395258",AGN4CBZUZNSEC3KH4ZEYG12LN9WTSORSDA2CDSROSTW9NLDPXTQ2EIA2OX2YC6Y3,DEX5,M T W T _ S S,375 METRE,NA,,SUNDAY,SW2,0,425,DISABLED,0,0,DISABLED
3221758880,Pet food,Store Active,Alexandria,Al Iskandarīyah,00000,"31.20859998599882,29.928863346348383",AI3EWPAVESTWRYLHLGSQG12LN9WTSORSDA2CDSROSTW9NLDPXTQ2EIA2OXY3CGZS,DEX5,M T W T _ S S,375 METRE,30 Jun 2025 14:42:54 GMT,,MONDAY,SW1,50,425,ENABLED,0,0,DISABLED
3221758880,Pet food,Store Active,Alexandria,Al Iskandarīyah,00000,"31.20859998599882,29.928863346348383",AI3EWPAVESTWRYLHLGSQG12LN9WTSORSDA2CDSROSTW9NLDPXTQ2EIA2OXY3CGZS,DEX5,M T W T _ S S,375 METRE,30 Jun 2025 14:42:54 GMT,,MONDAY,SW2,50,425,DISABLED,0,0,DISABLED
3221758880,Pet food,Store Active,Alexandria,Al Iskandarīyah,00000,"31.20859998599882,29.928863346348383",AI3EWPAVESTWRYLHLGSQG12LN9WTSORSDA2CDSROSTW9NLDPXTQ2EIA2OXY3CGZS,DEX5,M T W T _ S S,375 METRE,30 Jun 2025 14:42:54 GMT,,TUESDAY,SW1,50,425,ENABLED,0,0,DISABLED
3221758880,Pet food,Store Active,Alexandria,Al Iskandarīyah,00000,"31.20859998599882,29.928863346348383",AI3EWPAVESTWRYLHLGSQG12LN9WTSORSDA2CDSROSTW9NLDPXTQ2EIA2OXY3CGZS,DEX5,M T W T _ S S,375 METRE,30 Jun 2025 14:42:54 GMT,,TUESDAY,SW2,50,425,DISABLED,0,0,DISABLED
3221758880,Pet food,Store Active,Alexandria,Al Iskandarīyah,00000,"31.20859998599882,29.928863346348383",AI3EWPAVESTWRYLHLGSQG12LN9WTSORSDA2CDSROSTW9NLDPXTQ2EIA2OXY3CGZS,DEX5,M T W T _ S S,375 METRE,30 Jun 2025 14:42:54 GMT,,WEDNESDAY,SW1,50,425,ENABLED,0,0,DISABLED
3221758880,Pet food,Store Active,Alexandria,Al Iskandarīyah,00000,"31.20859998599882,29.928863346348383",AI3EWPAVESTWRYLHLGSQG12LN9WTSORSDA2CDSROSTW9NLDPXTQ2EIA2OXY3CGZS,DEX5,M T W T _ S S,375 METRE,30 Jun 2025 14:42:54 GMT,,WEDNESDAY,SW2,50,425,DISABLED,0,0,DISABLED
3221758880,Pet food,Store Active,Alexandria,Al Iskandarīyah,00000,"31.20859998599882,29.928863346348383",AI3EWPAVESTWRYLHLGSQG12LN9WTSORSDA2CDSROSTW9NLDPXTQ2EIA2OXY3CGZS,DEX5,M T W T _ S S,375 METRE,30 Jun 2025 14:42:54 GMT,,THURSDAY,SW1,50,425,ENABLED,0,0,DISABLED
3221758880,Pet food,Store Active,Alexandria,Al Iskandarīyah,00000,"31.20859998599882,29.928863346348383",AI3EWPAVESTWRYLHLGSQG12LN9WTSORSDA2CDSROSTW9NLDPXTQ2EIA2OXY3CGZS,DEX5,M T W T _ S S,375 METRE,30 Jun 2025 14:42:54 GMT,,THURSDAY,SW2,50,425,DISABLED,0,0,DISABLED
3221758880,Pet food,Store Active,Alexandria,Al Iskandarīyah,00000,"31.20859998599882,29.928863346348383",AI3EWPAVESTWRYLHLGSQG12LN9WTSORSDA2CDSROSTW9NLDPXTQ2EIA2OXY3CGZS,DEX5,M T W T _ S S,375 METRE,30 Jun 2025 14:42:54 GMT,,FRIDAY,SW1,50,425,ENABLED,0,0,DISABLED
3221758880,Pet food,Store Active,Alexandria,Al Iskandarīyah,00000,"31.20859998599882,29.928863346348383",AI3EWPAVESTWRYLHLGSQG12LN9WTSORSDA2CDSROSTW9NLDPXTQ2EIA2OXY3CGZS,DEX5,M T W T _ S S,375 METRE,30 Jun 2025 14:42:54 GMT,,FRIDAY,SW2,50,425,DISABLED,0,0,DISABLED
3221758880,Pet food,Store Active,Alexandria,Al Iskandarīyah,00000,"31.20859998599882,29.928863346348383",AI3EWPAVESTWRYLHLGSQG12LN9WTSORSDA2CDSROSTW9NLDPXTQ2EIA2OXY3CGZS,DEX5,M T W T _ S S,375 METRE,30 Jun 2025 14:42:54 GMT,,SATURDAY,SW1,50,425,ENABLED,0,0,DISABLED
3221758880,Pet food,Store Active,Alexandria,Al Iskandarīyah,00000,"31.20859998599882,29.928863346348383",AI3EWPAVESTWRYLHLGSQG12LN9WTSORSDA2CDSROSTW9NLDPXTQ2EIA2OXY3CGZS,DEX5,M T W T _ S S,375 METRE,30 Jun 2025 14:42:54 GMT,,SATURDAY,SW2,50,425,DISABLED,0,0,DISABLED
3221758880,Pet food,Store Active,Alexandria,Al Iskandarīyah,00000,"31.20859998599882,29.928863346348383",AI3EWPAVESTWRYLHLGSQG12LN9WTSORSDA2CDSROSTW9NLDPXTQ2EIA2OXY3CGZS,DEX5,M T W T _ S S,375 METRE,30 Jun 2025 14:42:54 GMT,,SUNDAY,SW1,50,425,ENABLED,0,0,DISABLED
3221758880,Pet food,Store Active,Alexandria,Al Iskandarīyah,00000,"31.20859998599882,29.928863346348383",AI3EWPAVESTWRYLHLGSQG12LN9WTSORSDA2CDSROSTW9NLDPXTQ2EIA2OXY3CGZS,DEX5,M T W T _ S S,375 METRE,30 Jun 2025 14:42:54 GMT,,SUNDAY,SW2,50,425,DISABLED,0,0,DISABLED
1228844307,مكتبة ورقه وقلم,Store Inactive,smouha,Al Iskandarīyah,00000,"31.20822305,29.9522157",ZC5JGDFV2BWT4MRQDK3EG12LN9WTSORSDA2CDSROSTW9NLDPXTQ2EQA2OX3HLESF,DEX5,M T W T _ S S,375 METRE,NA,,MONDAY,SW1,0,425,ENABLED,0,0,DISABLED
1228844307,مكتبة ورقه وقلم,Store Inactive,smouha,Al Iskandarīyah,00000,"31.20822305,29.9522157",ZC5JGDFV2BWT4MRQDK3EG12LN9WTSORSDA2CDSROSTW9NLDPXTQ2EQA2OX3HLESF,DEX5,M T W T _ S S,375 METRE,NA,,MONDAY,SW2,0,425,DISABLED,0,0,DISABLED
1228844307,مكتبة ورقه وقلم,Store Inactive,smouha,Al Iskandarīyah,00000,"31.20822305,29.9522157",ZC5JGDFV2BWT4MRQDK3EG12LN9WTSORSDA2CDSROSTW9NLDPXTQ2EQA2OX3HLESF,DEX5,M T W T _ S S,375 METRE,NA,,TUESDAY,SW1,0,425,ENABLED,0,0,DISABLED
1228844307,مكتبة ورقه وقلم,Store Inactive,smouha,Al Iskandarīyah,00000,"31.20822305,29.9522157",ZC5JGDFV2BWT4MRQDK3EG12LN9WTSORSDA2CDSROSTW9NLDPXTQ2EQA2OX3HLESF,DEX5,M T W T _ S S,375 METRE,NA,,TUESDAY,SW2,0,425,DISABLED,0,0,DISABLED
1228844307,مكتبة ورقه وقلم,Store Inactive,smouha,Al Iskandarīyah,00000,"31.20822305,29.9522157",ZC5JGDFV2BWT4MRQDK3EG12LN9WTSORSDA2CDSROSTW9NLDPXTQ2EQA2OX3HLESF,DEX5,M T W T _ S S,375 METRE,NA,,WEDNESDAY,SW1,0,425,ENABLED,0,0,DISABLED
1228844307,مكتبة ورقه وقلم,Store Inactive,smouha,Al Iskandarīyah,00000,"31.20822305,29.9522157",ZC5JGDFV2BWT4MRQDK3EG12LN9WTSORSDA2CDSROSTW9NLDPXTQ2EQA2OX3HLESF,DEX5,M T W T _ S S,375 METRE,NA,,WEDNESDAY,SW2,0,425,DISABLED,0,0,DISABLED
1228844307,مكتبة ورقه وقلم,Store Inactive,smouha,Al Iskandarīyah,00000,"31.20822305,29.9522157",ZC5JGDFV2BWT4MRQDK3EG12LN9WTSORSDA2CDSROSTW9NLDPXTQ2EQA2OX3HLESF,DEX5,M T W T _ S S,375 METRE,NA,,THURSDAY,SW1,0,425,ENABLED,0,0,DISABLED
1228844307,مكتبة ورقه وقلم,Store Inactive,smouha,Al Iskandarīyah,00000,"31.20822305,29.9522157",ZC5JGDFV2BWT4MRQDK3EG12LN9WTSORSDA2CDSROSTW9NLDPXTQ2EQA2OX3HLESF,DEX5,M T W T _ S S,375 METRE,NA,,THURSDAY,SW2,0,425,DISABLED,0,0,DISABLED
1228844307,مكتبة ورقه وقلم,Store Inactive,smouha,Al Iskandarīyah,00000,"31.20822305,29.9522157",ZC5JGDFV2BWT4MRQDK3EG12LN9WTSORSDA2CDSROSTW9NLDPXTQ2EQA2OX3HLESF,DEX5,M T W T _ S S,375 METRE,NA,,FRIDAY,SW1,0,425,ENABLED,0,0,DISABLED
1228844307,مكتبة ورقه وقلم,Store Inactive,smouha,Al Iskandarīyah,00000,"31.20822305,29.9522157",ZC5JGDFV2BWT4MRQDK3EG12LN9WTSORSDA2CDSROSTW9NLDPXTQ2EQA2OX3HLESF,DEX5,M T W T _ S S,375 METRE,NA,,FRIDAY,SW2,0,425,DISABLED,0,0,DISABLED
1228844307,مكتبة ورقه وقلم,Store Inactive,smouha,Al Iskandarīyah,00000,"31.20822305,29.9522157",ZC5JGDFV2BWT4MRQDK3EG12LN9WTSORSDA2CDSROSTW9NLDPXTQ2EQA2OX3HLESF,DEX5,M T W T _ S S,375 METRE,NA,,SATURDAY,SW1,0,425,ENABLED,0,0,DISABLED
1228844307,مكتبة ورقه وقلم,Store Inactive,smouha,Al Iskandarīyah,00000,"31.20822305,29.9522157",ZC5JGDFV2BWT4MRQDK3EG12LN9WTSORSDA2CDSROSTW9NLDPXTQ2EQA2OX3HLESF,DEX5,M T W T _ S S,375 METRE,NA,,SATURDAY,SW2,0,425,DISABLED,0,0,DISABLED
1228844307,مكتبة ورقه وقلم,Store Inactive,smouha,Al Iskandarīyah,00000,"31.20822305,29.9522157",ZC5JGDFV2BWT4MRQDK3EG12LN9WTSORSDA2CDSROSTW9NLDPXTQ2EQA2OX3HLESF,DEX5,M T W T _ S S,375 METRE,NA,,SUNDAY,SW1,0,425,ENABLED,0,0,DISABLED
1228844307,مكتبة ورقه وقلم,Store Inactive,smouha,Al Iskandarīyah,00000,"31.20822305,29.9522157",ZC5JGDFV2BWT4MRQDK3EG12LN9WTSORSDA2CDSROSTW9NLDPXTQ2EQA2OX3HLESF,DEX5,M T W T _ S S,375 METRE,NA,,SUNDAY,SW2,0,425,DISABLED,0,0,DISABLED
7384025292,فكهانى اانصر,Store Inactive,Alexandria,Al Iskandarīyah,00000,"31.227350010487022,29.951012915776882",TFVQC77GB4NYJHVGZW4UG12LN9WTSORSDA2CDSROSTW9NLDPXTQ2EIA2OXSTS24E,DEX5,M T W T _ S S,400 METRE,NA,,MONDAY,SW1,0,450,ENABLED,0,0,DISABLED
7384025292,فكهانى اانصر,Store Inactive,Alexandria,Al Iskandarīyah,00000,"31.227350010487022,29.951012915776882",TFVQC77GB4NYJHVGZW4UG12LN9WTSORSDA2CDSROSTW9NLDPXTQ2EIA2OXSTS24E,DEX5,M T W T _ S S,400 METRE,NA,,MONDAY,SW2,0,450,DISABLED,0,0,DISABLED
7384025292,فكهانى اانصر,Store Inactive,Alexandria,Al Iskandarīyah,00000,"31.227350010487022,29.951012915776882",TFVQC77GB4NYJHVGZW4UG12LN9WTSORSDA2CDSROSTW9NLDPXTQ2EIA2OXSTS24E,DEX5,M T W T _ S S,400 METRE,NA,,TUESDAY,SW1,0,450,ENABLED,0,0,DISABLED
7384025292,فكهانى اانصر,Store Inactive,Alexandria,Al Iskandarīyah,00000,"31.227350010487022,29.951012915776882",TFVQC77GB4NYJHVGZW4UG12LN9WTSORSDA2CDSROSTW9NLDPXTQ2EIA2OXSTS24E,DEX5,M T W T _ S S,400 METRE,NA,,TUESDAY,SW2,0,450,DISABLED,0,0,DISABLED
7384025292,فكهانى اانصر,Store Inactive,Alexandria,Al Iskandarīyah,00000,"31.227350010487022,29.951012915776882",TFVQC77GB4NYJHVGZW4UG12LN9WTSORSDA2CDSROSTW9NLDPXTQ2EIA2OXSTS24E,DEX5,M T W T _ S S,400 METRE,NA,,WEDNESDAY,SW1,0,450,ENABLED,0,0,DISABLED
7384025292,فكهانى اانصر,Store Inactive,Alexandria,Al Iskandarīyah,00000,"31.227350010487022,29.951012915776882",TFVQC77GB4NYJHVGZW4UG12LN9WTSORSDA2CDSROSTW9NLDPXTQ2EIA2OXSTS24E,DEX5,M T W T _ S S,400 METRE,NA,,WEDNESDAY,SW2,0,450,DISABLED,0,0,DISABLED
7384025292,فكهانى اانصر,Store Inactive,Alexandria,Al Iskandarīyah,00000,"31.227350010487022,29.951012915776882",TFVQC77GB4NYJHVGZW4UG12LN9WTSORSDA2CDSROSTW9NLDPXTQ2EIA2OXSTS24E,DEX5,M T W T _ S S,400 METRE,NA,,THURSDAY,SW1,0,450,ENABLED,0,0,DISABLED
7384025292,فكهانى اانصر,Store Inactive,Alexandria,Al Iskandarīyah,00000,"31.227350010487022,29.951012915776882",TFVQC77GB4NYJHVGZW4UG12LN9WTSORSDA2CDSROSTW9NLDPXTQ2EIA2OXSTS24E,DEX5,M T W T _ S S,400 METRE,NA,,THURSDAY,SW2,0,450,DISABLED,0,0,DISABLED
7384025292,فكهانى اانصر,Store Inactive,Alexandria,Al Iskandarīyah,00000,"31.227350010487022,29.951012915776882",TFVQC77GB4NYJHVGZW4UG12LN9WTSORSDA2CDSROSTW9NLDPXTQ2EIA2OXSTS24E,DEX5,M T W T _ S S,400 METRE,NA,,FRIDAY,SW1,0,450,ENABLED,0,0,DISABLED
7384025292,فكهانى اانصر,Store Inactive,Alexandria,Al Iskandarīyah,00000,"31.227350010487022,29.951012915776882",TFVQC77GB4NYJHVGZW4UG12LN9WTSORSDA2CDSROSTW9NLDPXTQ2EIA2OXSTS24E,DEX5,M T W T _ S S,400 METRE,NA,,FRIDAY,SW2,0,450,DISABLED,0,0,DISABLED
7384025292,فكهانى اانصر,Store Inactive,Alexandria,Al Iskandarīyah,00000,"31.227350010487022,29.951012915776882",TFVQC77GB4NYJHVGZW4UG12LN9WTSORSDA2CDSROSTW9NLDPXTQ2EIA2OXSTS24E,DEX5,M T W T _ S S,400 METRE,NA,,SATURDAY,SW1,0,450,ENABLED,0,0,DISABLED
7384025292,فكهانى اانصر,Store Inactive,Alexandria,Al Iskandarīyah,00000,"31.227350010487022,29.951012915776882",TFVQC77GB4NYJHVGZW4UG12LN9WTSORSDA2CDSROSTW9NLDPXTQ2EIA2OXSTS24E,DEX5,M T W T _ S S,400 METRE,NA,,SATURDAY,SW2,0,450,DISABLED,0,0,DISABLED
7384025292,فكهانى اانصر,Store Inactive,Alexandria,Al Iskandarīyah,00000,"31.227350010487022,29.951012915776882",TFVQC77GB4NYJHVGZW4UG12LN9WTSORSDA2CDSROSTW9NLDPXTQ2EIA2OXSTS24E,DEX5,M T W T _ S S,400 METRE,NA,,SUNDAY,SW1,0,450,ENABLED,0,0,DISABLED
7384025292,فكهانى اانصر,Store Inactive,Alexandria,Al Iskandarīyah,00000,"31.227350010487022,29.951012915776882",TFVQC77GB4NYJHVGZW4UG12LN9WTSORSDA2CDSROSTW9NLDPXTQ2EIA2OXSTS24E,DEX5,M T W T _ S S,400 METRE,NA,,SUNDAY,SW2,0,450,DISABLED,0,0,DISABLED
3182541476,Perfect,Store Active,Alexandria,Al Iskandarīyah,00000,"31.233114651025588,29.96251108465785",2CVOJOC3VZKKERKLMQV4G12LN9WTSORSDA2CDSROSTW9NLDPXTQ2EIA2OXKITGBV,DEX5,M T W T _ S S,500 METRE,19 May 2026 09:15:42 GMT,,MONDAY,SW1,25,550,ENABLED,0,0,DISABLED
3182541476,Perfect,Store Active,Alexandria,Al Iskandarīyah,00000,"31.233114651025588,29.96251108465785",2CVOJOC3VZKKERKLMQV4G12LN9WTSORSDA2CDSROSTW9NLDPXTQ2EIA2OXKITGBV,DEX5,M T W T _ S S,500 METRE,19 May 2026 09:15:42 GMT,,MONDAY,SW2,25,550,DISABLED,0,0,DISABLED
3182541476,Perfect,Store Active,Alexandria,Al Iskandarīyah,00000,"31.233114651025588,29.96251108465785",2CVOJOC3VZKKERKLMQV4G12LN9WTSORSDA2CDSROSTW9NLDPXTQ2EIA2OXKITGBV,DEX5,M T W T _ S S,500 METRE,19 May 2026 09:15:42 GMT,,TUESDAY,SW1,25,550,ENABLED,0,0,DISABLED
3182541476,Perfect,Store Active,Alexandria,Al Iskandarīyah,00000,"31.233114651025588,29.96251108465785",2CVOJOC3VZKKERKLMQV4G12LN9WTSORSDA2CDSROSTW9NLDPXTQ2EIA2OXKITGBV,DEX5,M T W T _ S S,500 METRE,19 May 2026 09:15:42 GMT,,TUESDAY,SW2,25,550,DISABLED,0,0,DISABLED
3182541476,Perfect,Store Active,Alexandria,Al Iskandarīyah,00000,"31.233114651025588,29.96251108465785",2CVOJOC3VZKKERKLMQV4G12LN9WTSORSDA2CDSROSTW9NLDPXTQ2EIA2OXKITGBV,DEX5,M T W T _ S S,500 METRE,19 May 2026 09:15:42 GMT,,WEDNESDAY,SW1,25,550,ENABLED,0,0,DISABLED
3182541476,Perfect,Store Active,Alexandria,Al Iskandarīyah,00000,"31.233114651025588,29.96251108465785",2CVOJOC3VZKKERKLMQV4G12LN9WTSORSDA2CDSROSTW9NLDPXTQ2EIA2OXKITGBV,DEX5,M T W T _ S S,500 METRE,19 May 2026 09:15:42 GMT,,WEDNESDAY,SW2,25,550,DISABLED,0,0,DISABLED
3182541476,Perfect,Store Active,Alexandria,Al Iskandarīyah,00000,"31.233114651025588,29.96251108465785",2CVOJOC3VZKKERKLMQV4G12LN9WTSORSDA2CDSROSTW9NLDPXTQ2EIA2OXKITGBV,DEX5,M T W T _ S S,500 METRE,19 May 2026 09:15:42 GMT,,THURSDAY,SW1,25,550,ENABLED,0,0,DISABLED
3182541476,Perfect,Store Active,Alexandria,Al Iskandarīyah,00000,"31.233114651025588,29.96251108465785",2CVOJOC3VZKKERKLMQV4G12LN9WTSORSDA2CDSROSTW9NLDPXTQ2EIA2OXKITGBV,DEX5,M T W T _ S S,500 METRE,19 May 2026 09:15:42 GMT,,THURSDAY,SW2,25,550,DISABLED,0,0,DISABLED
3182541476,Perfect,Store Active,Alexandria,Al Iskandarīyah,00000,"31.233114651025588,29.96251108465785",2CVOJOC3VZKKERKLMQV4G12LN9WTSORSDA2CDSROSTW9NLDPXTQ2EIA2OXKITGBV,DEX5,M T W T _ S S,500 METRE,19 May 2026 09:15:42 GMT,,FRIDAY,SW1,25,550,ENABLED,0,0,DISABLED
3182541476,Perfect,Store Active,Alexandria,Al Iskandarīyah,00000,"31.233114651025588,29.96251108465785",2CVOJOC3VZKKERKLMQV4G12LN9WTSORSDA2CDSROSTW9NLDPXTQ2EIA2OXKITGBV,DEX5,M T W T _ S S,500 METRE,19 May 2026 09:15:42 GMT,,FRIDAY,SW2,25,550,DISABLED,0,0,DISABLED
3182541476,Perfect,Store Active,Alexandria,Al Iskandarīyah,00000,"31.233114651025588,29.96251108465785",2CVOJOC3VZKKERKLMQV4G12LN9WTSORSDA2CDSROSTW9NLDPXTQ2EIA2OXKITGBV,DEX5,M T W T _ S S,500 METRE,19 May 2026 09:15:42 GMT,,SATURDAY,SW1,25,550,ENABLED,0,0,DISABLED
3182541476,Perfect,Store Active,Alexandria,Al Iskandarīyah,00000,"31.233114651025588,29.96251108465785",2CVOJOC3VZKKERKLMQV4G12LN9WTSORSDA2CDSROSTW9NLDPXTQ2EIA2OXKITGBV,DEX5,M T W T _ S S,500 METRE,19 May 2026 09:15:42 GMT,,SATURDAY,SW2,25,550,DISABLED,0,0,DISABLED
3182541476,Perfect,Store Active,Alexandria,Al Iskandarīyah,00000,"31.233114651025588,29.96251108465785",2CVOJOC3VZKKERKLMQV4G12LN9WTSORSDA2CDSROSTW9NLDPXTQ2EIA2OXKITGBV,DEX5,M T W T _ S S,500 METRE,19 May 2026 09:15:42 GMT,,SUNDAY,SW1,25,550,ENABLED,0,0,DISABLED
3182541476,Perfect,Store Active,Alexandria,Al Iskandarīyah,00000,"31.233114651025588,29.96251108465785",2CVOJOC3VZKKERKLMQV4G12LN9WTSORSDA2CDSROSTW9NLDPXTQ2EIA2OXKITGBV,DEX5,M T W T _ S S,500 METRE,19 May 2026 09:15:42 GMT,,SUNDAY,SW2,25,550,DISABLED,0,0,DISABLED
9884842152,bazar fuad,Store Active,alexandria,Al Iskandarīyah,00000,"31.242583846636432,29.975892996268904",CFEK27QHLRMPZLU3OOAEG12LN9WTSORSDA2CDSROSTW9NLDPXTQ2EIA2OXASAVS2,DEX5,M T W T _ S S,375 METRE,2 Aug 2026 21:28:21 GMT,,MONDAY,SW1,30,425,ENABLED,0,0,DISABLED
9884842152,bazar fuad,Store Active,alexandria,Al Iskandarīyah,00000,"31.242583846636432,29.975892996268904",CFEK27QHLRMPZLU3OOAEG12LN9WTSORSDA2CDSROSTW9NLDPXTQ2EIA2OXASAVS2,DEX5,M T W T _ S S,375 METRE,2 Aug 2026 21:28:21 GMT,,MONDAY,SW2,1,425,DISABLED,0,0,DISABLED
9884842152,bazar fuad,Store Active,alexandria,Al Iskandarīyah,00000,"31.242583846636432,29.975892996268904",CFEK27QHLRMPZLU3OOAEG12LN9WTSORSDA2CDSROSTW9NLDPXTQ2EIA2OXASAVS2,DEX5,M T W T _ S S,375 METRE,2 Aug 2026 21:28:21 GMT,,TUESDAY,SW1,30,425,ENABLED,0,0,DISABLED
9884842152,bazar fuad,Store Active,alexandria,Al Iskandarīyah,00000,"31.242583846636432,29.975892996268904",CFEK27QHLRMPZLU3OOAEG12LN9WTSORSDA2CDSROSTW9NLDPXTQ2EIA2OXASAVS2,DEX5,M T W T _ S S,375 METRE,2 Aug 2026 21:28:21 GMT,,TUESDAY,SW2,1,425,DISABLED,0,0,DISABLED
9884842152,bazar fuad,Store Active,alexandria,Al Iskandarīyah,00000,"31.242583846636432,29.975892996268904",CFEK27QHLRMPZLU3OOAEG12LN9WTSORSDA2CDSROSTW9NLDPXTQ2EIA2OXASAVS2,DEX5,M T W T _ S S,375 METRE,2 Aug 2026 21:28:21 GMT,,WEDNESDAY,SW1,30,425,ENABLED,0,0,DISABLED
9884842152,bazar fuad,Store Active,alexandria,Al Iskandarīyah,00000,"31.242583846636432,29.975892996268904",CFEK27QHLRMPZLU3OOAEG12LN9WTSORSDA2CDSROSTW9NLDPXTQ2EIA2OXASAVS2,DEX5,M T W T _ S S,375 METRE,2 Aug 2026 21:28:21 GMT,,WEDNESDAY,SW2,1,425,DISABLED,0,0,DISABLED
9884842152,bazar fuad,Store Active,alexandria,Al Iskandarīyah,00000,"31.242583846636432,29.975892996268904",CFEK27QHLRMPZLU3OOAEG12LN9WTSORSDA2CDSROSTW9NLDPXTQ2EIA2OXASAVS2,DEX5,M T W T _ S S,375 METRE,2 Aug 2026 21:28:21 GMT,,THURSDAY,SW1,30,425,ENABLED,0,0,DISABLED
9884842152,bazar fuad,Store Active,alexandria,Al Iskandarīyah,00000,"31.242583846636432,29.975892996268904",CFEK27QHLRMPZLU3OOAEG12LN9WTSORSDA2CDSROSTW9NLDPXTQ2EIA2OXASAVS2,DEX5,M T W T _ S S,375 METRE,2 Aug 2026 21:28:21 GMT,,THURSDAY,SW2,1,425,DISABLED,0,0,DISABLED
9884842152,bazar fuad,Store Active,alexandria,Al Iskandarīyah,00000,"31.242583846636432,29.975892996268904",CFEK27QHLRMPZLU3OOAEG12LN9WTSORSDA2CDSROSTW9NLDPXTQ2EIA2OXASAVS2,DEX5,M T W T _ S S,375 METRE,2 Aug 2026 21:28:21 GMT,,FRIDAY,SW1,30,425,ENABLED,0,0,DISABLED
9884842152,bazar fuad,Store Active,alexandria,Al Iskandarīyah,00000,"31.242583846636432,29.975892996268904",CFEK27QHLRMPZLU3OOAEG12LN9WTSORSDA2CDSROSTW9NLDPXTQ2EIA2OXASAVS2,DEX5,M T W T _ S S,375 METRE,2 Aug 2026 21:28:21 GMT,,FRIDAY,SW2,1,425,DISABLED,0,0,DISABLED
9884842152,bazar fuad,Store Active,alexandria,Al Iskandarīyah,00000,"31.242583846636432,29.975892996268904",CFEK27QHLRMPZLU3OOAEG12LN9WTSORSDA2CDSROSTW9NLDPXTQ2EIA2OXASAVS2,DEX5,M T W T _ S S,375 METRE,2 Aug 2026 21:28:21 GMT,,SATURDAY,SW1,30,425,ENABLED,0,0,DISABLED
9884842152,bazar fuad,Store Active,alexandria,Al Iskandarīyah,00000,"31.242583846636432,29.975892996268904",CFEK27QHLRMPZLU3OOAEG12LN9WTSORSDA2CDSROSTW9NLDPXTQ2EIA2OXASAVS2,DEX5,M T W T _ S S,375 METRE,2 Aug 2026 21:28:21 GMT,,SATURDAY,SW2,1,425,DISABLED,0,0,DISABLED
9884842152,bazar fuad,Store Active,alexandria,Al Iskandarīyah,00000,"31.242583846636432,29.975892996268904",CFEK27QHLRMPZLU3OOAEG12LN9WTSORSDA2CDSROSTW9NLDPXTQ2EIA2OXASAVS2,DEX5,M T W T _ S S,375 METRE,2 Aug 2026 21:28:21 GMT,,SUNDAY,SW1,30,425,ENABLED,0,0,DISABLED
9884842152,bazar fuad,Store Active,alexandria,Al Iskandarīyah,00000,"31.242583846636432,29.975892996268904",CFEK27QHLRMPZLU3OOAEG12LN9WTSORSDA2CDSROSTW9NLDPXTQ2EIA2OXASAVS2,DEX5,M T W T _ S S,375 METRE,2 Aug 2026 21:28:21 GMT,,SUNDAY,SW2,1,425,DISABLED,0,0,DISABLED
9133473426,Misho,Store Active,Alexandria,Al Iskandarīyah,00000,"31.229778,29.960451",TTYNZ2AKZPK5DR4ZEWFQG12LN9WTSORSDA2CDSROSTW9NLDPXTQ2EIA2OXLTTW2E,DEX5,M T W T _ S S,400 METRE,25 Apr 2026 11:06:14 GMT,,MONDAY,SW1,50,450,ENABLED,0,0,DISABLED
9133473426,Misho,Store Active,Alexandria,Al Iskandarīyah,00000,"31.229778,29.960451",TTYNZ2AKZPK5DR4ZEWFQG12LN9WTSORSDA2CDSROSTW9NLDPXTQ2EIA2OXLTTW2E,DEX5,M T W T _ S S,400 METRE,25 Apr 2026 11:06:14 GMT,,MONDAY,SW2,50,450,DISABLED,0,0,DISABLED
9133473426,Misho,Store Active,Alexandria,Al Iskandarīyah,00000,"31.229778,29.960451",TTYNZ2AKZPK5DR4ZEWFQG12LN9WTSORSDA2CDSROSTW9NLDPXTQ2EIA2OXLTTW2E,DEX5,M T W T _ S S,400 METRE,25 Apr 2026 11:06:14 GMT,,TUESDAY,SW1,50,450,ENABLED,0,0,DISABLED
9133473426,Misho,Store Active,Alexandria,Al Iskandarīyah,00000,"31.229778,29.960451",TTYNZ2AKZPK5DR4ZEWFQG12LN9WTSORSDA2CDSROSTW9NLDPXTQ2EIA2OXLTTW2E,DEX5,M T W T _ S S,400 METRE,25 Apr 2026 11:06:14 GMT,,TUESDAY,SW2,50,450,DISABLED,0,0,DISABLED
9133473426,Misho,Store Active,Alexandria,Al Iskandarīyah,00000,"31.229778,29.960451",TTYNZ2AKZPK5DR4ZEWFQG12LN9WTSORSDA2CDSROSTW9NLDPXTQ2EIA2OXLTTW2E,DEX5,M T W T _ S S,400 METRE,25 Apr 2026 11:06:14 GMT,,WEDNESDAY,SW1,50,450,ENABLED,0,0,DISABLED
9133473426,Misho,Store Active,Alexandria,Al Iskandarīyah,00000,"31.229778,29.960451",TTYNZ2AKZPK5DR4ZEWFQG12LN9WTSORSDA2CDSROSTW9NLDPXTQ2EIA2OXLTTW2E,DEX5,M T W T _ S S,400 METRE,25 Apr 2026 11:06:14 GMT,,WEDNESDAY,SW2,50,450,DISABLED,0,0,DISABLED
9133473426,Misho,Store Active,Alexandria,Al Iskandarīyah,00000,"31.229778,29.960451",TTYNZ2AKZPK5DR4ZEWFQG12LN9WTSORSDA2CDSROSTW9NLDPXTQ2EIA2OXLTTW2E,DEX5,M T W T _ S S,400 METRE,25 Apr 2026 11:06:14 GMT,,THURSDAY,SW1,50,450,ENABLED,0,0,DISABLED
9133473426,Misho,Store Active,Alexandria,Al Iskandarīyah,00000,"31.229778,29.960451",TTYNZ2AKZPK5DR4ZEWFQG12LN9WTSORSDA2CDSROSTW9NLDPXTQ2EIA2OXLTTW2E,DEX5,M T W T _ S S,400 METRE,25 Apr 2026 11:06:14 GMT,,THURSDAY,SW2,50,450,DISABLED,0,0,DISABLED
9133473426,Misho,Store Active,Alexandria,Al Iskandarīyah,00000,"31.229778,29.960451",TTYNZ2AKZPK5DR4ZEWFQG12LN9WTSORSDA2CDSROSTW9NLDPXTQ2EIA2OXLTTW2E,DEX5,M T W T _ S S,400 METRE,25 Apr 2026 11:06:14 GMT,,FRIDAY,SW1,50,450,ENABLED,0,0,DISABLED
9133473426,Misho,Store Active,Alexandria,Al Iskandarīyah,00000,"31.229778,29.960451",TTYNZ2AKZPK5DR4ZEWFQG12LN9WTSORSDA2CDSROSTW9NLDPXTQ2EIA2OXLTTW2E,DEX5,M T W T _ S S,400 METRE,25 Apr 2026 11:06:14 GMT,,FRIDAY,SW2,50,450,DISABLED,0,0,DISABLED
9133473426,Misho,Store Active,Alexandria,Al Iskandarīyah,00000,"31.229778,29.960451",TTYNZ2AKZPK5DR4ZEWFQG12LN9WTSORSDA2CDSROSTW9NLDPXTQ2EIA2OXLTTW2E,DEX5,M T W T _ S S,400 METRE,25 Apr 2026 11:06:14 GMT,,SATURDAY,SW1,50,450,ENABLED,0,0,DISABLED
9133473426,Misho,Store Active,Alexandria,Al Iskandarīyah,00000,"31.229778,29.960451",TTYNZ2AKZPK5DR4ZEWFQG12LN9WTSORSDA2CDSROSTW9NLDPXTQ2EIA2OXLTTW2E,DEX5,M T W T _ S S,400 METRE,25 Apr 2026 11:06:14 GMT,,SATURDAY,SW2,50,450,DISABLED,0,0,DISABLED
9133473426,Misho,Store Active,Alexandria,Al Iskandarīyah,00000,"31.229778,29.960451",TTYNZ2AKZPK5DR4ZEWFQG12LN9WTSORSDA2CDSROSTW9NLDPXTQ2EIA2OXLTTW2E,DEX5,M T W T _ S S,400 METRE,25 Apr 2026 11:06:14 GMT,,SUNDAY,SW1,50,450,ENABLED,0,0,DISABLED
9133473426,Misho,Store Active,Alexandria,Al Iskandarīyah,00000,"31.229778,29.960451",TTYNZ2AKZPK5DR4ZEWFQG12LN9WTSORSDA2CDSROSTW9NLDPXTQ2EIA2OXLTTW2E,DEX5,M T W T _ S S,400 METRE,25 Apr 2026 11:06:14 GMT,,SUNDAY,SW2,50,450,DISABLED,0,0,DISABLED
5608949960,بلايستيشن فوكس,Store Active,الإسكندرية,Al Iskandarīyah,00000,"31.23657244333057,29.958658196272246",ZSNXJTA5FPTBEPXMAZRQG12LN9WTSORSDA2CDSROSTW9NLDPXTQ2EIA2OX6IGRQP,DEX5,M T W T F S S,375 METRE,12 Aug 2024 07:59:47 GMT,,MONDAY,SW1,50,425,ENABLED,0,0,DISABLED
5608949960,بلايستيشن فوكس,Store Active,الإسكندرية,Al Iskandarīyah,00000,"31.23657244333057,29.958658196272246",ZSNXJTA5FPTBEPXMAZRQG12LN9WTSORSDA2CDSROSTW9NLDPXTQ2EIA2OX6IGRQP,DEX5,M T W T F S S,375 METRE,12 Aug 2024 07:59:47 GMT,,MONDAY,SW2,50,425,DISABLED,0,0,DISABLED
5608949960,بلايستيشن فوكس,Store Active,الإسكندرية,Al Iskandarīyah,00000,"31.23657244333057,29.958658196272246",ZSNXJTA5FPTBEPXMAZRQG12LN9WTSORSDA2CDSROSTW9NLDPXTQ2EIA2OX6IGRQP,DEX5,M T W T F S S,375 METRE,12 Aug 2024 07:59:47 GMT,,TUESDAY,SW1,50,425,ENABLED,0,0,DISABLED
5608949960,بلايستيشن فوكس,Store Active,الإسكندرية,Al Iskandarīyah,00000,"31.23657244333057,29.958658196272246",ZSNXJTA5FPTBEPXMAZRQG12LN9WTSORSDA2CDSROSTW9NLDPXTQ2EIA2OX6IGRQP,DEX5,M T W T F S S,375 METRE,12 Aug 2024 07:59:47 GMT,,TUESDAY,SW2,50,425,DISABLED,0,0,DISABLED
5608949960,بلايستيشن فوكس,Store Active,الإسكندرية,Al Iskandarīyah,00000,"31.23657244333057,29.958658196272246",ZSNXJTA5FPTBEPXMAZRQG12LN9WTSORSDA2CDSROSTW9NLDPXTQ2EIA2OX6IGRQP,DEX5,M T W T F S S,375 METRE,12 Aug 2024 07:59:47 GMT,,WEDNESDAY,SW1,50,425,ENABLED,0,0,DISABLED
5608949960,بلايستيشن فوكس,Store Active,الإسكندرية,Al Iskandarīyah,00000,"31.23657244333057,29.958658196272246",ZSNXJTA5FPTBEPXMAZRQG12LN9WTSORSDA2CDSROSTW9NLDPXTQ2EIA2OX6IGRQP,DEX5,M T W T F S S,375 METRE,12 Aug 2024 07:59:47 GMT,,WEDNESDAY,SW2,50,425,DISABLED,0,0,DISABLED
5608949960,بلايستيشن فوكس,Store Active,الإسكندرية,Al Iskandarīyah,00000,"31.23657244333057,29.958658196272246",ZSNXJTA5FPTBEPXMAZRQG12LN9WTSORSDA2CDSROSTW9NLDPXTQ2EIA2OX6IGRQP,DEX5,M T W T F S S,375 METRE,12 Aug 2024 07:59:47 GMT,,THURSDAY,SW1,50,425,ENABLED,0,0,DISABLED
5608949960,بلايستيشن فوكس,Store Active,الإسكندرية,Al Iskandarīyah,00000,"31.23657244333057,29.958658196272246",ZSNXJTA5FPTBEPXMAZRQG12LN9WTSORSDA2CDSROSTW9NLDPXTQ2EIA2OX6IGRQP,DEX5,M T W T F S S,375 METRE,12 Aug 2024 07:59:47 GMT,,THURSDAY,SW2,50,425,DISABLED,0,0,DISABLED
5608949960,بلايستيشن فوكس,Store Active,الإسكندرية,Al Iskandarīyah,00000,"31.23657244333057,29.958658196272246",ZSNXJTA5FPTBEPXMAZRQG12LN9WTSORSDA2CDSROSTW9NLDPXTQ2EIA2OX6IGRQP,DEX5,M T W T F S S,375 METRE,12 Aug 2024 07:59:47 GMT,,FRIDAY,SW1,50,425,ENABLED,0,0,DISABLED
5608949960,بلايستيشن فوكس,Store Active,الإسكندرية,Al Iskandarīyah,00000,"31.23657244333057,29.958658196272246",ZSNXJTA5FPTBEPXMAZRQG12LN9WTSORSDA2CDSROSTW9NLDPXTQ2EIA2OX6IGRQP,DEX5,M T W T F S S,375 METRE,12 Aug 2024 07:59:47 GMT,,FRIDAY,SW2,50,425,DISABLED,0,0,DISABLED
5608949960,بلايستيشن فوكس,Store Active,الإسكندرية,Al Iskandarīyah,00000,"31.23657244333057,29.958658196272246",ZSNXJTA5FPTBEPXMAZRQG12LN9WTSORSDA2CDSROSTW9NLDPXTQ2EIA2OX6IGRQP,DEX5,M T W T F S S,375 METRE,12 Aug 2024 07:59:47 GMT,,SATURDAY,SW1,50,425,ENABLED,0,0,DISABLED
5608949960,بلايستيشن فوكس,Store Active,الإسكندرية,Al Iskandarīyah,00000,"31.23657244333057,29.958658196272246",ZSNXJTA5FPTBEPXMAZRQG12LN9WTSORSDA2CDSROSTW9NLDPXTQ2EIA2OX6IGRQP,DEX5,M T W T F S S,375 METRE,12 Aug 2024 07:59:47 GMT,,SATURDAY,SW2,50,425,DISABLED,0,0,DISABLED
5608949960,بلايستيشن فوكس,Store Active,الإسكندرية,Al Iskandarīyah,00000,"31.23657244333057,29.958658196272246",ZSNXJTA5FPTBEPXMAZRQG12LN9WTSORSDA2CDSROSTW9NLDPXTQ2EIA2OX6IGRQP,DEX5,M T W T F S S,375 METRE,12 Aug 2024 07:59:47 GMT,,SUNDAY,SW1,50,425,ENABLED,0,0,DISABLED
5608949960,بلايستيشن فوكس,Store Active,الإسكندرية,Al Iskandarīyah,00000,"31.23657244333057,29.958658196272246",ZSNXJTA5FPTBEPXMAZRQG12LN9WTSORSDA2CDSROSTW9NLDPXTQ2EIA2OX6IGRQP,DEX5,M T W T F S S,375 METRE,12 Aug 2024 07:59:47 GMT,,SUNDAY,SW2,50,425,DISABLED,0,0,DISABLED
4712586433,الدخاخني,Store Active,الاسكندريه,Al Iskandarīyah,00000,"31.23909525,29.95632496",NGEXLJYD6PRSIYHHUU4AG12LN9WTSORSDA2CDSROSTW9NLDPXTQ2EIA2OX43FPFK,DEX5,_ T W T F S S,375 METRE,29 May 2024 14:21:01 GMT,,MONDAY,SW1,50,425,ENABLED,0,0,DISABLED
4712586433,الدخاخني,Store Active,الاسكندريه,Al Iskandarīyah,00000,"31.23909525,29.95632496",NGEXLJYD6PRSIYHHUU4AG12LN9WTSORSDA2CDSROSTW9NLDPXTQ2EIA2OX43FPFK,DEX5,_ T W T F S S,375 METRE,29 May 2024 14:21:01 GMT,,MONDAY,SW2,50,425,DISABLED,0,0,DISABLED
4712586433,الدخاخني,Store Active,الاسكندريه,Al Iskandarīyah,00000,"31.23909525,29.95632496",NGEXLJYD6PRSIYHHUU4AG12LN9WTSORSDA2CDSROSTW9NLDPXTQ2EIA2OX43FPFK,DEX5,_ T W T F S S,375 METRE,29 May 2024 14:21:01 GMT,,TUESDAY,SW1,50,425,ENABLED,0,0,DISABLED
4712586433,الدخاخني,Store Active,الاسكندريه,Al Iskandarīyah,00000,"31.23909525,29.95632496",NGEXLJYD6PRSIYHHUU4AG12LN9WTSORSDA2CDSROSTW9NLDPXTQ2EIA2OX43FPFK,DEX5,_ T W T F S S,375 METRE,29 May 2024 14:21:01 GMT,,TUESDAY,SW2,50,425,DISABLED,0,0,DISABLED
4712586433,الدخاخني,Store Active,الاسكندريه,Al Iskandarīyah,00000,"31.23909525,29.95632496",NGEXLJYD6PRSIYHHUU4AG12LN9WTSORSDA2CDSROSTW9NLDPXTQ2EIA2OX43FPFK,DEX5,_ T W T F S S,375 METRE,29 May 2024 14:21:01 GMT,,WEDNESDAY,SW1,50,425,ENABLED,0,0,DISABLED
4712586433,الدخاخني,Store Active,الاسكندريه,Al Iskandarīyah,00000,"31.23909525,29.95632496",NGEXLJYD6PRSIYHHUU4AG12LN9WTSORSDA2CDSROSTW9NLDPXTQ2EIA2OX43FPFK,DEX5,_ T W T F S S,375 METRE,29 May 2024 14:21:01 GMT,,WEDNESDAY,SW2,50,425,DISABLED,0,0,DISABLED
4712586433,الدخاخني,Store Active,الاسكندريه,Al Iskandarīyah,00000,"31.23909525,29.95632496",NGEXLJYD6PRSIYHHUU4AG12LN9WTSORSDA2CDSROSTW9NLDPXTQ2EIA2OX43FPFK,DEX5,_ T W T F S S,375 METRE,29 May 2024 14:21:01 GMT,,THURSDAY,SW1,50,425,ENABLED,0,0,DISABLED
4712586433,الدخاخني,Store Active,الاسكندريه,Al Iskandarīyah,00000,"31.23909525,29.95632496",NGEXLJYD6PRSIYHHUU4AG12LN9WTSORSDA2CDSROSTW9NLDPXTQ2EIA2OX43FPFK,DEX5,_ T W T F S S,375 METRE,29 May 2024 14:21:01 GMT,,THURSDAY,SW2,50,425,DISABLED,0,0,DISABLED
4712586433,الدخاخني,Store Active,الاسكندريه,Al Iskandarīyah,00000,"31.23909525,29.95632496",NGEXLJYD6PRSIYHHUU4AG12LN9WTSORSDA2CDSROSTW9NLDPXTQ2EIA2OX43FPFK,DEX5,_ T W T F S S,375 METRE,29 May 2024 14:21:01 GMT,,FRIDAY,SW1,50,425,ENABLED,0,0,DISABLED
4712586433,الدخاخني,Store Active,الاسكندريه,Al Iskandarīyah,00000,"31.23909525,29.95632496",NGEXLJYD6PRSIYHHUU4AG12LN9WTSORSDA2CDSROSTW9NLDPXTQ2EIA2OX43FPFK,DEX5,_ T W T F S S,375 METRE,29 May 2024 14:21:01 GMT,,FRIDAY,SW2,50,425,DISABLED,0,0,DISABLED
4712586433,الدخاخني,Store Active,الاسكندريه,Al Iskandarīyah,00000,"31.23909525,29.95632496",NGEXLJYD6PRSIYHHUU4AG12LN9WTSORSDA2CDSROSTW9NLDPXTQ2EIA2OX43FPFK,DEX5,_ T W T F S S,375 METRE,29 May 2024 14:21:01 GMT,,SATURDAY,SW1,50,425,ENABLED,0,0,DISABLED
4712586433,الدخاخني,Store Active,الاسكندريه,Al Iskandarīyah,00000,"31.23909525,29.95632496",NGEXLJYD6PRSIYHHUU4AG12LN9WTSORSDA2CDSROSTW9NLDPXTQ2EIA2OX43FPFK,DEX5,_ T W T F S S,375 METRE,29 May 2024 14:21:01 GMT,,SATURDAY,SW2,50,425,DISABLED,0,0,DISABLED
4712586433,الدخاخني,Store Active,الاسكندريه,Al Iskandarīyah,00000,"31.23909525,29.95632496",NGEXLJYD6PRSIYHHUU4AG12LN9WTSORSDA2CDSROSTW9NLDPXTQ2EIA2OX43FPFK,DEX5,_ T W T F S S,375 METRE,29 May 2024 14:21:01 GMT,,SUNDAY,SW1,50,425,ENABLED,0,0,DISABLED
4712586433,الدخاخني,Store Active,الاسكندريه,Al Iskandarīyah,00000,"31.23909525,29.95632496",NGEXLJYD6PRSIYHHUU4AG12LN9WTSORSDA2CDSROSTW9NLDPXTQ2EIA2OX43FPFK,DEX5,_ T W T F S S,375 METRE,29 May 2024 14:21:01 GMT,,SUNDAY,SW2,50,425,DISABLED,0,0,DISABLED
3990842874,bazar aleumda,Store Active,Alexandria,Al Iskandarīyah,00000,"31.190352758620723,29.93291956738177",OBSWAGJ7MXNTDHZHUL3AG12LN9WTSORSDA2CDSROSTW9NLDPXTQ2EIA2OX4TEVUI,DEX5,M T W T _ S S,500 METRE,11 May 2026 13:24:21 GMT,,MONDAY,SW1,0,550,ENABLED,0,0,DISABLED
3990842874,bazar aleumda,Store Active,Alexandria,Al Iskandarīyah,00000,"31.190352758620723,29.93291956738177",OBSWAGJ7MXNTDHZHUL3AG12LN9WTSORSDA2CDSROSTW9NLDPXTQ2EIA2OX4TEVUI,DEX5,M T W T _ S S,500 METRE,11 May 2026 13:24:21 GMT,,MONDAY,SW2,0,550,DISABLED,0,0,DISABLED
3990842874,bazar aleumda,Store Active,Alexandria,Al Iskandarīyah,00000,"31.190352758620723,29.93291956738177",OBSWAGJ7MXNTDHZHUL3AG12LN9WTSORSDA2CDSROSTW9NLDPXTQ2EIA2OX4TEVUI,DEX5,M T W T _ S S,500 METRE,11 May 2026 13:24:21 GMT,,TUESDAY,SW1,0,550,ENABLED,0,0,DISABLED
3990842874,bazar aleumda,Store Active,Alexandria,Al Iskandarīyah,00000,"31.190352758620723,29.93291956738177",OBSWAGJ7MXNTDHZHUL3AG12LN9WTSORSDA2CDSROSTW9NLDPXTQ2EIA2OX4TEVUI,DEX5,M T W T _ S S,500 METRE,11 May 2026 13:24:21 GMT,,TUESDAY,SW2,0,550,DISABLED,0,0,DISABLED
3990842874,bazar aleumda,Store Active,Alexandria,Al Iskandarīyah,00000,"31.190352758620723,29.93291956738177",OBSWAGJ7MXNTDHZHUL3AG12LN9WTSORSDA2CDSROSTW9NLDPXTQ2EIA2OX4TEVUI,DEX5,M T W T _ S S,500 METRE,11 May 2026 13:24:21 GMT,,WEDNESDAY,SW1,0,550,ENABLED,0,0,DISABLED
3990842874,bazar aleumda,Store Active,Alexandria,Al Iskandarīyah,00000,"31.190352758620723,29.93291956738177",OBSWAGJ7MXNTDHZHUL3AG12LN9WTSORSDA2CDSROSTW9NLDPXTQ2EIA2OX4TEVUI,DEX5,M T W T _ S S,500 METRE,11 May 2026 13:24:21 GMT,,WEDNESDAY,SW2,0,550,DISABLED,0,0,DISABLED
3990842874,bazar aleumda,Store Active,Alexandria,Al Iskandarīyah,00000,"31.190352758620723,29.93291956738177",OBSWAGJ7MXNTDHZHUL3AG12LN9WTSORSDA2CDSROSTW9NLDPXTQ2EIA2OX4TEVUI,DEX5,M T W T _ S S,500 METRE,11 May 2026 13:24:21 GMT,,THURSDAY,SW1,0,550,ENABLED,0,0,DISABLED
3990842874,bazar aleumda,Store Active,Alexandria,Al Iskandarīyah,00000,"31.190352758620723,29.93291956738177",OBSWAGJ7MXNTDHZHUL3AG12LN9WTSORSDA2CDSROSTW9NLDPXTQ2EIA2OX4TEVUI,DEX5,M T W T _ S S,500 METRE,11 May 2026 13:24:21 GMT,,THURSDAY,SW2,0,550,DISABLED,0,0,DISABLED
3990842874,bazar aleumda,Store Active,Alexandria,Al Iskandarīyah,00000,"31.190352758620723,29.93291956738177",OBSWAGJ7MXNTDHZHUL3AG12LN9WTSORSDA2CDSROSTW9NLDPXTQ2EIA2OX4TEVUI,DEX5,M T W T _ S S,500 METRE,11 May 2026 13:24:21 GMT,,FRIDAY,SW1,0,550,ENABLED,0,0,DISABLED
3990842874,bazar aleumda,Store Active,Alexandria,Al Iskandarīyah,00000,"31.190352758620723,29.93291956738177",OBSWAGJ7MXNTDHZHUL3AG12LN9WTSORSDA2CDSROSTW9NLDPXTQ2EIA2OX4TEVUI,DEX5,M T W T _ S S,500 METRE,11 May 2026 13:24:21 GMT,,FRIDAY,SW2,0,550,DISABLED,0,0,DISABLED
3990842874,bazar aleumda,Store Active,Alexandria,Al Iskandarīyah,00000,"31.190352758620723,29.93291956738177",OBSWAGJ7MXNTDHZHUL3AG12LN9WTSORSDA2CDSROSTW9NLDPXTQ2EIA2OX4TEVUI,DEX5,M T W T _ S S,500 METRE,11 May 2026 13:24:21 GMT,,SATURDAY,SW1,0,550,ENABLED,0,0,DISABLED
3990842874,bazar aleumda,Store Active,Alexandria,Al Iskandarīyah,00000,"31.190352758620723,29.93291956738177",OBSWAGJ7MXNTDHZHUL3AG12LN9WTSORSDA2CDSROSTW9NLDPXTQ2EIA2OX4TEVUI,DEX5,M T W T _ S S,500 METRE,11 May 2026 13:24:21 GMT,,SATURDAY,SW2,0,550,DISABLED,0,0,DISABLED
3990842874,bazar aleumda,Store Active,Alexandria,Al Iskandarīyah,00000,"31.190352758620723,29.93291956738177",OBSWAGJ7MXNTDHZHUL3AG12LN9WTSORSDA2CDSROSTW9NLDPXTQ2EIA2OX4TEVUI,DEX5,M T W T _ S S,500 METRE,11 May 2026 13:24:21 GMT,,SUNDAY,SW1,0,550,ENABLED,0,0,DISABLED
3990842874,bazar aleumda,Store Active,Alexandria,Al Iskandarīyah,00000,"31.190352758620723,29.93291956738177",OBSWAGJ7MXNTDHZHUL3AG12LN9WTSORSDA2CDSROSTW9NLDPXTQ2EIA2OX4TEVUI,DEX5,M T W T _ S S,500 METRE,11 May 2026 13:24:21 GMT,,SUNDAY,SW2,0,550,DISABLED,0,0,DISABLED
7484062773,Engiz Services ,Store Active,Alxnadre,Al Iskandarīyah,00000,"31.240423323886272,29.97308214030184",BJU3RVJS2YOIPGPKAAVAG12LN9WTSORSDA2CDSROSTW9NLDPXTQ2EIA2OXPOD5EF,DEX5,M T W T _ S S,375 METRE,25 Jun 2025 15:10:52 GMT,,MONDAY,SW1,50,425,ENABLED,0,0,DISABLED
7484062773,Engiz Services ,Store Active,Alxnadre,Al Iskandarīyah,00000,"31.240423323886272,29.97308214030184",BJU3RVJS2YOIPGPKAAVAG12LN9WTSORSDA2CDSROSTW9NLDPXTQ2EIA2OXPOD5EF,DEX5,M T W T _ S S,375 METRE,25 Jun 2025 15:10:52 GMT,,MONDAY,SW2,50,425,DISABLED,0,0,DISABLED
7484062773,Engiz Services ,Store Active,Alxnadre,Al Iskandarīyah,00000,"31.240423323886272,29.97308214030184",BJU3RVJS2YOIPGPKAAVAG12LN9WTSORSDA2CDSROSTW9NLDPXTQ2EIA2OXPOD5EF,DEX5,M T W T _ S S,375 METRE,25 Jun 2025 15:10:52 GMT,,TUESDAY,SW1,50,425,ENABLED,0,0,DISABLED
7484062773,Engiz Services ,Store Active,Alxnadre,Al Iskandarīyah,00000,"31.240423323886272,29.97308214030184",BJU3RVJS2YOIPGPKAAVAG12LN9WTSORSDA2CDSROSTW9NLDPXTQ2EIA2OXPOD5EF,DEX5,M T W T _ S S,375 METRE,25 Jun 2025 15:10:52 GMT,,TUESDAY,SW2,50,425,DISABLED,0,0,DISABLED
7484062773,Engiz Services ,Store Active,Alxnadre,Al Iskandarīyah,00000,"31.240423323886272,29.97308214030184",BJU3RVJS2YOIPGPKAAVAG12LN9WTSORSDA2CDSROSTW9NLDPXTQ2EIA2OXPOD5EF,DEX5,M T W T _ S S,375 METRE,25 Jun 2025 15:10:52 GMT,,WEDNESDAY,SW1,50,425,ENABLED,0,0,DISABLED
7484062773,Engiz Services ,Store Active,Alxnadre,Al Iskandarīyah,00000,"31.240423323886272,29.97308214030184",BJU3RVJS2YOIPGPKAAVAG12LN9WTSORSDA2CDSROSTW9NLDPXTQ2EIA2OXPOD5EF,DEX5,M T W T _ S S,375 METRE,25 Jun 2025 15:10:52 GMT,,WEDNESDAY,SW2,50,425,DISABLED,0,0,DISABLED
7484062773,Engiz Services ,Store Active,Alxnadre,Al Iskandarīyah,00000,"31.240423323886272,29.97308214030184",BJU3RVJS2YOIPGPKAAVAG12LN9WTSORSDA2CDSROSTW9NLDPXTQ2EIA2OXPOD5EF,DEX5,M T W T _ S S,375 METRE,25 Jun 2025 15:10:52 GMT,,THURSDAY,SW1,50,425,ENABLED,0,0,DISABLED
7484062773,Engiz Services ,Store Active,Alxnadre,Al Iskandarīyah,00000,"31.240423323886272,29.97308214030184",BJU3RVJS2YOIPGPKAAVAG12LN9WTSORSDA2CDSROSTW9NLDPXTQ2EIA2OXPOD5EF,DEX5,M T W T _ S S,375 METRE,25 Jun 2025 15:10:52 GMT,,THURSDAY,SW2,50,425,DISABLED,0,0,DISABLED
7484062773,Engiz Services ,Store Active,Alxnadre,Al Iskandarīyah,00000,"31.240423323886272,29.97308214030184",BJU3RVJS2YOIPGPKAAVAG12LN9WTSORSDA2CDSROSTW9NLDPXTQ2EIA2OXPOD5EF,DEX5,M T W T _ S S,375 METRE,25 Jun 2025 15:10:52 GMT,,FRIDAY,SW1,50,425,ENABLED,0,0,DISABLED
7484062773,Engiz Services ,Store Active,Alxnadre,Al Iskandarīyah,00000,"31.240423323886272,29.97308214030184",BJU3RVJS2YOIPGPKAAVAG12LN9WTSORSDA2CDSROSTW9NLDPXTQ2EIA2OXPOD5EF,DEX5,M T W T _ S S,375 METRE,25 Jun 2025 15:10:52 GMT,,FRIDAY,SW2,50,425,DISABLED,0,0,DISABLED
7484062773,Engiz Services ,Store Active,Alxnadre,Al Iskandarīyah,00000,"31.240423323886272,29.97308214030184",BJU3RVJS2YOIPGPKAAVAG12LN9WTSORSDA2CDSROSTW9NLDPXTQ2EIA2OXPOD5EF,DEX5,M T W T _ S S,375 METRE,25 Jun 2025 15:10:52 GMT,,SATURDAY,SW1,50,425,ENABLED,0,0,DISABLED
7484062773,Engiz Services ,Store Active,Alxnadre,Al Iskandarīyah,00000,"31.240423323886272,29.97308214030184",BJU3RVJS2YOIPGPKAAVAG12LN9WTSORSDA2CDSROSTW9NLDPXTQ2EIA2OXPOD5EF,DEX5,M T W T _ S S,375 METRE,25 Jun 2025 15:10:52 GMT,,SATURDAY,SW2,50,425,DISABLED,0,0,DISABLED
7484062773,Engiz Services ,Store Active,Alxnadre,Al Iskandarīyah,00000,"31.240423323886272,29.97308214030184",BJU3RVJS2YOIPGPKAAVAG12LN9WTSORSDA2CDSROSTW9NLDPXTQ2EIA2OXPOD5EF,DEX5,M T W T _ S S,375 METRE,25 Jun 2025 15:10:52 GMT,,SUNDAY,SW1,50,425,ENABLED,0,0,DISABLED
7484062773,Engiz Services ,Store Active,Alxnadre,Al Iskandarīyah,00000,"31.240423323886272,29.97308214030184",BJU3RVJS2YOIPGPKAAVAG12LN9WTSORSDA2CDSROSTW9NLDPXTQ2EIA2OXPOD5EF,DEX5,M T W T _ S S,375 METRE,25 Jun 2025 15:10:52 GMT,,SUNDAY,SW2,50,425,DISABLED,0,0,DISABLED
2300403232,DOSY SALON,Store Inactive,Alexandria,Al Iskandarīyah,00000,"31.22903564647412,29.949286371163605",YZP4CEX3EUJXCNDAXCREG12LN9WTSORSDA2CDSROSTW9NLDPXTQ2EIA2OXZA4424,DEX5,M T W T _ S S,375 METRE,NA,,MONDAY,SW1,0,425,ENABLED,0,0,DISABLED
2300403232,DOSY SALON,Store Inactive,Alexandria,Al Iskandarīyah,00000,"31.22903564647412,29.949286371163605",YZP4CEX3EUJXCNDAXCREG12LN9WTSORSDA2CDSROSTW9NLDPXTQ2EIA2OXZA4424,DEX5,M T W T _ S S,375 METRE,NA,,MONDAY,SW2,0,425,DISABLED,0,0,DISABLED
2300403232,DOSY SALON,Store Inactive,Alexandria,Al Iskandarīyah,00000,"31.22903564647412,29.949286371163605",YZP4CEX3EUJXCNDAXCREG12LN9WTSORSDA2CDSROSTW9NLDPXTQ2EIA2OXZA4424,DEX5,M T W T _ S S,375 METRE,NA,,TUESDAY,SW1,0,425,ENABLED,0,0,DISABLED
2300403232,DOSY SALON,Store Inactive,Alexandria,Al Iskandarīyah,00000,"31.22903564647412,29.949286371163605",YZP4CEX3EUJXCNDAXCREG12LN9WTSORSDA2CDSROSTW9NLDPXTQ2EIA2OXZA4424,DEX5,M T W T _ S S,375 METRE,NA,,TUESDAY,SW2,0,425,DISABLED,0,0,DISABLED
2300403232,DOSY SALON,Store Inactive,Alexandria,Al Iskandarīyah,00000,"31.22903564647412,29.949286371163605",YZP4CEX3EUJXCNDAXCREG12LN9WTSORSDA2CDSROSTW9NLDPXTQ2EIA2OXZA4424,DEX5,M T W T _ S S,375 METRE,NA,,WEDNESDAY,SW1,0,425,ENABLED,0,0,DISABLED
2300403232,DOSY SALON,Store Inactive,Alexandria,Al Iskandarīyah,00000,"31.22903564647412,29.949286371163605",YZP4CEX3EUJXCNDAXCREG12LN9WTSORSDA2CDSROSTW9NLDPXTQ2EIA2OXZA4424,DEX5,M T W T _ S S,375 METRE,NA,,WEDNESDAY,SW2,0,425,DISABLED,0,0,DISABLED
2300403232,DOSY SALON,Store Inactive,Alexandria,Al Iskandarīyah,00000,"31.22903564647412,29.949286371163605",YZP4CEX3EUJXCNDAXCREG12LN9WTSORSDA2CDSROSTW9NLDPXTQ2EIA2OXZA4424,DEX5,M T W T _ S S,375 METRE,NA,,THURSDAY,SW1,0,425,ENABLED,0,0,DISABLED
2300403232,DOSY SALON,Store Inactive,Alexandria,Al Iskandarīyah,00000,"31.22903564647412,29.949286371163605",YZP4CEX3EUJXCNDAXCREG12LN9WTSORSDA2CDSROSTW9NLDPXTQ2EIA2OXZA4424,DEX5,M T W T _ S S,375 METRE,NA,,THURSDAY,SW2,0,425,DISABLED,0,0,DISABLED
2300403232,DOSY SALON,Store Inactive,Alexandria,Al Iskandarīyah,00000,"31.22903564647412,29.949286371163605",YZP4CEX3EUJXCNDAXCREG12LN9WTSORSDA2CDSROSTW9NLDPXTQ2EIA2OXZA4424,DEX5,M T W T _ S S,375 METRE,NA,,FRIDAY,SW1,0,425,ENABLED,0,0,DISABLED
2300403232,DOSY SALON,Store Inactive,Alexandria,Al Iskandarīyah,00000,"31.22903564647412,29.949286371163605",YZP4CEX3EUJXCNDAXCREG12LN9WTSORSDA2CDSROSTW9NLDPXTQ2EIA2OXZA4424,DEX5,M T W T _ S S,375 METRE,NA,,FRIDAY,SW2,0,425,DISABLED,0,0,DISABLED
2300403232,DOSY SALON,Store Inactive,Alexandria,Al Iskandarīyah,00000,"31.22903564647412,29.949286371163605",YZP4CEX3EUJXCNDAXCREG12LN9WTSORSDA2CDSROSTW9NLDPXTQ2EIA2OXZA4424,DEX5,M T W T _ S S,375 METRE,NA,,SATURDAY,SW1,0,425,ENABLED,0,0,DISABLED
2300403232,DOSY SALON,Store Inactive,Alexandria,Al Iskandarīyah,00000,"31.22903564647412,29.949286371163605",YZP4CEX3EUJXCNDAXCREG12LN9WTSORSDA2CDSROSTW9NLDPXTQ2EIA2OXZA4424,DEX5,M T W T _ S S,375 METRE,NA,,SATURDAY,SW2,0,425,DISABLED,0,0,DISABLED
2300403232,DOSY SALON,Store Inactive,Alexandria,Al Iskandarīyah,00000,"31.22903564647412,29.949286371163605",YZP4CEX3EUJXCNDAXCREG12LN9WTSORSDA2CDSROSTW9NLDPXTQ2EIA2OXZA4424,DEX5,M T W T _ S S,375 METRE,NA,,SUNDAY,SW1,0,425,ENABLED,0,0,DISABLED
2300403232,DOSY SALON,Store Inactive,Alexandria,Al Iskandarīyah,00000,"31.22903564647412,29.949286371163605",YZP4CEX3EUJXCNDAXCREG12LN9WTSORSDA2CDSROSTW9NLDPXTQ2EIA2OXZA4424,DEX5,M T W T _ S S,375 METRE,NA,,SUNDAY,SW2,0,425,DISABLED,0,0,DISABLED
7649403763,طيور النجار,Store Active,alexandria,Al Iskandarīyah,00000,"31.202196808191008,29.95879455387946",W2H7AE7N4GW3ESEN2OYUG12LN9WTSORSDA2CDSROSTW9NLDPXTQ2EIA2OXGWPHGR,DEX5,M T W T _ S S,400 METRE,18 Feb 2026 15:46:18 GMT,,MONDAY,SW1,50,450,ENABLED,0,0,DISABLED
7649403763,طيور النجار,Store Active,alexandria,Al Iskandarīyah,00000,"31.202196808191008,29.95879455387946",W2H7AE7N4GW3ESEN2OYUG12LN9WTSORSDA2CDSROSTW9NLDPXTQ2EIA2OXGWPHGR,DEX5,M T W T _ S S,400 METRE,18 Feb 2026 15:46:18 GMT,,MONDAY,SW2,50,450,DISABLED,0,0,DISABLED
7649403763,طيور النجار,Store Active,alexandria,Al Iskandarīyah,00000,"31.202196808191008,29.95879455387946",W2H7AE7N4GW3ESEN2OYUG12LN9WTSORSDA2CDSROSTW9NLDPXTQ2EIA2OXGWPHGR,DEX5,M T W T _ S S,400 METRE,18 Feb 2026 15:46:18 GMT,,TUESDAY,SW1,50,450,ENABLED,0,0,DISABLED
7649403763,طيور النجار,Store Active,alexandria,Al Iskandarīyah,00000,"31.202196808191008,29.95879455387946",W2H7AE7N4GW3ESEN2OYUG12LN9WTSORSDA2CDSROSTW9NLDPXTQ2EIA2OXGWPHGR,DEX5,M T W T _ S S,400 METRE,18 Feb 2026 15:46:18 GMT,,TUESDAY,SW2,50,450,DISABLED,0,0,DISABLED
7649403763,طيور النجار,Store Active,alexandria,Al Iskandarīyah,00000,"31.202196808191008,29.95879455387946",W2H7AE7N4GW3ESEN2OYUG12LN9WTSORSDA2CDSROSTW9NLDPXTQ2EIA2OXGWPHGR,DEX5,M T W T _ S S,400 METRE,18 Feb 2026 15:46:18 GMT,,WEDNESDAY,SW1,50,450,ENABLED,0,0,DISABLED
7649403763,طيور النجار,Store Active,alexandria,Al Iskandarīyah,00000,"31.202196808191008,29.95879455387946",W2H7AE7N4GW3ESEN2OYUG12LN9WTSORSDA2CDSROSTW9NLDPXTQ2EIA2OXGWPHGR,DEX5,M T W T _ S S,400 METRE,18 Feb 2026 15:46:18 GMT,,WEDNESDAY,SW2,50,450,DISABLED,0,0,DISABLED
7649403763,طيور النجار,Store Active,alexandria,Al Iskandarīyah,00000,"31.202196808191008,29.95879455387946",W2H7AE7N4GW3ESEN2OYUG12LN9WTSORSDA2CDSROSTW9NLDPXTQ2EIA2OXGWPHGR,DEX5,M T W T _ S S,400 METRE,18 Feb 2026 15:46:18 GMT,,THURSDAY,SW1,50,450,ENABLED,0,0,DISABLED
7649403763,طيور النجار,Store Active,alexandria,Al Iskandarīyah,00000,"31.202196808191008,29.95879455387946",W2H7AE7N4GW3ESEN2OYUG12LN9WTSORSDA2CDSROSTW9NLDPXTQ2EIA2OXGWPHGR,DEX5,M T W T _ S S,400 METRE,18 Feb 2026 15:46:18 GMT,,THURSDAY,SW2,50,450,DISABLED,0,0,DISABLED
7649403763,طيور النجار,Store Active,alexandria,Al Iskandarīyah,00000,"31.202196808191008,29.95879455387946",W2H7AE7N4GW3ESEN2OYUG12LN9WTSORSDA2CDSROSTW9NLDPXTQ2EIA2OXGWPHGR,DEX5,M T W T _ S S,400 METRE,18 Feb 2026 15:46:18 GMT,,FRIDAY,SW1,50,450,ENABLED,0,0,DISABLED
7649403763,طيور النجار,Store Active,alexandria,Al Iskandarīyah,00000,"31.202196808191008,29.95879455387946",W2H7AE7N4GW3ESEN2OYUG12LN9WTSORSDA2CDSROSTW9NLDPXTQ2EIA2OXGWPHGR,DEX5,M T W T _ S S,400 METRE,18 Feb 2026 15:46:18 GMT,,FRIDAY,SW2,50,450,DISABLED,0,0,DISABLED
7649403763,طيور النجار,Store Active,alexandria,Al Iskandarīyah,00000,"31.202196808191008,29.95879455387946",W2H7AE7N4GW3ESEN2OYUG12LN9WTSORSDA2CDSROSTW9NLDPXTQ2EIA2OXGWPHGR,DEX5,M T W T _ S S,400 METRE,18 Feb 2026 15:46:18 GMT,,SATURDAY,SW1,50,450,ENABLED,0,0,DISABLED
7649403763,طيور النجار,Store Active,alexandria,Al Iskandarīyah,00000,"31.202196808191008,29.95879455387946",W2H7AE7N4GW3ESEN2OYUG12LN9WTSORSDA2CDSROSTW9NLDPXTQ2EIA2OXGWPHGR,DEX5,M T W T _ S S,400 METRE,18 Feb 2026 15:46:18 GMT,,SATURDAY,SW2,50,450,DISABLED,0,0,DISABLED
7649403763,طيور النجار,Store Active,alexandria,Al Iskandarīyah,00000,"31.202196808191008,29.95879455387946",W2H7AE7N4GW3ESEN2OYUG12LN9WTSORSDA2CDSROSTW9NLDPXTQ2EIA2OXGWPHGR,DEX5,M T W T _ S S,400 METRE,18 Feb 2026 15:46:18 GMT,,SUNDAY,SW1,50,450,ENABLED,0,0,DISABLED
7649403763,طيور النجار,Store Active,alexandria,Al Iskandarīyah,00000,"31.202196808191008,29.95879455387946",W2H7AE7N4GW3ESEN2OYUG12LN9WTSORSDA2CDSROSTW9NLDPXTQ2EIA2OXGWPHGR,DEX5,M T W T _ S S,400 METRE,18 Feb 2026 15:46:18 GMT,,SUNDAY,SW2,50,450,DISABLED,0,0,DISABLED
6962867409,المعلم2,Store Active,الاسكندريه,Al Iskandarīyah,00000,"31.24069796960291,29.961623096216698",FSHL2FCKLEGREIABQY44G12LN9WTSORSDA2CDSROSTW9NLDPXTQ2EIA2OX22AM5Z,DEX5,_ T W T F S S,375 METRE,9 Jul 2024 13:04:42 GMT,,MONDAY,SW1,50,425,ENABLED,0,0,DISABLED
6962867409,المعلم2,Store Active,الاسكندريه,Al Iskandarīyah,00000,"31.24069796960291,29.961623096216698",FSHL2FCKLEGREIABQY44G12LN9WTSORSDA2CDSROSTW9NLDPXTQ2EIA2OX22AM5Z,DEX5,_ T W T F S S,375 METRE,9 Jul 2024 13:04:42 GMT,,MONDAY,SW2,50,425,DISABLED,0,0,DISABLED
6962867409,المعلم2,Store Active,الاسكندريه,Al Iskandarīyah,00000,"31.24069796960291,29.961623096216698",FSHL2FCKLEGREIABQY44G12LN9WTSORSDA2CDSROSTW9NLDPXTQ2EIA2OX22AM5Z,DEX5,_ T W T F S S,375 METRE,9 Jul 2024 13:04:42 GMT,,TUESDAY,SW1,50,425,ENABLED,0,0,DISABLED
6962867409,المعلم2,Store Active,الاسكندريه,Al Iskandarīyah,00000,"31.24069796960291,29.961623096216698",FSHL2FCKLEGREIABQY44G12LN9WTSORSDA2CDSROSTW9NLDPXTQ2EIA2OX22AM5Z,DEX5,_ T W T F S S,375 METRE,9 Jul 2024 13:04:42 GMT,,TUESDAY,SW2,50,425,DISABLED,0,0,DISABLED
6962867409,المعلم2,Store Active,الاسكندريه,Al Iskandarīyah,00000,"31.24069796960291,29.961623096216698",FSHL2FCKLEGREIABQY44G12LN9WTSORSDA2CDSROSTW9NLDPXTQ2EIA2OX22AM5Z,DEX5,_ T W T F S S,375 METRE,9 Jul 2024 13:04:42 GMT,,WEDNESDAY,SW1,50,425,ENABLED,0,0,DISABLED
6962867409,المعلم2,Store Active,الاسكندريه,Al Iskandarīyah,00000,"31.24069796960291,29.961623096216698",FSHL2FCKLEGREIABQY44G12LN9WTSORSDA2CDSROSTW9NLDPXTQ2EIA2OX22AM5Z,DEX5,_ T W T F S S,375 METRE,9 Jul 2024 13:04:42 GMT,,WEDNESDAY,SW2,50,425,DISABLED,0,0,DISABLED
6962867409,المعلم2,Store Active,الاسكندريه,Al Iskandarīyah,00000,"31.24069796960291,29.961623096216698",FSHL2FCKLEGREIABQY44G12LN9WTSORSDA2CDSROSTW9NLDPXTQ2EIA2OX22AM5Z,DEX5,_ T W T F S S,375 METRE,9 Jul 2024 13:04:42 GMT,,THURSDAY,SW1,50,425,ENABLED,0,0,DISABLED
6962867409,المعلم2,Store Active,الاسكندريه,Al Iskandarīyah,00000,"31.24069796960291,29.961623096216698",FSHL2FCKLEGREIABQY44G12LN9WTSORSDA2CDSROSTW9NLDPXTQ2EIA2OX22AM5Z,DEX5,_ T W T F S S,375 METRE,9 Jul 2024 13:04:42 GMT,,THURSDAY,SW2,50,425,DISABLED,0,0,DISABLED
6962867409,المعلم2,Store Active,الاسكندريه,Al Iskandarīyah,00000,"31.24069796960291,29.961623096216698",FSHL2FCKLEGREIABQY44G12LN9WTSORSDA2CDSROSTW9NLDPXTQ2EIA2OX22AM5Z,DEX5,_ T W T F S S,375 METRE,9 Jul 2024 13:04:42 GMT,,FRIDAY,SW1,50,425,ENABLED,0,0,DISABLED
6962867409,المعلم2,Store Active,الاسكندريه,Al Iskandarīyah,00000,"31.24069796960291,29.961623096216698",FSHL2FCKLEGREIABQY44G12LN9WTSORSDA2CDSROSTW9NLDPXTQ2EIA2OX22AM5Z,DEX5,_ T W T F S S,375 METRE,9 Jul 2024 13:04:42 GMT,,FRIDAY,SW2,50,425,DISABLED,0,0,DISABLED
6962867409,المعلم2,Store Active,الاسكندريه,Al Iskandarīyah,00000,"31.24069796960291,29.961623096216698",FSHL2FCKLEGREIABQY44G12LN9WTSORSDA2CDSROSTW9NLDPXTQ2EIA2OX22AM5Z,DEX5,_ T W T F S S,375 METRE,9 Jul 2024 13:04:42 GMT,,SATURDAY,SW1,50,425,ENABLED,0,0,DISABLED
6962867409,المعلم2,Store Active,الاسكندريه,Al Iskandarīyah,00000,"31.24069796960291,29.961623096216698",FSHL2FCKLEGREIABQY44G12LN9WTSORSDA2CDSROSTW9NLDPXTQ2EIA2OX22AM5Z,DEX5,_ T W T F S S,375 METRE,9 Jul 2024 13:04:42 GMT,,SATURDAY,SW2,50,425,DISABLED,0,0,DISABLED
6962867409,المعلم2,Store Active,الاسكندريه,Al Iskandarīyah,00000,"31.24069796960291,29.961623096216698",FSHL2FCKLEGREIABQY44G12LN9WTSORSDA2CDSROSTW9NLDPXTQ2EIA2OX22AM5Z,DEX5,_ T W T F S S,375 METRE,9 Jul 2024 13:04:42 GMT,,SUNDAY,SW1,50,425,ENABLED,0,0,DISABLED
6962867409,المعلم2,Store Active,الاسكندريه,Al Iskandarīyah,00000,"31.24069796960291,29.961623096216698",FSHL2FCKLEGREIABQY44G12LN9WTSORSDA2CDSROSTW9NLDPXTQ2EIA2OX22AM5Z,DEX5,_ T W T F S S,375 METRE,9 Jul 2024 13:04:42 GMT,,SUNDAY,SW2,50,425,DISABLED,0,0,DISABLED
1385400645,ORGAERA,Store Inactive,Alexandria,Al Iskandarīyah,00000,"31.228198925195283,29.950236124959215",JGG6LTD55WEVXT2E3COMG12LN9WTSORSDA2CDSROSTW9NLDPXTQ2EIA2OXQASA2J,DEX5,M T W T _ S S,375 METRE,NA,,MONDAY,SW1,0,425,ENABLED,0,0,DISABLED
1385400645,ORGAERA,Store Inactive,Alexandria,Al Iskandarīyah,00000,"31.228198925195283,29.950236124959215",JGG6LTD55WEVXT2E3COMG12LN9WTSORSDA2CDSROSTW9NLDPXTQ2EIA2OXQASA2J,DEX5,M T W T _ S S,375 METRE,NA,,MONDAY,SW2,0,425,DISABLED,0,0,DISABLED
1385400645,ORGAERA,Store Inactive,Alexandria,Al Iskandarīyah,00000,"31.228198925195283,29.950236124959215",JGG6LTD55WEVXT2E3COMG12LN9WTSORSDA2CDSROSTW9NLDPXTQ2EIA2OXQASA2J,DEX5,M T W T _ S S,375 METRE,NA,,TUESDAY,SW1,0,425,ENABLED,0,0,DISABLED
1385400645,ORGAERA,Store Inactive,Alexandria,Al Iskandarīyah,00000,"31.228198925195283,29.950236124959215",JGG6LTD55WEVXT2E3COMG12LN9WTSORSDA2CDSROSTW9NLDPXTQ2EIA2OXQASA2J,DEX5,M T W T _ S S,375 METRE,NA,,TUESDAY,SW2,0,425,DISABLED,0,0,DISABLED
1385400645,ORGAERA,Store Inactive,Alexandria,Al Iskandarīyah,00000,"31.228198925195283,29.950236124959215",JGG6LTD55WEVXT2E3COMG12LN9WTSORSDA2CDSROSTW9NLDPXTQ2EIA2OXQASA2J,DEX5,M T W T _ S S,375 METRE,NA,,WEDNESDAY,SW1,0,425,ENABLED,0,0,DISABLED
1385400645,ORGAERA,Store Inactive,Alexandria,Al Iskandarīyah,00000,"31.228198925195283,29.950236124959215",JGG6LTD55WEVXT2E3COMG12LN9WTSORSDA2CDSROSTW9NLDPXTQ2EIA2OXQASA2J,DEX5,M T W T _ S S,375 METRE,NA,,WEDNESDAY,SW2,0,425,DISABLED,0,0,DISABLED
1385400645,ORGAERA,Store Inactive,Alexandria,Al Iskandarīyah,00000,"31.228198925195283,29.950236124959215",JGG6LTD55WEVXT2E3COMG12LN9WTSORSDA2CDSROSTW9NLDPXTQ2EIA2OXQASA2J,DEX5,M T W T _ S S,375 METRE,NA,,THURSDAY,SW1,0,425,ENABLED,0,0,DISABLED
1385400645,ORGAERA,Store Inactive,Alexandria,Al Iskandarīyah,00000,"31.228198925195283,29.950236124959215",JGG6LTD55WEVXT2E3COMG12LN9WTSORSDA2CDSROSTW9NLDPXTQ2EIA2OXQASA2J,DEX5,M T W T _ S S,375 METRE,NA,,THURSDAY,SW2,0,425,DISABLED,0,0,DISABLED
1385400645,ORGAERA,Store Inactive,Alexandria,Al Iskandarīyah,00000,"31.228198925195283,29.950236124959215",JGG6LTD55WEVXT2E3COMG12LN9WTSORSDA2CDSROSTW9NLDPXTQ2EIA2OXQASA2J,DEX5,M T W T _ S S,375 METRE,NA,,FRIDAY,SW1,0,425,ENABLED,0,0,DISABLED
1385400645,ORGAERA,Store Inactive,Alexandria,Al Iskandarīyah,00000,"31.228198925195283,29.950236124959215",JGG6LTD55WEVXT2E3COMG12LN9WTSORSDA2CDSROSTW9NLDPXTQ2EIA2OXQASA2J,DEX5,M T W T _ S S,375 METRE,NA,,FRIDAY,SW2,0,425,DISABLED,0,0,DISABLED
1385400645,ORGAERA,Store Inactive,Alexandria,Al Iskandarīyah,00000,"31.228198925195283,29.950236124959215",JGG6LTD55WEVXT2E3COMG12LN9WTSORSDA2CDSROSTW9NLDPXTQ2EIA2OXQASA2J,DEX5,M T W T _ S S,375 METRE,NA,,SATURDAY,SW1,0,425,ENABLED,0,0,DISABLED
1385400645,ORGAERA,Store Inactive,Alexandria,Al Iskandarīyah,00000,"31.228198925195283,29.950236124959215",JGG6LTD55WEVXT2E3COMG12LN9WTSORSDA2CDSROSTW9NLDPXTQ2EIA2OXQASA2J,DEX5,M T W T _ S S,375 METRE,NA,,SATURDAY,SW2,0,425,DISABLED,0,0,DISABLED
1385400645,ORGAERA,Store Inactive,Alexandria,Al Iskandarīyah,00000,"31.228198925195283,29.950236124959215",JGG6LTD55WEVXT2E3COMG12LN9WTSORSDA2CDSROSTW9NLDPXTQ2EIA2OXQASA2J,DEX5,M T W T _ S S,375 METRE,NA,,SUNDAY,SW1,0,425,ENABLED,0,0,DISABLED
1385400645,ORGAERA,Store Inactive,Alexandria,Al Iskandarīyah,00000,"31.228198925195283,29.950236124959215",JGG6LTD55WEVXT2E3COMG12LN9WTSORSDA2CDSROSTW9NLDPXTQ2EIA2OXQASA2J,DEX5,M T W T _ S S,375 METRE,NA,,SUNDAY,SW2,0,425,DISABLED,0,0,DISABLED
3710022338,mushtal alnasr,Store Inactive,alexandria,Al Iskandarīyah,00000,"31.225410875477888,29.955111736089805",VQLW2MYG3KSKNMXHONFIG12LN9WTSORSDA2CDSROSTW9NLDPXTQ2EIA2OX6EMP34,DEX5,M T W T _ S S,375 METRE,NA,,MONDAY,SW1,0,425,ENABLED,0,0,DISABLED
3710022338,mushtal alnasr,Store Inactive,alexandria,Al Iskandarīyah,00000,"31.225410875477888,29.955111736089805",VQLW2MYG3KSKNMXHONFIG12LN9WTSORSDA2CDSROSTW9NLDPXTQ2EIA2OX6EMP34,DEX5,M T W T _ S S,375 METRE,NA,,MONDAY,SW2,0,425,DISABLED,0,0,DISABLED
3710022338,mushtal alnasr,Store Inactive,alexandria,Al Iskandarīyah,00000,"31.225410875477888,29.955111736089805",VQLW2MYG3KSKNMXHONFIG12LN9WTSORSDA2CDSROSTW9NLDPXTQ2EIA2OX6EMP34,DEX5,M T W T _ S S,375 METRE,NA,,TUESDAY,SW1,0,425,ENABLED,0,0,DISABLED
3710022338,mushtal alnasr,Store Inactive,alexandria,Al Iskandarīyah,00000,"31.225410875477888,29.955111736089805",VQLW2MYG3KSKNMXHONFIG12LN9WTSORSDA2CDSROSTW9NLDPXTQ2EIA2OX6EMP34,DEX5,M T W T _ S S,375 METRE,NA,,TUESDAY,SW2,0,425,DISABLED,0,0,DISABLED
3710022338,mushtal alnasr,Store Inactive,alexandria,Al Iskandarīyah,00000,"31.225410875477888,29.955111736089805",VQLW2MYG3KSKNMXHONFIG12LN9WTSORSDA2CDSROSTW9NLDPXTQ2EIA2OX6EMP34,DEX5,M T W T _ S S,375 METRE,NA,,WEDNESDAY,SW1,0,425,ENABLED,0,0,DISABLED
3710022338,mushtal alnasr,Store Inactive,alexandria,Al Iskandarīyah,00000,"31.225410875477888,29.955111736089805",VQLW2MYG3KSKNMXHONFIG12LN9WTSORSDA2CDSROSTW9NLDPXTQ2EIA2OX6EMP34,DEX5,M T W T _ S S,375 METRE,NA,,WEDNESDAY,SW2,0,425,DISABLED,0,0,DISABLED
3710022338,mushtal alnasr,Store Inactive,alexandria,Al Iskandarīyah,00000,"31.225410875477888,29.955111736089805",VQLW2MYG3KSKNMXHONFIG12LN9WTSORSDA2CDSROSTW9NLDPXTQ2EIA2OX6EMP34,DEX5,M T W T _ S S,375 METRE,NA,,THURSDAY,SW1,0,425,ENABLED,0,0,DISABLED
3710022338,mushtal alnasr,Store Inactive,alexandria,Al Iskandarīyah,00000,"31.225410875477888,29.955111736089805",VQLW2MYG3KSKNMXHONFIG12LN9WTSORSDA2CDSROSTW9NLDPXTQ2EIA2OX6EMP34,DEX5,M T W T _ S S,375 METRE,NA,,THURSDAY,SW2,0,425,DISABLED,0,0,DISABLED
3710022338,mushtal alnasr,Store Inactive,alexandria,Al Iskandarīyah,00000,"31.225410875477888,29.955111736089805",VQLW2MYG3KSKNMXHONFIG12LN9WTSORSDA2CDSROSTW9NLDPXTQ2EIA2OX6EMP34,DEX5,M T W T _ S S,375 METRE,NA,,FRIDAY,SW1,0,425,ENABLED,0,0,DISABLED
3710022338,mushtal alnasr,Store Inactive,alexandria,Al Iskandarīyah,00000,"31.225410875477888,29.955111736089805",VQLW2MYG3KSKNMXHONFIG12LN9WTSORSDA2CDSROSTW9NLDPXTQ2EIA2OX6EMP34,DEX5,M T W T _ S S,375 METRE,NA,,FRIDAY,SW2,0,425,DISABLED,0,0,DISABLED
3710022338,mushtal alnasr,Store Inactive,alexandria,Al Iskandarīyah,00000,"31.225410875477888,29.955111736089805",VQLW2MYG3KSKNMXHONFIG12LN9WTSORSDA2CDSROSTW9NLDPXTQ2EIA2OX6EMP34,DEX5,M T W T _ S S,375 METRE,NA,,SATURDAY,SW1,0,425,ENABLED,0,0,DISABLED
3710022338,mushtal alnasr,Store Inactive,alexandria,Al Iskandarīyah,00000,"31.225410875477888,29.955111736089805",VQLW2MYG3KSKNMXHONFIG12LN9WTSORSDA2CDSROSTW9NLDPXTQ2EIA2OX6EMP34,DEX5,M T W T _ S S,375 METRE,NA,,SATURDAY,SW2,0,425,DISABLED,0,0,DISABLED
3710022338,mushtal alnasr,Store Inactive,alexandria,Al Iskandarīyah,00000,"31.225410875477888,29.955111736089805",VQLW2MYG3KSKNMXHONFIG12LN9WTSORSDA2CDSROSTW9NLDPXTQ2EIA2OX6EMP34,DEX5,M T W T _ S S,375 METRE,NA,,SUNDAY,SW1,0,425,ENABLED,0,0,DISABLED
3710022338,mushtal alnasr,Store Inactive,alexandria,Al Iskandarīyah,00000,"31.225410875477888,29.955111736089805",VQLW2MYG3KSKNMXHONFIG12LN9WTSORSDA2CDSROSTW9NLDPXTQ2EIA2OX6EMP34,DEX5,M T W T _ S S,375 METRE,NA,,SUNDAY,SW2,0,425,DISABLED,0,0,DISABLED
8437053544,بازار الدخاخني 2,Store Active,الإسكندرية,Al Iskandarīyah,00000,"31.23717072933729,29.957804967467347",OI6WIJMWNVFBAJVF2XNYG12LN9WTSORSDA2CDSROSTW9NLDPXTQ2EIA2OXXVTQWI,DEX5,_ T W T F S S,375 METRE,17 Sep 2024 06:03:02 GMT,,MONDAY,SW1,50,425,ENABLED,0,0,DISABLED
8437053544,بازار الدخاخني 2,Store Active,الإسكندرية,Al Iskandarīyah,00000,"31.23717072933729,29.957804967467347",OI6WIJMWNVFBAJVF2XNYG12LN9WTSORSDA2CDSROSTW9NLDPXTQ2EIA2OXXVTQWI,DEX5,_ T W T F S S,375 METRE,17 Sep 2024 06:03:02 GMT,,MONDAY,SW2,50,425,DISABLED,0,0,DISABLED
8437053544,بازار الدخاخني 2,Store Active,الإسكندرية,Al Iskandarīyah,00000,"31.23717072933729,29.957804967467347",OI6WIJMWNVFBAJVF2XNYG12LN9WTSORSDA2CDSROSTW9NLDPXTQ2EIA2OXXVTQWI,DEX5,_ T W T F S S,375 METRE,17 Sep 2024 06:03:02 GMT,,TUESDAY,SW1,50,425,ENABLED,0,0,DISABLED
8437053544,بازار الدخاخني 2,Store Active,الإسكندرية,Al Iskandarīyah,00000,"31.23717072933729,29.957804967467347",OI6WIJMWNVFBAJVF2XNYG12LN9WTSORSDA2CDSROSTW9NLDPXTQ2EIA2OXXVTQWI,DEX5,_ T W T F S S,375 METRE,17 Sep 2024 06:03:02 GMT,,TUESDAY,SW2,50,425,DISABLED,0,0,DISABLED
8437053544,بازار الدخاخني 2,Store Active,الإسكندرية,Al Iskandarīyah,00000,"31.23717072933729,29.957804967467347",OI6WIJMWNVFBAJVF2XNYG12LN9WTSORSDA2CDSROSTW9NLDPXTQ2EIA2OXXVTQWI,DEX5,_ T W T F S S,375 METRE,17 Sep 2024 06:03:02 GMT,,WEDNESDAY,SW1,50,425,ENABLED,0,0,DISABLED
8437053544,بازار الدخاخني 2,Store Active,الإسكندرية,Al Iskandarīyah,00000,"31.23717072933729,29.957804967467347",OI6WIJMWNVFBAJVF2XNYG12LN9WTSORSDA2CDSROSTW9NLDPXTQ2EIA2OXXVTQWI,DEX5,_ T W T F S S,375 METRE,17 Sep 2024 06:03:02 GMT,,WEDNESDAY,SW2,50,425,DISABLED,0,0,DISABLED
8437053544,بازار الدخاخني 2,Store Active,الإسكندرية,Al Iskandarīyah,00000,"31.23717072933729,29.957804967467347",OI6WIJMWNVFBAJVF2XNYG12LN9WTSORSDA2CDSROSTW9NLDPXTQ2EIA2OXXVTQWI,DEX5,_ T W T F S S,375 METRE,17 Sep 2024 06:03:02 GMT,,THURSDAY,SW1,50,425,ENABLED,0,0,DISABLED
8437053544,بازار الدخاخني 2,Store Active,الإسكندرية,Al Iskandarīyah,00000,"31.23717072933729,29.957804967467347",OI6WIJMWNVFBAJVF2XNYG12LN9WTSORSDA2CDSROSTW9NLDPXTQ2EIA2OXXVTQWI,DEX5,_ T W T F S S,375 METRE,17 Sep 2024 06:03:02 GMT,,THURSDAY,SW2,50,425,DISABLED,0,0,DISABLED
8437053544,بازار الدخاخني 2,Store Active,الإسكندرية,Al Iskandarīyah,00000,"31.23717072933729,29.957804967467347",OI6WIJMWNVFBAJVF2XNYG12LN9WTSORSDA2CDSROSTW9NLDPXTQ2EIA2OXXVTQWI,DEX5,_ T W T F S S,375 METRE,17 Sep 2024 06:03:02 GMT,,FRIDAY,SW1,50,425,ENABLED,0,0,DISABLED
8437053544,بازار الدخاخني 2,Store Active,الإسكندرية,Al Iskandarīyah,00000,"31.23717072933729,29.957804967467347",OI6WIJMWNVFBAJVF2XNYG12LN9WTSORSDA2CDSROSTW9NLDPXTQ2EIA2OXXVTQWI,DEX5,_ T W T F S S,375 METRE,17 Sep 2024 06:03:02 GMT,,FRIDAY,SW2,50,425,DISABLED,0,0,DISABLED
8437053544,بازار الدخاخني 2,Store Active,الإسكندرية,Al Iskandarīyah,00000,"31.23717072933729,29.957804967467347",OI6WIJMWNVFBAJVF2XNYG12LN9WTSORSDA2CDSROSTW9NLDPXTQ2EIA2OXXVTQWI,DEX5,_ T W T F S S,375 METRE,17 Sep 2024 06:03:02 GMT,,SATURDAY,SW1,50,425,ENABLED,0,0,DISABLED
8437053544,بازار الدخاخني 2,Store Active,الإسكندرية,Al Iskandarīyah,00000,"31.23717072933729,29.957804967467347",OI6WIJMWNVFBAJVF2XNYG12LN9WTSORSDA2CDSROSTW9NLDPXTQ2EIA2OXXVTQWI,DEX5,_ T W T F S S,375 METRE,17 Sep 2024 06:03:02 GMT,,SATURDAY,SW2,50,425,DISABLED,0,0,DISABLED
8437053544,بازار الدخاخني 2,Store Active,الإسكندرية,Al Iskandarīyah,00000,"31.23717072933729,29.957804967467347",OI6WIJMWNVFBAJVF2XNYG12LN9WTSORSDA2CDSROSTW9NLDPXTQ2EIA2OXXVTQWI,DEX5,_ T W T F S S,375 METRE,17 Sep 2024 06:03:02 GMT,,SUNDAY,SW1,50,425,ENABLED,0,0,DISABLED
8437053544,بازار الدخاخني 2,Store Active,الإسكندرية,Al Iskandarīyah,00000,"31.23717072933729,29.957804967467347",OI6WIJMWNVFBAJVF2XNYG12LN9WTSORSDA2CDSROSTW9NLDPXTQ2EIA2OXXVTQWI,DEX5,_ T W T F S S,375 METRE,17 Sep 2024 06:03:02 GMT,,SUNDAY,SW2,50,425,DISABLED,0,0,DISABLED
7567541152,Engineering for Electrical Works,Store Active,Alexandria,Al Iskandarīyah,00000,"31.233207793580608,29.962788332079626",UZ6F3SGDY5MRF2CGN37IG12LN9WTSORSDA2CDSROSTW9NLDPXTQ2EIA2OX74BW6N,DEX5,M T W T _ S S,375 METRE,27 Jul 2025 16:29:21 GMT,,MONDAY,SW1,50,425,ENABLED,0,0,DISABLED
7567541152,Engineering for Electrical Works,Store Active,Alexandria,Al Iskandarīyah,00000,"31.233207793580608,29.962788332079626",UZ6F3SGDY5MRF2CGN37IG12LN9WTSORSDA2CDSROSTW9NLDPXTQ2EIA2OX74BW6N,DEX5,M T W T _ S S,375 METRE,27 Jul 2025 16:29:21 GMT,,MONDAY,SW2,50,425,DISABLED,0,0,DISABLED
7567541152,Engineering for Electrical Works,Store Active,Alexandria,Al Iskandarīyah,00000,"31.233207793580608,29.962788332079626",UZ6F3SGDY5MRF2CGN37IG12LN9WTSORSDA2CDSROSTW9NLDPXTQ2EIA2OX74BW6N,DEX5,M T W T _ S S,375 METRE,27 Jul 2025 16:29:21 GMT,,TUESDAY,SW1,50,425,ENABLED,0,0,DISABLED
7567541152,Engineering for Electrical Works,Store Active,Alexandria,Al Iskandarīyah,00000,"31.233207793580608,29.962788332079626",UZ6F3SGDY5MRF2CGN37IG12LN9WTSORSDA2CDSROSTW9NLDPXTQ2EIA2OX74BW6N,DEX5,M T W T _ S S,375 METRE,27 Jul 2025 16:29:21 GMT,,TUESDAY,SW2,50,425,DISABLED,0,0,DISABLED
7567541152,Engineering for Electrical Works,Store Active,Alexandria,Al Iskandarīyah,00000,"31.233207793580608,29.962788332079626",UZ6F3SGDY5MRF2CGN37IG12LN9WTSORSDA2CDSROSTW9NLDPXTQ2EIA2OX74BW6N,DEX5,M T W T _ S S,375 METRE,27 Jul 2025 16:29:21 GMT,,WEDNESDAY,SW1,50,425,ENABLED,0,0,DISABLED
7567541152,Engineering for Electrical Works,Store Active,Alexandria,Al Iskandarīyah,00000,"31.233207793580608,29.962788332079626",UZ6F3SGDY5MRF2CGN37IG12LN9WTSORSDA2CDSROSTW9NLDPXTQ2EIA2OX74BW6N,DEX5,M T W T _ S S,375 METRE,27 Jul 2025 16:29:21 GMT,,WEDNESDAY,SW2,50,425,DISABLED,0,0,DISABLED
7567541152,Engineering for Electrical Works,Store Active,Alexandria,Al Iskandarīyah,00000,"31.233207793580608,29.962788332079626",UZ6F3SGDY5MRF2CGN37IG12LN9WTSORSDA2CDSROSTW9NLDPXTQ2EIA2OX74BW6N,DEX5,M T W T _ S S,375 METRE,27 Jul 2025 16:29:21 GMT,,THURSDAY,SW1,50,425,ENABLED,0,0,DISABLED
7567541152,Engineering for Electrical Works,Store Active,Alexandria,Al Iskandarīyah,00000,"31.233207793580608,29.962788332079626",UZ6F3SGDY5MRF2CGN37IG12LN9WTSORSDA2CDSROSTW9NLDPXTQ2EIA2OX74BW6N,DEX5,M T W T _ S S,375 METRE,27 Jul 2025 16:29:21 GMT,,THURSDAY,SW2,50,425,DISABLED,0,0,DISABLED
7567541152,Engineering for Electrical Works,Store Active,Alexandria,Al Iskandarīyah,00000,"31.233207793580608,29.962788332079626",UZ6F3SGDY5MRF2CGN37IG12LN9WTSORSDA2CDSROSTW9NLDPXTQ2EIA2OX74BW6N,DEX5,M T W T _ S S,375 METRE,27 Jul 2025 16:29:21 GMT,,FRIDAY,SW1,50,425,ENABLED,0,0,DISABLED
7567541152,Engineering for Electrical Works,Store Active,Alexandria,Al Iskandarīyah,00000,"31.233207793580608,29.962788332079626",UZ6F3SGDY5MRF2CGN37IG12LN9WTSORSDA2CDSROSTW9NLDPXTQ2EIA2OX74BW6N,DEX5,M T W T _ S S,375 METRE,27 Jul 2025 16:29:21 GMT,,FRIDAY,SW2,50,425,DISABLED,0,0,DISABLED
7567541152,Engineering for Electrical Works,Store Active,Alexandria,Al Iskandarīyah,00000,"31.233207793580608,29.962788332079626",UZ6F3SGDY5MRF2CGN37IG12LN9WTSORSDA2CDSROSTW9NLDPXTQ2EIA2OX74BW6N,DEX5,M T W T _ S S,375 METRE,27 Jul 2025 16:29:21 GMT,,SATURDAY,SW1,50,425,ENABLED,0,0,DISABLED
7567541152,Engineering for Electrical Works,Store Active,Alexandria,Al Iskandarīyah,00000,"31.233207793580608,29.962788332079626",UZ6F3SGDY5MRF2CGN37IG12LN9WTSORSDA2CDSROSTW9NLDPXTQ2EIA2OX74BW6N,DEX5,M T W T _ S S,375 METRE,27 Jul 2025 16:29:21 GMT,,SATURDAY,SW2,50,425,DISABLED,0,0,DISABLED
7567541152,Engineering for Electrical Works,Store Active,Alexandria,Al Iskandarīyah,00000,"31.233207793580608,29.962788332079626",UZ6F3SGDY5MRF2CGN37IG12LN9WTSORSDA2CDSROSTW9NLDPXTQ2EIA2OX74BW6N,DEX5,M T W T _ S S,375 METRE,27 Jul 2025 16:29:21 GMT,,SUNDAY,SW1,50,425,ENABLED,0,0,DISABLED
7567541152,Engineering for Electrical Works,Store Active,Alexandria,Al Iskandarīyah,00000,"31.233207793580608,29.962788332079626",UZ6F3SGDY5MRF2CGN37IG12LN9WTSORSDA2CDSROSTW9NLDPXTQ2EIA2OX74BW6N,DEX5,M T W T _ S S,375 METRE,27 Jul 2025 16:29:21 GMT,,SUNDAY,SW2,50,425,DISABLED,0,0,DISABLED
9839600952,MARKET ABO TALEB,Store Inactive,Alexandria,Al Iskandarīyah,00000,"31.24472148341618,29.975529109664514",C446NFIZARMLJERAANLIG12LN9WTSORSDA2CDSROSTW9NLDPXTQ2EQA2OX2WYD26,DEX5,M T W T _ S S,375 METRE,NA,,MONDAY,SW1,0,425,ENABLED,0,0,DISABLED
9839600952,MARKET ABO TALEB,Store Inactive,Alexandria,Al Iskandarīyah,00000,"31.24472148341618,29.975529109664514",C446NFIZARMLJERAANLIG12LN9WTSORSDA2CDSROSTW9NLDPXTQ2EQA2OX2WYD26,DEX5,M T W T _ S S,375 METRE,NA,,MONDAY,SW2,0,425,DISABLED,0,0,DISABLED
9839600952,MARKET ABO TALEB,Store Inactive,Alexandria,Al Iskandarīyah,00000,"31.24472148341618,29.975529109664514",C446NFIZARMLJERAANLIG12LN9WTSORSDA2CDSROSTW9NLDPXTQ2EQA2OX2WYD26,DEX5,M T W T _ S S,375 METRE,NA,,TUESDAY,SW1,0,425,ENABLED,0,0,DISABLED
9839600952,MARKET ABO TALEB,Store Inactive,Alexandria,Al Iskandarīyah,00000,"31.24472148341618,29.975529109664514",C446NFIZARMLJERAANLIG12LN9WTSORSDA2CDSROSTW9NLDPXTQ2EQA2OX2WYD26,DEX5,M T W T _ S S,375 METRE,NA,,TUESDAY,SW2,0,425,DISABLED,0,0,DISABLED
9839600952,MARKET ABO TALEB,Store Inactive,Alexandria,Al Iskandarīyah,00000,"31.24472148341618,29.975529109664514",C446NFIZARMLJERAANLIG12LN9WTSORSDA2CDSROSTW9NLDPXTQ2EQA2OX2WYD26,DEX5,M T W T _ S S,375 METRE,NA,,WEDNESDAY,SW1,0,425,ENABLED,0,0,DISABLED
9839600952,MARKET ABO TALEB,Store Inactive,Alexandria,Al Iskandarīyah,00000,"31.24472148341618,29.975529109664514",C446NFIZARMLJERAANLIG12LN9WTSORSDA2CDSROSTW9NLDPXTQ2EQA2OX2WYD26,DEX5,M T W T _ S S,375 METRE,NA,,WEDNESDAY,SW2,0,425,DISABLED,0,0,DISABLED
9839600952,MARKET ABO TALEB,Store Inactive,Alexandria,Al Iskandarīyah,00000,"31.24472148341618,29.975529109664514",C446NFIZARMLJERAANLIG12LN9WTSORSDA2CDSROSTW9NLDPXTQ2EQA2OX2WYD26,DEX5,M T W T _ S S,375 METRE,NA,,THURSDAY,SW1,0,425,ENABLED,0,0,DISABLED
9839600952,MARKET ABO TALEB,Store Inactive,Alexandria,Al Iskandarīyah,00000,"31.24472148341618,29.975529109664514",C446NFIZARMLJERAANLIG12LN9WTSORSDA2CDSROSTW9NLDPXTQ2EQA2OX2WYD26,DEX5,M T W T _ S S,375 METRE,NA,,THURSDAY,SW2,0,425,DISABLED,0,0,DISABLED
9839600952,MARKET ABO TALEB,Store Inactive,Alexandria,Al Iskandarīyah,00000,"31.24472148341618,29.975529109664514",C446NFIZARMLJERAANLIG12LN9WTSORSDA2CDSROSTW9NLDPXTQ2EQA2OX2WYD26,DEX5,M T W T _ S S,375 METRE,NA,,FRIDAY,SW1,0,425,ENABLED,0,0,DISABLED
9839600952,MARKET ABO TALEB,Store Inactive,Alexandria,Al Iskandarīyah,00000,"31.24472148341618,29.975529109664514",C446NFIZARMLJERAANLIG12LN9WTSORSDA2CDSROSTW9NLDPXTQ2EQA2OX2WYD26,DEX5,M T W T _ S S,375 METRE,NA,,FRIDAY,SW2,0,425,DISABLED,0,0,DISABLED
9839600952,MARKET ABO TALEB,Store Inactive,Alexandria,Al Iskandarīyah,00000,"31.24472148341618,29.975529109664514",C446NFIZARMLJERAANLIG12LN9WTSORSDA2CDSROSTW9NLDPXTQ2EQA2OX2WYD26,DEX5,M T W T _ S S,375 METRE,NA,,SATURDAY,SW1,0,425,ENABLED,0,0,DISABLED
9839600952,MARKET ABO TALEB,Store Inactive,Alexandria,Al Iskandarīyah,00000,"31.24472148341618,29.975529109664514",C446NFIZARMLJERAANLIG12LN9WTSORSDA2CDSROSTW9NLDPXTQ2EQA2OX2WYD26,DEX5,M T W T _ S S,375 METRE,NA,,SATURDAY,SW2,0,425,DISABLED,0,0,DISABLED
9839600952,MARKET ABO TALEB,Store Inactive,Alexandria,Al Iskandarīyah,00000,"31.24472148341618,29.975529109664514",C446NFIZARMLJERAANLIG12LN9WTSORSDA2CDSROSTW9NLDPXTQ2EQA2OX2WYD26,DEX5,M T W T _ S S,375 METRE,NA,,SUNDAY,SW1,0,425,ENABLED,0,0,DISABLED
9839600952,MARKET ABO TALEB,Store Inactive,Alexandria,Al Iskandarīyah,00000,"31.24472148341618,29.975529109664514",C446NFIZARMLJERAANLIG12LN9WTSORSDA2CDSROSTW9NLDPXTQ2EQA2OX2WYD26,DEX5,M T W T _ S S,375 METRE,NA,,SUNDAY,SW2,0,425,DISABLED,0,0,DISABLED
5105389640,Bashir vegetables,Store Active,Alexandria,Al Iskandarīyah,00000,"31.21716795,29.94428864",NIOWRAUVUIUQFFLTZGNEG12LN9WTSORSDA2CDSROSTW9NLDPXTQ2EIA2OXM46IXJ,DEX5,M T W T F S S,375 METRE,18 Nov 2024 13:08:58 GMT,,MONDAY,SW1,50,425,ENABLED,0,0,DISABLED
5105389640,Bashir vegetables,Store Active,Alexandria,Al Iskandarīyah,00000,"31.21716795,29.94428864",NIOWRAUVUIUQFFLTZGNEG12LN9WTSORSDA2CDSROSTW9NLDPXTQ2EIA2OXM46IXJ,DEX5,M T W T F S S,375 METRE,18 Nov 2024 13:08:58 GMT,,MONDAY,SW2,50,425,DISABLED,0,0,DISABLED
5105389640,Bashir vegetables,Store Active,Alexandria,Al Iskandarīyah,00000,"31.21716795,29.94428864",NIOWRAUVUIUQFFLTZGNEG12LN9WTSORSDA2CDSROSTW9NLDPXTQ2EIA2OXM46IXJ,DEX5,M T W T F S S,375 METRE,18 Nov 2024 13:08:58 GMT,,TUESDAY,SW1,50,425,ENABLED,0,0,DISABLED
5105389640,Bashir vegetables,Store Active,Alexandria,Al Iskandarīyah,00000,"31.21716795,29.94428864",NIOWRAUVUIUQFFLTZGNEG12LN9WTSORSDA2CDSROSTW9NLDPXTQ2EIA2OXM46IXJ,DEX5,M T W T F S S,375 METRE,18 Nov 2024 13:08:58 GMT,,TUESDAY,SW2,50,425,DISABLED,0,0,DISABLED
5105389640,Bashir vegetables,Store Active,Alexandria,Al Iskandarīyah,00000,"31.21716795,29.94428864",NIOWRAUVUIUQFFLTZGNEG12LN9WTSORSDA2CDSROSTW9NLDPXTQ2EIA2OXM46IXJ,DEX5,M T W T F S S,375 METRE,18 Nov 2024 13:08:58 GMT,,WEDNESDAY,SW1,50,425,ENABLED,0,0,DISABLED
5105389640,Bashir vegetables,Store Active,Alexandria,Al Iskandarīyah,00000,"31.21716795,29.94428864",NIOWRAUVUIUQFFLTZGNEG12LN9WTSORSDA2CDSROSTW9NLDPXTQ2EIA2OXM46IXJ,DEX5,M T W T F S S,375 METRE,18 Nov 2024 13:08:58 GMT,,WEDNESDAY,SW2,50,425,DISABLED,0,0,DISABLED
5105389640,Bashir vegetables,Store Active,Alexandria,Al Iskandarīyah,00000,"31.21716795,29.94428864",NIOWRAUVUIUQFFLTZGNEG12LN9WTSORSDA2CDSROSTW9NLDPXTQ2EIA2OXM46IXJ,DEX5,M T W T F S S,375 METRE,18 Nov 2024 13:08:58 GMT,,THURSDAY,SW1,50,425,ENABLED,0,0,DISABLED
5105389640,Bashir vegetables,Store Active,Alexandria,Al Iskandarīyah,00000,"31.21716795,29.94428864",NIOWRAUVUIUQFFLTZGNEG12LN9WTSORSDA2CDSROSTW9NLDPXTQ2EIA2OXM46IXJ,DEX5,M T W T F S S,375 METRE,18 Nov 2024 13:08:58 GMT,,THURSDAY,SW2,50,425,DISABLED,0,0,DISABLED
5105389640,Bashir vegetables,Store Active,Alexandria,Al Iskandarīyah,00000,"31.21716795,29.94428864",NIOWRAUVUIUQFFLTZGNEG12LN9WTSORSDA2CDSROSTW9NLDPXTQ2EIA2OXM46IXJ,DEX5,M T W T F S S,375 METRE,18 Nov 2024 13:08:58 GMT,,FRIDAY,SW1,50,425,ENABLED,0,0,DISABLED
5105389640,Bashir vegetables,Store Active,Alexandria,Al Iskandarīyah,00000,"31.21716795,29.94428864",NIOWRAUVUIUQFFLTZGNEG12LN9WTSORSDA2CDSROSTW9NLDPXTQ2EIA2OXM46IXJ,DEX5,M T W T F S S,375 METRE,18 Nov 2024 13:08:58 GMT,,FRIDAY,SW2,50,425,DISABLED,0,0,DISABLED
5105389640,Bashir vegetables,Store Active,Alexandria,Al Iskandarīyah,00000,"31.21716795,29.94428864",NIOWRAUVUIUQFFLTZGNEG12LN9WTSORSDA2CDSROSTW9NLDPXTQ2EIA2OXM46IXJ,DEX5,M T W T F S S,375 METRE,18 Nov 2024 13:08:58 GMT,,SATURDAY,SW1,50,425,ENABLED,0,0,DISABLED
5105389640,Bashir vegetables,Store Active,Alexandria,Al Iskandarīyah,00000,"31.21716795,29.94428864",NIOWRAUVUIUQFFLTZGNEG12LN9WTSORSDA2CDSROSTW9NLDPXTQ2EIA2OXM46IXJ,DEX5,M T W T F S S,375 METRE,18 Nov 2024 13:08:58 GMT,,SATURDAY,SW2,50,425,DISABLED,0,0,DISABLED
5105389640,Bashir vegetables,Store Active,Alexandria,Al Iskandarīyah,00000,"31.21716795,29.94428864",NIOWRAUVUIUQFFLTZGNEG12LN9WTSORSDA2CDSROSTW9NLDPXTQ2EIA2OXM46IXJ,DEX5,M T W T F S S,375 METRE,18 Nov 2024 13:08:58 GMT,,SUNDAY,SW1,50,425,ENABLED,0,0,DISABLED
5105389640,Bashir vegetables,Store Active,Alexandria,Al Iskandarīyah,00000,"31.21716795,29.94428864",NIOWRAUVUIUQFFLTZGNEG12LN9WTSORSDA2CDSROSTW9NLDPXTQ2EIA2OXM46IXJ,DEX5,M T W T F S S,375 METRE,18 Nov 2024 13:08:58 GMT,,SUNDAY,SW2,50,425,DISABLED,0,0,DISABLED
4718866738,مكتبة الوسام,Store Active,Alexandria,Al Iskandarīyah,00000,"31.212258207628583,29.944514338500706",GTZHSRLFBSKRGVPIUUMQG12LN9WTSORSDA2CDSROSTW9NLDPXTQ2EIA2OX2WCCN7,DEX5,M T W T _ S S,375 METRE,16 Jul 2025 10:33:12 GMT,,MONDAY,SW1,30,425,ENABLED,0,0,DISABLED
4718866738,مكتبة الوسام,Store Active,Alexandria,Al Iskandarīyah,00000,"31.212258207628583,29.944514338500706",GTZHSRLFBSKRGVPIUUMQG12LN9WTSORSDA2CDSROSTW9NLDPXTQ2EIA2OX2WCCN7,DEX5,M T W T _ S S,375 METRE,16 Jul 2025 10:33:12 GMT,,MONDAY,SW2,30,425,DISABLED,0,0,DISABLED
4718866738,مكتبة الوسام,Store Active,Alexandria,Al Iskandarīyah,00000,"31.212258207628583,29.944514338500706",GTZHSRLFBSKRGVPIUUMQG12LN9WTSORSDA2CDSROSTW9NLDPXTQ2EIA2OX2WCCN7,DEX5,M T W T _ S S,375 METRE,16 Jul 2025 10:33:12 GMT,,TUESDAY,SW1,30,425,ENABLED,0,0,DISABLED
4718866738,مكتبة الوسام,Store Active,Alexandria,Al Iskandarīyah,00000,"31.212258207628583,29.944514338500706",GTZHSRLFBSKRGVPIUUMQG12LN9WTSORSDA2CDSROSTW9NLDPXTQ2EIA2OX2WCCN7,DEX5,M T W T _ S S,375 METRE,16 Jul 2025 10:33:12 GMT,,TUESDAY,SW2,30,425,DISABLED,0,0,DISABLED
4718866738,مكتبة الوسام,Store Active,Alexandria,Al Iskandarīyah,00000,"31.212258207628583,29.944514338500706",GTZHSRLFBSKRGVPIUUMQG12LN9WTSORSDA2CDSROSTW9NLDPXTQ2EIA2OX2WCCN7,DEX5,M T W T _ S S,375 METRE,16 Jul 2025 10:33:12 GMT,,WEDNESDAY,SW1,30,425,ENABLED,0,0,DISABLED
4718866738,مكتبة الوسام,Store Active,Alexandria,Al Iskandarīyah,00000,"31.212258207628583,29.944514338500706",GTZHSRLFBSKRGVPIUUMQG12LN9WTSORSDA2CDSROSTW9NLDPXTQ2EIA2OX2WCCN7,DEX5,M T W T _ S S,375 METRE,16 Jul 2025 10:33:12 GMT,,WEDNESDAY,SW2,30,425,DISABLED,0,0,DISABLED
4718866738,مكتبة الوسام,Store Active,Alexandria,Al Iskandarīyah,00000,"31.212258207628583,29.944514338500706",GTZHSRLFBSKRGVPIUUMQG12LN9WTSORSDA2CDSROSTW9NLDPXTQ2EIA2OX2WCCN7,DEX5,M T W T _ S S,375 METRE,16 Jul 2025 10:33:12 GMT,,THURSDAY,SW1,30,425,ENABLED,0,0,DISABLED
4718866738,مكتبة الوسام,Store Active,Alexandria,Al Iskandarīyah,00000,"31.212258207628583,29.944514338500706",GTZHSRLFBSKRGVPIUUMQG12LN9WTSORSDA2CDSROSTW9NLDPXTQ2EIA2OX2WCCN7,DEX5,M T W T _ S S,375 METRE,16 Jul 2025 10:33:12 GMT,,THURSDAY,SW2,30,425,DISABLED,0,0,DISABLED
4718866738,مكتبة الوسام,Store Active,Alexandria,Al Iskandarīyah,00000,"31.212258207628583,29.944514338500706",GTZHSRLFBSKRGVPIUUMQG12LN9WTSORSDA2CDSROSTW9NLDPXTQ2EIA2OX2WCCN7,DEX5,M T W T _ S S,375 METRE,16 Jul 2025 10:33:12 GMT,,FRIDAY,SW1,30,425,ENABLED,0,0,DISABLED
4718866738,مكتبة الوسام,Store Active,Alexandria,Al Iskandarīyah,00000,"31.212258207628583,29.944514338500706",GTZHSRLFBSKRGVPIUUMQG12LN9WTSORSDA2CDSROSTW9NLDPXTQ2EIA2OX2WCCN7,DEX5,M T W T _ S S,375 METRE,16 Jul 2025 10:33:12 GMT,,FRIDAY,SW2,30,425,DISABLED,0,0,DISABLED
4718866738,مكتبة الوسام,Store Active,Alexandria,Al Iskandarīyah,00000,"31.212258207628583,29.944514338500706",GTZHSRLFBSKRGVPIUUMQG12LN9WTSORSDA2CDSROSTW9NLDPXTQ2EIA2OX2WCCN7,DEX5,M T W T _ S S,375 METRE,16 Jul 2025 10:33:12 GMT,,SATURDAY,SW1,30,425,ENABLED,0,0,DISABLED
4718866738,مكتبة الوسام,Store Active,Alexandria,Al Iskandarīyah,00000,"31.212258207628583,29.944514338500706",GTZHSRLFBSKRGVPIUUMQG12LN9WTSORSDA2CDSROSTW9NLDPXTQ2EIA2OX2WCCN7,DEX5,M T W T _ S S,375 METRE,16 Jul 2025 10:33:12 GMT,,SATURDAY,SW2,30,425,DISABLED,0,0,DISABLED
4718866738,مكتبة الوسام,Store Active,Alexandria,Al Iskandarīyah,00000,"31.212258207628583,29.944514338500706",GTZHSRLFBSKRGVPIUUMQG12LN9WTSORSDA2CDSROSTW9NLDPXTQ2EIA2OX2WCCN7,DEX5,M T W T _ S S,375 METRE,16 Jul 2025 10:33:12 GMT,,SUNDAY,SW1,30,425,ENABLED,0,0,DISABLED
4718866738,مكتبة الوسام,Store Active,Alexandria,Al Iskandarīyah,00000,"31.212258207628583,29.944514338500706",GTZHSRLFBSKRGVPIUUMQG12LN9WTSORSDA2CDSROSTW9NLDPXTQ2EIA2OX2WCCN7,DEX5,M T W T _ S S,375 METRE,16 Jul 2025 10:33:12 GMT,,SUNDAY,SW2,30,425,DISABLED,0,0,DISABLED
3494052535,على العجلاتى,Store Active,alexandria,Al Iskandarīyah,00000,"31.2408617856691,29.993223999999998",TBKSLJ447NZGA224UAAMG12LN9WTSORSDA2CDSROSTW9NLDPXTQ2EIA2OXRE3Z3K,DEX5,M T W T _ S S,300 METRE,29 Apr 2026 13:51:24 GMT,,MONDAY,SW1,50,425,ENABLED,0,0,DISABLED
3494052535,على العجلاتى,Store Active,alexandria,Al Iskandarīyah,00000,"31.2408617856691,29.993223999999998",TBKSLJ447NZGA224UAAMG12LN9WTSORSDA2CDSROSTW9NLDPXTQ2EIA2OXRE3Z3K,DEX5,M T W T _ S S,300 METRE,29 Apr 2026 13:51:24 GMT,,MONDAY,SW2,50,425,DISABLED,0,0,DISABLED
3494052535,على العجلاتى,Store Active,alexandria,Al Iskandarīyah,00000,"31.2408617856691,29.993223999999998",TBKSLJ447NZGA224UAAMG12LN9WTSORSDA2CDSROSTW9NLDPXTQ2EIA2OXRE3Z3K,DEX5,M T W T _ S S,300 METRE,29 Apr 2026 13:51:24 GMT,,TUESDAY,SW1,50,425,ENABLED,0,0,DISABLED
3494052535,على العجلاتى,Store Active,alexandria,Al Iskandarīyah,00000,"31.2408617856691,29.993223999999998",TBKSLJ447NZGA224UAAMG12LN9WTSORSDA2CDSROSTW9NLDPXTQ2EIA2OXRE3Z3K,DEX5,M T W T _ S S,300 METRE,29 Apr 2026 13:51:24 GMT,,TUESDAY,SW2,50,425,DISABLED,0,0,DISABLED
3494052535,على العجلاتى,Store Active,alexandria,Al Iskandarīyah,00000,"31.2408617856691,29.993223999999998",TBKSLJ447NZGA224UAAMG12LN9WTSORSDA2CDSROSTW9NLDPXTQ2EIA2OXRE3Z3K,DEX5,M T W T _ S S,300 METRE,29 Apr 2026 13:51:24 GMT,,WEDNESDAY,SW1,50,425,ENABLED,0,0,DISABLED
3494052535,على العجلاتى,Store Active,alexandria,Al Iskandarīyah,00000,"31.2408617856691,29.993223999999998",TBKSLJ447NZGA224UAAMG12LN9WTSORSDA2CDSROSTW9NLDPXTQ2EIA2OXRE3Z3K,DEX5,M T W T _ S S,300 METRE,29 Apr 2026 13:51:24 GMT,,WEDNESDAY,SW2,50,425,DISABLED,0,0,DISABLED
3494052535,على العجلاتى,Store Active,alexandria,Al Iskandarīyah,00000,"31.2408617856691,29.993223999999998",TBKSLJ447NZGA224UAAMG12LN9WTSORSDA2CDSROSTW9NLDPXTQ2EIA2OXRE3Z3K,DEX5,M T W T _ S S,300 METRE,29 Apr 2026 13:51:24 GMT,,THURSDAY,SW1,50,425,ENABLED,0,0,DISABLED
3494052535,على العجلاتى,Store Active,alexandria,Al Iskandarīyah,00000,"31.2408617856691,29.993223999999998",TBKSLJ447NZGA224UAAMG12LN9WTSORSDA2CDSROSTW9NLDPXTQ2EIA2OXRE3Z3K,DEX5,M T W T _ S S,300 METRE,29 Apr 2026 13:51:24 GMT,,THURSDAY,SW2,50,425,DISABLED,0,0,DISABLED
3494052535,على العجلاتى,Store Active,alexandria,Al Iskandarīyah,00000,"31.2408617856691,29.993223999999998",TBKSLJ447NZGA224UAAMG12LN9WTSORSDA2CDSROSTW9NLDPXTQ2EIA2OXRE3Z3K,DEX5,M T W T _ S S,300 METRE,29 Apr 2026 13:51:24 GMT,,FRIDAY,SW1,50,425,ENABLED,0,0,DISABLED
3494052535,على العجلاتى,Store Active,alexandria,Al Iskandarīyah,00000,"31.2408617856691,29.993223999999998",TBKSLJ447NZGA224UAAMG12LN9WTSORSDA2CDSROSTW9NLDPXTQ2EIA2OXRE3Z3K,DEX5,M T W T _ S S,300 METRE,29 Apr 2026 13:51:24 GMT,,FRIDAY,SW2,50,425,DISABLED,0,0,DISABLED
3494052535,على العجلاتى,Store Active,alexandria,Al Iskandarīyah,00000,"31.2408617856691,29.993223999999998",TBKSLJ447NZGA224UAAMG12LN9WTSORSDA2CDSROSTW9NLDPXTQ2EIA2OXRE3Z3K,DEX5,M T W T _ S S,300 METRE,29 Apr 2026 13:51:24 GMT,,SATURDAY,SW1,50,425,ENABLED,0,0,DISABLED
3494052535,على العجلاتى,Store Active,alexandria,Al Iskandarīyah,00000,"31.2408617856691,29.993223999999998",TBKSLJ447NZGA224UAAMG12LN9WTSORSDA2CDSROSTW9NLDPXTQ2EIA2OXRE3Z3K,DEX5,M T W T _ S S,300 METRE,29 Apr 2026 13:51:24 GMT,,SATURDAY,SW2,50,425,DISABLED,0,0,DISABLED
3494052535,على العجلاتى,Store Active,alexandria,Al Iskandarīyah,00000,"31.2408617856691,29.993223999999998",TBKSLJ447NZGA224UAAMG12LN9WTSORSDA2CDSROSTW9NLDPXTQ2EIA2OXRE3Z3K,DEX5,M T W T _ S S,300 METRE,29 Apr 2026 13:51:24 GMT,,SUNDAY,SW1,50,425,ENABLED,0,0,DISABLED
3494052535,على العجلاتى,Store Active,alexandria,Al Iskandarīyah,00000,"31.2408617856691,29.993223999999998",TBKSLJ447NZGA224UAAMG12LN9WTSORSDA2CDSROSTW9NLDPXTQ2EIA2OXRE3Z3K,DEX5,M T W T _ S S,300 METRE,29 Apr 2026 13:51:24 GMT,,SUNDAY,SW2,50,425,DISABLED,0,0,DISABLED
8320226745,الديري2,Store Active,الاسكندريه,Al Iskandarīyah,00000,"31.2421445394339,29.964490911560322",C57AJCOPGJBMAMDX2JJIG12LN9WTSORSDA2CDSROSTW9NLDPXTQ2EIA2OX43QUBJ,DEX5,_ T W T F S S,375 METRE,9 Jul 2024 13:05:55 GMT,,MONDAY,SW1,50,425,ENABLED,0,0,DISABLED
8320226745,الديري2,Store Active,الاسكندريه,Al Iskandarīyah,00000,"31.2421445394339,29.964490911560322",C57AJCOPGJBMAMDX2JJIG12LN9WTSORSDA2CDSROSTW9NLDPXTQ2EIA2OX43QUBJ,DEX5,_ T W T F S S,375 METRE,9 Jul 2024 13:05:55 GMT,,MONDAY,SW2,50,425,DISABLED,0,0,DISABLED
8320226745,الديري2,Store Active,الاسكندريه,Al Iskandarīyah,00000,"31.2421445394339,29.964490911560322",C57AJCOPGJBMAMDX2JJIG12LN9WTSORSDA2CDSROSTW9NLDPXTQ2EIA2OX43QUBJ,DEX5,_ T W T F S S,375 METRE,9 Jul 2024 13:05:55 GMT,,TUESDAY,SW1,50,425,ENABLED,0,0,DISABLED
8320226745,الديري2,Store Active,الاسكندريه,Al Iskandarīyah,00000,"31.2421445394339,29.964490911560322",C57AJCOPGJBMAMDX2JJIG12LN9WTSORSDA2CDSROSTW9NLDPXTQ2EIA2OX43QUBJ,DEX5,_ T W T F S S,375 METRE,9 Jul 2024 13:05:55 GMT,,TUESDAY,SW2,50,425,DISABLED,0,0,DISABLED
8320226745,الديري2,Store Active,الاسكندريه,Al Iskandarīyah,00000,"31.2421445394339,29.964490911560322",C57AJCOPGJBMAMDX2JJIG12LN9WTSORSDA2CDSROSTW9NLDPXTQ2EIA2OX43QUBJ,DEX5,_ T W T F S S,375 METRE,9 Jul 2024 13:05:55 GMT,,WEDNESDAY,SW1,50,425,ENABLED,0,0,DISABLED
8320226745,الديري2,Store Active,الاسكندريه,Al Iskandarīyah,00000,"31.2421445394339,29.964490911560322",C57AJCOPGJBMAMDX2JJIG12LN9WTSORSDA2CDSROSTW9NLDPXTQ2EIA2OX43QUBJ,DEX5,_ T W T F S S,375 METRE,9 Jul 2024 13:05:55 GMT,,WEDNESDAY,SW2,50,425,DISABLED,0,0,DISABLED
8320226745,الديري2,Store Active,الاسكندريه,Al Iskandarīyah,00000,"31.2421445394339,29.964490911560322",C57AJCOPGJBMAMDX2JJIG12LN9WTSORSDA2CDSROSTW9NLDPXTQ2EIA2OX43QUBJ,DEX5,_ T W T F S S,375 METRE,9 Jul 2024 13:05:55 GMT,,THURSDAY,SW1,50,425,ENABLED,0,0,DISABLED
8320226745,الديري2,Store Active,الاسكندريه,Al Iskandarīyah,00000,"31.2421445394339,29.964490911560322",C57AJCOPGJBMAMDX2JJIG12LN9WTSORSDA2CDSROSTW9NLDPXTQ2EIA2OX43QUBJ,DEX5,_ T W T F S S,375 METRE,9 Jul 2024 13:05:55 GMT,,THURSDAY,SW2,50,425,DISABLED,0,0,DISABLED
8320226745,الديري2,Store Active,الاسكندريه,Al Iskandarīyah,00000,"31.2421445394339,29.964490911560322",C57AJCOPGJBMAMDX2JJIG12LN9WTSORSDA2CDSROSTW9NLDPXTQ2EIA2OX43QUBJ,DEX5,_ T W T F S S,375 METRE,9 Jul 2024 13:05:55 GMT,,FRIDAY,SW1,50,425,ENABLED,0,0,DISABLED
8320226745,الديري2,Store Active,الاسكندريه,Al Iskandarīyah,00000,"31.2421445394339,29.964490911560322",C57AJCOPGJBMAMDX2JJIG12LN9WTSORSDA2CDSROSTW9NLDPXTQ2EIA2OX43QUBJ,DEX5,_ T W T F S S,375 METRE,9 Jul 2024 13:05:55 GMT,,FRIDAY,SW2,50,425,DISABLED,0,0,DISABLED
8320226745,الديري2,Store Active,الاسكندريه,Al Iskandarīyah,00000,"31.2421445394339,29.964490911560322",C57AJCOPGJBMAMDX2JJIG12LN9WTSORSDA2CDSROSTW9NLDPXTQ2EIA2OX43QUBJ,DEX5,_ T W T F S S,375 METRE,9 Jul 2024 13:05:55 GMT,,SATURDAY,SW1,50,425,ENABLED,0,0,DISABLED
8320226745,الديري2,Store Active,الاسكندريه,Al Iskandarīyah,00000,"31.2421445394339,29.964490911560322",C57AJCOPGJBMAMDX2JJIG12LN9WTSORSDA2CDSROSTW9NLDPXTQ2EIA2OX43QUBJ,DEX5,_ T W T F S S,375 METRE,9 Jul 2024 13:05:55 GMT,,SATURDAY,SW2,50,425,DISABLED,0,0,DISABLED
8320226745,الديري2,Store Active,الاسكندريه,Al Iskandarīyah,00000,"31.2421445394339,29.964490911560322",C57AJCOPGJBMAMDX2JJIG12LN9WTSORSDA2CDSROSTW9NLDPXTQ2EIA2OX43QUBJ,DEX5,_ T W T F S S,375 METRE,9 Jul 2024 13:05:55 GMT,,SUNDAY,SW1,50,425,ENABLED,0,0,DISABLED
8320226745,الديري2,Store Active,الاسكندريه,Al Iskandarīyah,00000,"31.2421445394339,29.964490911560322",C57AJCOPGJBMAMDX2JJIG12LN9WTSORSDA2CDSROSTW9NLDPXTQ2EIA2OX43QUBJ,DEX5,_ T W T F S S,375 METRE,9 Jul 2024 13:05:55 GMT,,SUNDAY,SW2,50,425,DISABLED,0,0,DISABLED